type,x,y
curve,0.0,0.0
curve,0.0006696879774547728,0.02658562297068383
curve,0.0013393759549095456,0.03763312664571854
curve,0.0020090639323643183,0.04612422625514715
curve,0.002678751909819091,0.05329202219198656
curve,0.003348439887273864,0.05961414093323058
curve,0.004018127864728637,0.0653355355531454
curve,0.0046878158421834095,0.0706017173951923
curve,0.005357503819638182,0.07550749362410322
curve,0.006027191797092955,0.08011871631516491
curve,0.006696879774547728,0.08448333097817427
curve,0.007366567752002501,0.08863753177532674
curve,0.008036255729457273,0.09260943726646258
curve,0.008705943706912047,0.09642140805625285
curve,0.009375631684366819,0.10009157350185847
curve,0.010045319661821593,0.10363487431840952
curve,0.010715007639276365,0.10706379644118977
curve,0.011384695616731137,0.1103889010385505
curve,0.01205438359418591,0.11361921588658298
curve,0.012724071571640683,0.11676253000924672
curve,0.013393759549095456,0.11982561929434492
curve,0.014063447526550229,0.12281442187634392
curve,0.014733135504005002,0.1257341763148592
curve,0.015402823481459774,0.12858953178287405
curve,0.016072511458914546,0.13138463689750782
curve,0.01674219943636932,0.1341232120449588
curve,0.017411887413824094,0.13680860880017603
curve,0.018081575391278866,0.13944385914884347
curve,0.018751263368733638,0.1420317165724761
curve,0.01942095134618841,0.14457469058262187
curve,0.020090639323643186,0.14707507593728053
curve,0.020760327301097958,0.1495349775073742
curve,0.02143001527855273,0.1519563315595777
curve,0.0220997032560075,0.1543409240672067
curve,0.022769391233462274,0.15669040654117122
curve,0.02343907921091705,0.15900630977953975
curve,0.02410876718837182,0.16129005586071057
curve,0.024778455165826593,0.16354296864686158
curve,0.025448143143281365,0.16576628301778404
curve,0.02611783112073614,0.16796115301777295
curve,0.026787519098190913,0.17012865906797672
curve,0.027457207075645685,0.17226981437197905
curve,0.028126895053100457,0.17438557062224225
curve,0.02879658303055523,0.17647682309847007
curve,0.029466271008010005,0.17854441523525796
curve,0.030135958985464777,0.18058914272502635
curve,0.03080564696291955,0.1826117572127482
curve,0.03147533494037432,0.1846129696310355
curve,0.03214502291782909,0.18659345321746607
curve,0.032814710895283865,0.1885538462503867
curve,0.03348439887273864,0.19049475453464507
curve,0.034154086850193416,0.19241675366463099
curve,0.03482377482764819,0.19432039108853547
curve,0.03549346280510296,0.19620618799475964
curve,0.03616315078255773,0.19807464103884895
curve,0.036832838760012504,0.19992622392712692
curve,0.037502526737467276,0.20176138887129785
curve,0.03817221471492205,0.20358056792663975
curve,0.03884190269237682,0.20538417422497401
curve,0.03951159066983159,0.20717260311235042
curve,0.04018127864728637,0.20894623320029507
curve,0.04085096662474114,0.2107054273385146
curve,0.041520654602195915,0.21245053351611135
curve,0.04219034257965069,0.21418188569762725
curve,0.04286003055710546,0.2158998045995862
curve,0.04352971853456023,0.2176045984126289
curve,0.044199406512015,0.21929656347382814
curve,0.044869094489469775,0.22097598489332096
curve,0.04553878246692455,0.2226431371389959
curve,0.046208470444379326,0.22429828458261558
curve,0.0468781584218341,0.2259416820104385
curve,0.04754784639928887,0.22757357510112042
curve,0.04821753437674364,0.22919420087342196
curve,0.048887222354198415,0.23080378810602087
curve,0.04955691033165319,0.2324025577315244
curve,0.05022659830910796,0.2339907232065938
curve,0.05089628628656273,0.23556849085992662
curve,0.0515659742640175,0.23713606021969463
curve,0.05223566224147228,0.23869362432190083
curve,0.052905350218927054,0.24024137000099627
curve,0.053575038196381826,0.24177947816398923
curve,0.0542447261738366,0.24330812404917715
curve,0.05491441415129137,0.24482747747054345
curve,0.05558410212874614,0.2463377030487781
curve,0.056253790106200914,0.24783896042980486
curve,0.056923478083655686,0.2493314044916322
curve,0.05759316606111046,0.2508151855402807
curve,0.05826285403856524,0.25229044949548396
curve,0.05893254201602001,0.25375733806680734
curve,0.05960222999347478,0.25521598892078307
curve,0.06027191797092955,0.25666653583961385
curve,0.060941605948384325,0.2581091088719602
curve,0.0616112939258391,0.25954383447628826
curve,0.06228098190329387,0.26097083565722196
curve,0.06295066988074864,0.2623902320953119
curve,0.06362035785820341,0.2638021402706054
curve,0.06429004583565819,0.2652066735803764
curve,0.06495973381311296,0.2666039424513476
curve,0.06562942179056773,0.2679940544467179
curve,0.0662991097680225,0.2693771143682851
curve,0.06696879774547727,0.2707532243539358
curve,0.06763848572293206,0.27212248397075756
curve,0.06830817370038683,0.2734849903040097
curve,0.0689778616778416,0.27484083804217724
curve,0.06964754965529638,0.2761901195583155
curve,0.07031723763275115,0.2775329249878814
curve,0.07098692561020592,0.2788693423032355
curve,0.07165661358766069,0.2801994573849866
curve,0.07232630156511546,0.28152335409034124
curve,0.07299598954257024,0.28284111431861025
curve,0.07366567752002501,0.28415281807401555
curve,0.07433536549747978,0.2854585435259315
curve,0.07500505347493455,0.28675836706668856
curve,0.07567474145238932,0.2880523633670579
curve,0.0763444294298441,0.2893406054295299
curve,0.07701411740729887,0.29062316463949267
curve,0.07768380538475364,0.2919001108144115
curve,0.07835349336220841,0.29317151225110294
curve,0.07902318133966318,0.2944374357711929
curve,0.07969286931711797,0.29569794676484484
curve,0.08036255729457274,0.29695310923283524
curve,0.08103224527202751,0.2982029858270546
curve,0.08170193324948229,0.29944763788950346
curve,0.08237162122693706,0.3006871254898523
curve,0.08304130920439183,0.30192150746162927
curve,0.0837109971818466,0.3031508414370952
curve,0.08438068515930137,0.30437518388086654
curve,0.08505037313675615,0.305594590122337
curve,0.08572006111421092,0.30680911438695313
curve,0.08638974909166569,0.3080188098263908
curve,0.08705943706912046,0.30922372854768065
curve,0.08772912504657523,0.31042392164132626
curve,0.08839881302403,0.3116194392084573
curve,0.08906850100148478,0.3128103303870586
curve,0.08973818897893955,0.31399664337731176
curve,0.09040787695639432,0.31517842546608726
curve,0.0910775649338491,0.3163557230506208
curve,0.09174725291130387,0.3175285816614067
curve,0.09241694088875865,0.3186970459843402
curve,0.09308662886621343,0.31986115988213837
curve,0.0937563168436682,0.3210209664150682
curve,0.09442600482112297,0.3221765078610088
curve,0.09509569279857774,0.3233278257348739
curve,0.09576538077603251,0.32447496080741917
curve,0.09643506875348729,0.3256179531234586
curve,0.09710475673094206,0.32675684201951133
curve,0.09777444470839683,0.32789166614090187
curve,0.0984441326858516,0.3290224634583331
curve,0.09911382066330637,0.3301492712839526
curve,0.09978350864076115,0.3312721262869306
curve,0.10045319661821592,0.3323910645085675
curve,0.10112288459567069,0.333506121376949
curve,0.10179257257312546,0.33461733172116437
curve,0.10246226055058023,0.33572472978510354
curve,0.103131948528035,0.3368283492408496
curve,0.10380163650548978,0.3379282232016791
curve,0.10447132448294456,0.3390243842346859
curve,0.10514101246039934,0.34011686437304034
curve,0.10581070043785411,0.3412056951278978
curve,0.10648038841530888,0.34229090749996754
curve,0.10715007639276365,0.34337253199075474
curve,0.10781976437021842,0.3444505986134862
curve,0.1084894523476732,0.3455251369037306
curve,0.10915914032512797,0.34659617592972436
curve,0.10982882830258274,0.34766374430241176
curve,0.11049851628003751,0.3487278701852102
curve,0.11116820425749228,0.34978858130350887
curve,0.11183789223494706,0.3508459049539099
curve,0.11250758021240183,0.3518998680132207
curve,0.1131772681898566,0.3529504969472057
curve,0.11384695616731137,0.35399781781910383
curve,0.11451664414476614,0.3550418562979226
curve,0.11518633212222092,0.3560826376665119
curve,0.11585602009967569,0.35712018682942753
curve,0.11652570807713047,0.35815452832059036
curve,0.11719539605458525,0.35918568631074665
curve,0.11786508403204002,0.36021368461473713
curve,0.11853477200949479,0.3612385466985797
curve,0.11920445998694956,0.36226029568637247
curve,0.11987414796440433,0.3632789543670222
curve,0.1205438359418591,0.36429454520080284
curve,0.12121352391931388,0.36530709032575115
curve,0.12188321189676865,0.3663166115639022
curve,0.12255289987422342,0.3673231304273716
curve,0.1232225878516782,0.3683266681242873
curve,0.12389227582913297,0.36932724556457647
curve,0.12456196380658774,0.3703248833656123
curve,0.12523165178404252,0.37131960185772267
curve,0.12590133976149728,0.37231142108956755
curve,0.12657102773895207,0.373300360833387
curve,0.12724071571640683,0.3742864405901239
curve,0.1279104036938616,0.37526967959442586
curve,0.12858009167131637,0.3762500968195286
curve,0.12924977964877116,0.3772277109820255
curve,0.12991946762622592,0.37820254054652525
curve,0.1305891556036807,0.3791746037302017
curve,0.13125884358113546,0.3801439185072383
curve,0.13192853155859025,0.38111050261317075
curve,0.132598219536045,0.38207437354913054
curve,0.1332679075134998,0.38303554858599115
curve,0.13393759549095455,0.38399404476842114
curve,0.13460728346840933,0.3849498789188459
curve,0.13527697144586412,0.38590306764132043
curve,0.13594665942331888,0.3868536273253153
curve,0.13661634740077366,0.38780157414941974
curve,0.13728603537822842,0.3887469240849617
curve,0.1379557233556832,0.38968969289954936
curve,0.13862541133313797,0.3906298961605343
curve,0.13929509931059275,0.39156754923840026
curve,0.1399647872880475,0.3925026673100775
curve,0.1406344752655023,0.39343526536218637
curve,0.14130416324295705,0.3943653581942112
curve,0.14197385122041184,0.39529296042160605
curve,0.1426435391978666,0.39621808647883466
curve,0.14331322717532138,0.3971407506223466
curve,0.14398291515277614,0.39806096693348925
curve,0.14465260313023093,0.3989787493213608
curve,0.14532229110768569,0.399894111525602
curve,0.14599197908514047,0.40080706711913067
curve,0.14666166706259523,0.40171762951081963
curve,0.14733135504005002,0.40262581194811947
curve,0.1480010430175048,0.40353162751962735
curve,0.14867073099495956,0.4044350891576038
curve,0.14934041897241435,0.40533620964043804
curve,0.1500101069498691,0.4062350015950637
curve,0.1506797949273239,0.40713147749932604
curve,0.15134948290477865,0.4080256496843009
curve,0.15201917088223343,0.40891753033656875
curve,0.1526888588596882,0.40980713150044223
curve,0.15335854683714298,0.4106944650801506
curve,0.15402823481459774,0.41157954284198056
curve,0.15469792279205252,0.4124623764163754
curve,0.15536761076950728,0.41334297729999303
curve,0.15603729874696207,0.4142213568577243
curve,0.15670698672441682,0.4150975263246715
curve,0.1573766747018716,0.41597149680808987
curve,0.15804636267932637,0.41684327928929055
curve,0.15871605065678115,0.41771288462550804
curve,0.15938573863423594,0.4185803235517321
curve,0.1600554266116907,0.4194456066825042
curve,0.16072511458914548,0.42030874451368105
curve,0.16139480256660024,0.4211697474241641
curve,0.16206449054405503,0.4220286256775971
curve,0.1627341785215098,0.42288538942403187
curve,0.16340386649896457,0.42374004870156357
curve,0.16407355447641933,0.4245926134379344
curve,0.16474324245387412,0.4254430934521099
curve,0.16541293043132888,0.4262914984558241
curve,0.16608261840878366,0.4271378380550982
curve,0.16675230638623842,0.42798212175173006
curve,0.1674219943636932,0.42882435894475834
curve,0.16809168234114796,0.4296645589318987
curve,0.16876137031860275,0.4305027309109549
curve,0.1694310582960575,0.43133888398120485
curve,0.1701007462735123,0.4321730271447612
curve,0.17077043425096705,0.4330051693079081
curve,0.17144012222842184,0.43383531928241503
curve,0.17210981020587662,0.43466348578682545
curve,0.17277949818333138,0.43548967744772527
curve,0.17344918616078617,0.4363139028009873
curve,0.17411887413824093,0.4371361702929947
curve,0.1747885621156957,0.4379564882818432
curve,0.17545825009315047,0.43877486503852225
curve,0.17612793807060526,0.4395913087480762
curve,0.17679762604806,0.4404058275107449
curve,0.1774673140255148,0.44121842934308547
curve,0.17813700200296956,0.44202912217907436
curve,0.17880668998042434,0.4428379138711912
curve,0.1794763779578791,0.4436448121914837
curve,0.1801460659353339,0.44444982483261547
curve,0.18081575391278865,0.445252959408895
curve,0.18148544189024343,0.44605422345728873
curve,0.1821551298676982,0.44685362443841614
curve,0.18282481784515298,0.44765116973752916
curve,0.18349450582260773,0.44844686666547434
curve,0.18416419380006252,0.44924072245964053
curve,0.1848338817775173,0.4500327442848895
curve,0.18550356975497206,0.4508229392344723
curve,0.18617325773242685,0.4516113143309305
curve,0.1868429457098816,0.45239787652698216
curve,0.1875126336873364,0.4531826327063944
curve,0.18818232166479115,0.4539655896848411
curve,0.18885200964224594,0.4547467542107468
curve,0.1895216976197007,0.4555261329661178
curve,0.19019138559715548,0.45630373256735934
curve,0.19086107357461024,0.4570795595660795
curve,0.19153076155206503,0.45785362044988126
curve,0.19220044952951978,0.458625921643141
curve,0.19287013750697457,0.4593964695077757
curve,0.19353982548442933,0.4601652703439969
curve,0.19420951346188411,0.46093233039105447
curve,0.19487920143933887,0.4616976558279667
curve,0.19554888941679366,0.46246125277424116
curve,0.19621857739424844,0.4632231272905828
curve,0.1968882653717032,0.46398328537959155
curve,0.197557953349158,0.4647417329864499
curve,0.19822764132661275,0.4654984759995987
curve,0.19889732930406753,0.4662535202514035
curve,0.1995670172815223,0.46700687151881015
curve,0.20023670525897708,0.4677585355239914
curve,0.20090639323643184,0.46850851793498205
curve,0.20157608121388662,0.4692568243663064
curve,0.20224576919134138,0.47000346037959456
curve,0.20291545716879617,0.47074843148419077
curve,0.20358514514625092,0.4714917431377519
curve,0.2042548331237057,0.4722334007468371
curve,0.20492452110116047,0.472973409667489
curve,0.20559420907861525,0.47371177520580615
curve,0.20626389705607,0.4744485026185066
curve,0.2069335850335248,0.475183597113484
curve,0.20760327301097956,0.47591706385035476
curve,0.20827296098843434,0.47664890794099746
curve,0.20894264896588913,0.4773791344500844
curve,0.20961233694334389,0.4781077483956057
curve,0.21028202492079867,0.47883475474938547
curve,0.21095171289825343,0.4795601584375902
curve,0.21162140087570822,0.48028396434123066
curve,0.21229108885316297,0.4810061772966559
curve,0.21296077683061776,0.48172680209604035
curve,0.21363046480807252,0.48244584348786423
curve,0.2143001527855273,0.48316330617738645
curve,0.21496984076298206,0.48387919482711167
curve,0.21563952874043685,0.48459351405725026
curve,0.2163092167178916,0.48530626844617136
curve,0.2169789046953464,0.4860174625308507
curve,0.21764859267280115,0.48672710080731074
curve,0.21831828065025594,0.48743518773105604
curve,0.2189879686277107,0.4881417277175011
curve,0.21965765660516548,0.4888467251423939
curve,0.22032734458262024,0.48955018434223185
curve,0.22099703256007502,0.49025210961467347
curve,0.2216667205375298,0.4909525052189432
curve,0.22233640851498457,0.49165137537623144
curve,0.22300609649243935,0.49234872427008913
curve,0.2236757844698941,0.49304455604681596
curve,0.2243454724473489,0.49373887481584455
curve,0.22501516042480366,0.49443168465011855
curve,0.22568484840225844,0.4951229895864659
curve,0.2263545363797132,0.4958127936259673
curve,0.227024224357168,0.4965011007343189
curve,0.22769391233462274,0.4971879148421912
curve,0.22836360031207753,0.49787323984558235
curve,0.2290332882895323,0.4985570796061665
curve,0.22970297626698707,0.49923943795163916
curve,0.23037266424444183,0.49992031867605535
curve,0.23104235222189662,0.5005997255401657
curve,0.23171204019935138,0.5012776622717467
curve,0.23238172817680616,0.5019541325659269
curve,0.23305141615426095,0.502629140085509
curve,0.2337211041317157,0.5033026884612877
curve,0.2343907921091705,0.503974781292363
curve,0.23506048008662525,0.50464542214645
curve,0.23573016806408004,0.5053146145601844
curve,0.2363998560415348,0.5059823620394237
curve,0.23706954401898958,0.5066486680595448
curve,0.23773923199644434,0.507313536065738
curve,0.23840891997389912,0.5079769694732972
curve,0.23907860795135388,0.5086389716679052
curve,0.23974829592880867,0.5092995460059173
curve,0.24041798390626343,0.5099586958146397
curve,0.2410876718837182,0.510616424392605
curve,0.24175735986117297,0.511272735009844
curve,0.24242704783862776,0.5119276309081544
curve,0.24309673581608252,0.5125811153013656
curve,0.2437664237935373,0.5132331913756005
curve,0.24443611177099206,0.5138838622895336
curve,0.24510579974844685,0.514533131174647
curve,0.24577548772590163,0.5151810011354813
curve,0.2464451757033564,0.5158274752498848
curve,0.24711486368081118,0.5164725565692597
curve,0.24778455165826593,0.517116248118804
curve,0.24845423963572072,0.5177585528977513
curve,0.24912392761317548,0.5183994738796079
curve,0.24979361559063026,0.5190390140123863
curve,0.25046330356808505,0.5196771762188357
curve,0.2511329915455398,0.5203139633966701
curve,0.25180267952299457,0.5209493784187944
curve,0.2524723675004493,0.5215834241335255
curve,0.25314205547790414,0.5222161033648133
curve,0.2538117434553589,0.5228474189124568
curve,0.25448143143281365,0.5234773735523187
curve,0.2551511194102684,0.5241059700365386
curve,0.2558208073877232,0.5247332110937398
curve,0.256490495365178,0.525359099429238
curve,0.25716018334263274,0.5259836377252451
curve,0.25782987132008756,0.5266068286410704
curve,0.2584995592975423,0.5272286748133209
curve,0.25916924727499707,0.5278491788560973
curve,0.25983893525245183,0.5284683433611898
curve,0.26050862322990664,0.5290861708982689
curve,0.2611783112073614,0.5297026640150773
curve,0.26184799918481616,0.5303178252376161
curve,0.2625176871622709,0.5309316570703312
curve,0.26318737513972573,0.5315441619962966
curve,0.2638570631171805,0.532155342477395
curve,0.26452675109463525,0.5327652009544981
curve,0.26519643907209,0.5333737398476421
curve,0.2658661270495448,0.5339809615562042
curve,0.2665358150269996,0.5345868684590741
curve,0.26720550300445434,0.5351914629148252
curve,0.2678751909819091,0.5357947472618845
curve,0.2685448789593639,0.5363967238186977
curve,0.26921456693681867,0.5369973948838962
curve,0.2698842549142734,0.5375967627364583
curve,0.27055394289172824,0.5381948296358717
curve,0.271223630869183,0.5387915978222921
curve,0.27189331884663775,0.5393870695167012
curve,0.2725630068240925,0.5399812469210621
curve,0.2732326948015473,0.540574132218473
curve,0.2739023827790021,0.5411657275733202
curve,0.27457207075645684,0.5417560351314273
curve,0.2752417587339116,0.5423450570202054
curve,0.2759114467113664,0.5429327953487985
curve,0.2765811346888212,0.5435192522082298
curve,0.27725082266627593,0.5441044296715459
curve,0.2779205106437307,0.5446883297939574
curve,0.2785901986211855,0.545270954612981
curve,0.27925988659864026,0.5458523061485769
curve,0.279929574576095,0.5464323864032876
curve,0.2805992625535498,0.5470111973623728
curve,0.2812689505310046,0.5475887409939437
curve,0.28193863850845935,0.5481650192490961
curve,0.2826083264859141,0.5487400340620416
curve,0.2832780144633689,0.5493137873502377
curve,0.2839477024408237,0.5498862810145158
curve,0.28461739041827844,0.550457516939208
curve,0.2852870783957332,0.5510274969922735
curve,0.285956766373188,0.5515962230254227
curve,0.28662645435064277,0.5521636968742385
curve,0.2872961423280975,0.5527299203582997
curve,0.2879658303055523,0.5532948952813006
curve,0.2886355182830071,0.5538586234311688
curve,0.28930520626046186,0.554421106580184
curve,0.2899748942379166,0.5549823464850935
curve,0.29064458221537137,0.5555423448872279
curve,0.2913142701928262,0.5561011035126133
curve,0.29198395817028094,0.5566586240720857
curve,0.2926536461477357,0.5572149082614007
curve,0.29332333412519046,0.5577699577613446
curve,0.2939930221026453,0.5583237742378425
curve,0.29466271008010003,0.558876359342066
curve,0.2953323980575548,0.5594277147105409
curve,0.2960020860350096,0.5599778419652506
curve,0.29667177401246436,0.5605267427137417
curve,0.2973414619899191,0.561074418549227
curve,0.2980111499673739,0.5616208710506871
curve,0.2986808379448287,0.5621661017829718
curve,0.29935052592228345,0.5627101122968985
curve,0.3000202138997382,0.5632529041293534
curve,0.30068990187719297,0.5637944788033871
curve,0.3013595898546478,0.5643348378283122
curve,0.30202927783210254,0.5648739826997985
curve,0.3026989658095573,0.5654119148999681
curve,0.30336865378701205,0.565948635897489
curve,0.30403834176446687,0.5664841471476668
curve,0.3047080297419216,0.5670184500925377
curve,0.3053777177193764,0.567551546160958
curve,0.30604740569683114,0.5680834367686949
curve,0.30671709367428596,0.568614123318514
curve,0.3073867816517407,0.5691436072002679
curve,0.3080564696291955,0.5696718897909835
curve,0.3087261576066503,0.5701989724549471
curve,0.30939584558410504,0.5707248565437898
curve,0.3100655335615598,0.5712495433965721
curve,0.31073522153901456,0.5717730343398666
curve,0.3114049095164694,0.572295330687841
curve,0.31207459749392413,0.5728164337423389
curve,0.3127442854713789,0.5733363447929617
curve,0.31341397344883365,0.5738550651171473
curve,0.31408366142628846,0.5743725959802504
curve,0.3147533494037432,0.5748889386356187
curve,0.315423037381198,0.5754040943246731
curve,0.31609272535865274,0.5759180642769819
curve,0.31676241333610755,0.5764308497103376
curve,0.3174321013135623,0.5769424518308328
curve,0.31810178929101707,0.5774528718329321
curve,0.3187714772684719,0.5779621108995486
curve,0.31944116524592664,0.5784701702021134
curve,0.3201108532233814,0.578977050900651
curve,0.32078054120083616,0.5794827541438472
curve,0.32145022917829097,0.5799872810691225
curve,0.3221199171557457,0.5804906328026993
curve,0.3227896051332005,0.580992810459673
curve,0.32345929311065524,0.5814938151440794
curve,0.32412898108811006,0.5819936479489624
curve,0.3247986690655648,0.582492309956441
curve,0.3254683570430196,0.5829898022377753
curve,0.32613804502047433,0.5834861258534332
curve,0.32680773299792915,0.5839812818531536
curve,0.3274774209753839,0.5844752712760116
curve,0.32814710895283866,0.5849680951504825
curve,0.3288167969302934,0.5854597544945036
curve,0.32948648490774823,0.5859502503155376
curve,0.330156172885203,0.5864395836106332
curve,0.33082586086265775,0.5869277553664872
curve,0.33149554884011256,0.587414766559504
curve,0.3321652368175673,0.5879006181558557
curve,0.3328349247950221,0.5883853111115417
curve,0.33350461277247684,0.5888688463724463
curve,0.33417430074993165,0.5893512248743977
curve,0.3348439887273864,0.5898324475432247
curve,0.33551367670484117,0.5903125152948135
curve,0.3361833646822959,0.5907914290351647
curve,0.33685305265975074,0.5912691896604476
curve,0.3375227406372055,0.5917457980570564
curve,0.33819242861466026,0.5922212551016642
curve,0.338862116592115,0.5926955616612776
curve,0.33953180456956983,0.5931687185932887
curve,0.3402014925470246,0.5936407267455294
curve,0.34087118052447934,0.5941115869563229
curve,0.3415408685019341,0.5945813000545364
curve,0.3422105564793889,0.5950498668596308
curve,0.3428802444568437,0.5955172881817128
curve,0.34354993243429843,0.595983564821585
curve,0.34421962041175325,0.5964486975707947
curve,0.344889308389208,0.596912687211684
curve,0.34555899636666276,0.5973755345174385
curve,0.3462286843441175,0.5978372402521346
curve,0.34689837232157233,0.5982978051707885
curve,0.3475680602990271,0.598757230019402
curve,0.34823774827648185,0.5992155155350108
curve,0.3489074362539366,0.5996726624457298
curve,0.3495771242313914,0.6001286714707988
curve,0.3502468122088462,0.6005835433206282
curve,0.35091650018630094,0.6010372786968442
curve,0.3515861881637557,0.6014898782923324
curve,0.3522558761412105,0.6019413427912821
curve,0.35292556411866527,0.6023916728692303
curve,0.35359525209612,0.6028408691931041
curve,0.3542649400735748,0.6032889324212636
curve,0.3549346280510296,0.603735863203544
curve,0.35560431602848436,0.6041816621812977
curve,0.3562740040059391,0.6046263299874347
curve,0.35694369198339393,0.6050698672464649
curve,0.3576133799608487,0.6055122745745373
curve,0.35828306793830345,0.6059535525794807
curve,0.3589527559157582,0.6063937018608434
curve,0.359622443893213,0.606832723009932
curve,0.3602921318706678,0.6072706166098508
curve,0.36096181984812253,0.6077073832355397
curve,0.3616315078255773,0.6081430234538125
curve,0.3623011958030321,0.6085775378233952
curve,0.36297088378048686,0.6090109268949613
curve,0.3636405717579416,0.6094431912111712
curve,0.3643102597353964,0.6098743313067067
curve,0.3649799477128512,0.6103043477083083
curve,0.36564963569030595,0.6107332409348101
curve,0.3663193236677607,0.6111610114971762
curve,0.36698901164521547,0.6115876598985341
curve,0.3676586996226703,0.6120131866342111
curve,0.36832838760012504,0.6124375921917674
curve,0.3689980755775798,0.6128608770510302
curve,0.3696677635550346,0.6132830416841278
curve,0.37033745153248937,0.6137040865555219
curve,0.37100713950994413,0.6141240121220413
curve,0.3716768274873989,0.6145428188329137
curve,0.3723465154648537,0.6149605071297983
curve,0.37301620344230846,0.6153770774468178
curve,0.3736858914197632,0.6157925302105889
curve,0.374355579397218,0.6162068658402546
curve,0.3750252673746728,0.6166200847475145
curve,0.37569495535212755,0.617032187336655
curve,0.3763646433295823,0.6174431740045799
curve,0.37703433130703706,0.6178530451408399
curve,0.3777040192844919,0.6182618011276629
curve,0.37837370726194663,0.6186694423399816
curve,0.3790433952394014,0.619075969145464
curve,0.3797130832168562,0.619481381904541
curve,0.38038277119431096,0.6198856809704353
curve,0.3810524591717657,0.6202888666891886
curve,0.3817221471492205,0.6206909393996894
curve,0.3823918351266753,0.6210918994337016
curve,0.38306152310413005,0.6214917471158892
curve,0.3837312110815848,0.6218904827638454
curve,0.38440089905903957,0.6222881066881172
curve,0.3850705870364944,0.6226846191922331
curve,0.38574027501394914,0.6230800205727272
curve,0.3864099629914039,0.6234743111191663
curve,0.38707965096885866,0.623867491114175
curve,0.38774933894631347,0.6242595608334597
curve,0.38841902692376823,0.6246505205458341
curve,0.389088714901223,0.6250403705132437
curve,0.38975840287867775,0.6254291109907897
curve,0.39042809085613256,0.6258167422267527
curve,0.3910977788335873,0.6262032644626168
curve,0.3917674668110421,0.6265886779330925
curve,0.3924371547884969,0.6269729828661401
curve,0.39310684276595165,0.6273561794829925
curve,0.3937765307434064,0.6277382679981772
curve,0.39444621872086116,0.6281192486195394
curve,0.395115906698316,0.6284991215482635
curve,0.39578559467577074,0.628877886978895
curve,0.3964552826532255,0.6292555450993618
curve,0.39712497063068025,0.6296320960909956
curve,0.39779465860813507,0.6300075401285534
curve,0.3984643465855898,0.6303818773802372
curve,0.3991340345630446,0.6307551080077155
curve,0.39980372254049934,0.6311272321661427
curve,0.40047341051795415,0.63149825000418
curve,0.4011430984954089,0.631868161664014
curve,0.40181278647286367,0.6322369672813776
curve,0.40248247445031843,0.6326046669855679
curve,0.40315216242777324,0.6329712608994664
curve,0.403821850405228,0.6333367491395572
curve,0.40449153838268276,0.6337011318159451
curve,0.40516122636013757,0.6340644090323753
curve,0.40583091433759233,0.6344265808862499
curve,0.4065006023150471,0.6347876474686472
curve,0.40717029029250185,0.6351476088643381
curve,0.40783997826995666,0.6355064651518043
curve,0.4085096662474114,0.6358642164032553
curve,0.4091793542248662,0.6362208626846452
curve,0.40984904220232093,0.6365764040556895
curve,0.41051873017977575,0.6369308405698817
curve,0.4111884181572305,0.6372841722745097
curve,0.41185810613468526,0.6376363992106714
curve,0.41252779411214,0.6379875214132906
curve,0.41319748208959484,0.6383375389111338
curve,0.4138671700670496,0.6386864517268235
curve,0.41453685804450435,0.6390342598768556
curve,0.4152065460219591,0.6393809633716128
curve,0.4158762339994139,0.6397265622153804
curve,0.4165459219768687,0.6400710564063599
curve,0.41721560995432344,0.6404144459366842
curve,0.41788529793177825,0.6407567307924317
curve,0.418554985909233,0.6410979109536397
curve,0.41922467388668777,0.6414379863943184
curve,0.41989436186414253,0.6417769570824646
curve,0.42056404984159734,0.6421148229800752
curve,0.4212337378190521,0.6424515840431596
curve,0.42190342579650686,0.6427872402217534
curve,0.4225731137739616,0.6431217914599306
curve,0.42324280175141643,0.6434552376958167
curve,0.4239124897288712,0.6437875788616007
curve,0.42458217770632595,0.6441188148835466
curve,0.4252518656837807,0.6444489456820071
curve,0.4259215536612355,0.6447779711714332
curve,0.4265912416386903,0.6451058912603879
curve,0.42726092961614504,0.6454327058515555
curve,0.4279306175935998,0.6457584148417543
curve,0.4286003055710546,0.6460830181219475
curve,0.42926999354850937,0.6464065155772523
curve,0.4299396815259641,0.6467289070869533
curve,0.43060936950341894,0.6470501925245105
curve,0.4312790574808737,0.6473703717575705
curve,0.43194874545832845,0.6476894446479772
curve,0.4326184334357832,0.64800741105178
curve,0.433288121413238,0.6483242708192455
curve,0.4339578093906928,0.6486400237948653
curve,0.43462749736814754,0.6489546698173663
curve,0.4352971853456023,0.6492682087197196
curve,0.4359668733230571,0.6495806403291493
curve,0.43663656130051187,0.6498919644671414
curve,0.43730624927796663,0.6502021809494526
curve,0.4379759372554214,0.6505112895861184
curve,0.4386456252328762,0.6508192901814616
curve,0.43931531321033096,0.6511261825341003
curve,0.4399850011877857,0.6514319664369556
curve,0.4406546891652405,0.6517366416772599
curve,0.4413243771426953,0.6520402080365635
curve,0.44199406512015005,0.652342665290743
curve,0.4426637530976048,0.6526440132100081
curve,0.4433334410750596,0.6529442515589082
curve,0.4440031290525144,0.6532433800963401
curve,0.44467281702996914,0.6535413985755536
curve,0.4453425050074239,0.6538383067441597
curve,0.4460121929848787,0.6541341043441348
curve,0.44668188096233347,0.6544287911118287
curve,0.4473515689397882,0.65472236677797
curve,0.448021256917243,0.6550148310676714
curve,0.4486909448946978,0.6553061837004365
curve,0.44936063287215255,0.655596424390164
curve,0.4500303208496073,0.6558855528451542
curve,0.45070000882706207,0.6561735687681135
curve,0.4513696968045169,0.6564604718561601
curve,0.45203938478197164,0.6567462618008278
curve,0.4527090727594264,0.6570309382880718
curve,0.4533787607368812,0.6573145009982725
curve,0.454048448714336,0.6575969496062399
curve,0.45471813669179073,0.6578782837812189
curve,0.4553878246692455,0.6581585031868913
curve,0.4560575126467003,0.6584376074813817
curve,0.45672720062415506,0.6587155963172603
curve,0.4573968886016098,0.6589924693415458
curve,0.4580665765790646,0.6592682261957106
curve,0.4587362645565194,0.6595428665156822
curve,0.45940595253397415,0.6598163899318477
curve,0.4600756405114289,0.6600887960690555
curve,0.46074532848888367,0.6603600845466192
curve,0.4614150164663385,0.6606302549783194
curve,0.46208470444379324,0.6608993069724066
curve,0.462754392421248,0.6611672401316033
curve,0.46342408039870275,0.661434054053106
curve,0.46409376837615757,0.6616997483285877
curve,0.4647634563536123,0.6619643225441992
curve,0.4654331443310671,0.6622277762805711
curve,0.4661028323085219,0.662490109112815
curve,0.46677252028597666,0.662751320610525
curve,0.4674422082634314,0.6630114103377794
curve,0.46811189624088617,0.6632703778531408
curve,0.468781584218341,0.6635282227096578
curve,0.46945127219579574,0.6637849444548654
curve,0.4701209601732505,0.6640405426307855
curve,0.47079064815070526,0.6642950167739277
curve,0.4714603361281601,0.6645483664152888
curve,0.47213002410561483,0.6648005910803545
curve,0.4727997120830696,0.6650516902890973
curve,0.47346940006052435,0.6653016635559781
curve,0.47413908803797916,0.6655505103899445
curve,0.4748087760154339,0.6657982302944317
curve,0.4754784639928887,0.6660448227673607
curve,0.47614815197034344,0.6662902873011378
curve,0.47681783994779825,0.666534623382654
curve,0.477487527925253,0.6667778304932838
curve,0.47815721590270777,0.6670199081088837
curve,0.4788269038801626,0.667260855699791
curve,0.47949659185761734,0.667500672730822
curve,0.4801662798350721,0.667739358661271
curve,0.48083596781252685,0.6679769129449076
curve,0.48150565578998167,0.6682133350299753
curve,0.4821753437674364,0.6684486243591884
curve,0.4828450317448912,0.6686827803697315
curve,0.48351471972234594,0.668915802493255
curve,0.48418440769980076,0.6691476901558742
curve,0.4848540956772555,0.6693784427781649
curve,0.4855237836547103,0.6696080597751621
curve,0.48619347163216503,0.669836540556356
curve,0.48686315960961984,0.6700638845256887
curve,0.4875328475870746,0.6702900910815512
curve,0.48820253556452936,0.6705151596167803
curve,0.4888722235419841,0.6707390895186538
curve,0.48954191151943893,0.6709618801688875
curve,0.4902115994968937,0.6711835309436311
curve,0.49088128747434845,0.6714040412134641
curve,0.49155097545180326,0.6716234103433913
curve,0.492220663429258,0.6718416376928386
curve,0.4928903514067128,0.672058722615648
curve,0.49356003938416754,0.6722746644600738
curve,0.49422972736162235,0.6724894625687766
curve,0.4948994153390771,0.6727031162788192
curve,0.49556910331653187,0.6729156249216606
curve,0.4962387912939866,0.6731269878231513
curve,0.49690847927144144,0.6733372043035275
curve,0.4975781672488962,0.6735462736774055
curve,0.49824785522635096,0.6737541952537759
curve,0.4989175432038057,0.6739609683359978
curve,0.4995872311812605,0.6741665922217928
curve,0.5002569191587153,0.6743710662032377
curve,0.5009266071361701,0.6745743895667599
curve,0.5015962951136248,0.6747765615931288
curve,0.5022659830910796,0.674977581557451
curve,0.5029356710685344,0.6751774487291622
curve,0.5036053590459891,0.6753761623720203
curve,0.504275047023444,0.6755737217440989
curve,0.5049447350008986,0.6757701260977789
curve,0.5056144229783535,0.675965374679742
curve,0.5062841109558083,0.6761594667309629
curve,0.506953798933263,0.6763524014867004
curve,0.5076234869107178,0.6765441781764909
curve,0.5082931748881726,0.6767347960241396
curve,0.5089628628656273,0.6769242542477122
curve,0.5096325508430821,0.6771125520595264
curve,0.5103022388205368,0.6772996886661437
curve,0.5109719267979916,0.6774856632683601
curve,0.5116416147754465,0.6776704750611977
curve,0.5123113027529012,0.6778541232338956
curve,0.512980990730356,0.6780366069699001
curve,0.5136506787078108,0.678217925446856
curve,0.5143203666852655,0.6783980778365966
curve,0.5149900546627203,0.6785770633051342
curve,0.5156597426401751,0.6787548810126505
curve,0.5163294306176298,0.6789315301134855
curve,0.5169991185950846,0.6791070097561289
curve,0.5176688065725393,0.6792813190832085
curve,0.5183384945499941,0.6794544572314805
curve,0.519008182527449,0.6796264233318177
curve,0.5196778705049037,0.6797972165092
curve,0.5203475584823585,0.6799668358827026
curve,0.5210172464598133,0.680135280565485
curve,0.521686934437268,0.6803025496647798
curve,0.5223566224147228,0.6804686422818808
curve,0.5230263103921775,0.6806335575121318
curve,0.5236959983696323,0.6807972944449147
curve,0.5243656863470871,0.6809598521636371
curve,0.5250353743245418,0.6811212297457205
curve,0.5257050623019967,0.6812814262625881
curve,0.5263747502794515,0.6814404407796517
curve,0.5270444382569062,0.6815982723562993
curve,0.527714126234361,0.681754920045883
curve,0.5283838142118158,0.6819103828957047
curve,0.5290535021892705,0.6820646599470036
curve,0.5297231901667253,0.682217750234943
curve,0.53039287814418,0.6823696527885964
curve,0.5310625661216348,0.6825203666309339
curve,0.5317322540990896,0.6826698907788081
curve,0.5324019420765443,0.682818224242941
curve,0.5330716300539992,0.6829653660279082
curve,0.533741318031454,0.683111315132126
curve,0.5344110060089087,0.6832560705478355
curve,0.5350806939863635,0.6833996312610894
curve,0.5357503819638182,0.6835419962517351
curve,0.536420069941273,0.6836831644934013
curve,0.5370897579187278,0.6838231349534817
curve,0.5377594458961825,0.68396190659312
curve,0.5384291338736373,0.6840994783671942
curve,0.5390988218510921,0.6842358492243
curve,0.5397685098285468,0.6843710181067363
curve,0.5404381978060017,0.6845049839504873
curve,0.5411078857834565,0.6846377456852072
curve,0.5417775737609112,0.6847693022342032
curve,0.542447261738366,0.6848996525144188
curve,0.5431169497158207,0.6850287954364168
curve,0.5437866376932755,0.6851567299043623
curve,0.5444563256707303,0.6852834548160053
curve,0.545126013648185,0.6854089690626629
curve,0.5457957016256398,0.685533271529202
curve,0.5464653896030947,0.6856563610940208
curve,0.5471350775805494,0.6857782366290316
curve,0.5478047655580042,0.6858988969996418
curve,0.5484744535354589,0.6860183410647351
curve,0.5491441415129137,0.6861365676766541
curve,0.5498138294903685,0.6862535756811798
curve,0.5504835174678232,0.686369363917514
curve,0.551153205445278,0.6864839312182587
curve,0.5518228934227328,0.6865972764093973
curve,0.5524925814001875,0.6867093983102752
curve,0.5531622693776423,0.6868202957335791
curve,0.5538319573550972,0.6869299674853175
curve,0.5545016453325519,0.6870384123648003
curve,0.5551713333100067,0.6871456291646183
curve,0.5558410212874614,0.6872516166706218
curve,0.5565107092649162,0.6873563736619009
curve,0.557180397242371,0.6874598989107635
curve,0.5578500852198257,0.6875621911827139
curve,0.5585197731972805,0.687663249236432
curve,0.5591894611747353,0.6877630718237506
curve,0.55985914915219,0.6878616576896345
curve,0.5605288371296449,0.6879590055721567
curve,0.5611985251070996,0.6880551142024779
curve,0.5618682130845544,0.688149982304822
curve,0.5625379010620092,0.6882436085964548
curve,0.5632075890394639,0.68833599178766
curve,0.5638772770169187,0.6884271305817161
curve,0.5645469649943735,0.688517023674873
curve,0.5652166529718282,0.6886056697563282
curve,0.565886340949283,0.6886930675082028
curve,0.5665560289267378,0.688779215605517
curve,0.5672257169041925,0.6888641127161661
curve,0.5678954048816474,0.6889477575008961
curve,0.5685650928591021,0.6890301486132776
curve,0.5692347808365569,0.6891112846996823
curve,0.5699044688140117,0.689191164399256
curve,0.5705741567914664,0.6892697863438942
curve,0.5712438447689212,0.6893471491582159
curve,0.571913532746376,0.689423251459537
curve,0.5725832207238307,0.6894980918578448
curve,0.5732529087012855,0.6895716689557709
curve,0.5739225966787402,0.6896439813485647
curve,0.574592284656195,0.6897150276240657
curve,0.5752619726336499,0.6897848063626774
curve,0.5759316606111046,0.6898533161373382
curve,0.5766013485885594,0.6899205555134952
curve,0.5772710365660142,0.6899865230490743
curve,0.5779407245434689,0.690051217294454
curve,0.5786104125209237,0.6901146367924349
curve,0.5792801004983785,0.6901767800782123
curve,0.5799497884758332,0.6902376456793461
curve,0.580619476453288,0.6902972321157319
curve,0.5812891644307427,0.6903555378995716
curve,0.5819588524081976,0.6904125615353429
curve,0.5826285403856524,0.6904683015197695
curve,0.5832982283631071,0.6905227563417909
curve,0.5839679163405619,0.6905759244825312
curve,0.5846376043180167,0.6906278044152688
curve,0.5853072922954714,0.6906783946054041
curve,0.5859769802729262,0.6907276935104295
curve,0.5866466682503809,0.6907756995798957
curve,0.5873163562278357,0.6908224112553814
curve,0.5879860442052905,0.6908678269704598
curve,0.5886557321827453,0.6909119451506665
curve,0.5893254201602001,0.6909547642134662
curve,0.5899951081376549,0.6909962825682199
curve,0.5906647961151096,0.6910364986161511
curve,0.5913344840925644,0.6910754107503118
curve,0.5920041720700192,0.6911130173555482
curve,0.5926738600474739,0.6911493168084677
curve,0.5933435480249287,0.6911843074774022
curve,0.5940132360023834,0.6912179877223747
curve,0.5946829239798382,0.6912503558950629
curve,0.595352611957293,0.6912814103387642
curve,0.5960222999347478,0.6913111493883592
curve,0.5966919879122026,0.6913395713702765
curve,0.5973616758896574,0.6913666746024544
curve,0.5980313638671121,0.6913924573943058
curve,0.5987010518445669,0.6914169180466798
curve,0.5993707398220216,0.6914400548518249
curve,0.6000404277994764,0.6914618660933507
curve,0.6007101157769312,0.6914823500461895
curve,0.6013798037543859,0.6915015049765586
curve,0.6020494917318407,0.6915193291419205
curve,0.6027191797092956,0.6915358207909444
curve,0.6033888676867503,0.6915509781634669
curve,0.6040585556642051,0.6915647994904506
curve,0.6047282436416599,0.6915772829939458
curve,0.6053979316191146,0.6915884268870489
curve,0.6060676195965694,0.6915982293738618
curve,0.6067373075740241,0.6916066886494505
curve,0.6074069955514789,0.691613802899803
curve,0.6080766835289337,0.6916195703017886
curve,0.6087463715063884,0.6916239890231143
curve,0.6094160594838433,0.6916270572222828
curve,0.6100857474612981,0.6916287730485492
curve,0.6107554354387528,0.6916291346418778
curve,0.6114251234162076,0.6916281401328975
curve,0.6120948113936623,0.691625787642859
curve,0.6127644993711171,0.6916220752835887
curve,0.6134341873485719,0.6916170011574446
curve,0.6141038753260266,0.6916105633572712
curve,0.6147735633034814,0.6916027599663529
curve,0.6154432512809362,0.6915935890583689
curve,0.616112939258391,0.6915830486973455
curve,0.6167826272358458,0.6915711369376105
curve,0.6174523152133006,0.6915578518237446
curve,0.6181220031907553,0.6915431913905346
curve,0.6187916911682101,0.6915271536629245
curve,0.6194613791456648,0.691509736655968
curve,0.6201310671231196,0.6914909383747786
curve,0.6208007551005744,0.6914707568144802
curve,0.6214704430780291,0.6914491899601581
curve,0.6221401310554839,0.691426235786808
curve,0.6228098190329387,0.691401892259285
curve,0.6234795070103935,0.6913761573322538
curve,0.6241491949878483,0.6913490289501358
curve,0.6248188829653031,0.6913205050470583
curve,0.6254885709427578,0.6912905835468006
curve,0.6261582589202126,0.6912592623627427
curve,0.6268279468976673,0.6912265393978103
curve,0.6274976348751221,0.6911924125444225
curve,0.6281673228525769,0.6911568796844365
curve,0.6288370108300316,0.691119938689093
curve,0.6295066988074864,0.6910815874189616
curve,0.6301763867849413,0.6910418237238842
curve,0.630846074762396,0.6910006454429196
curve,0.6315157627398508,0.6909580504042863
curve,0.6321854507173055,0.6909140364253054
curve,0.6328551386947603,0.690868601312343
curve,0.6335248266722151,0.6908217428607522
curve,0.6341945146496698,0.6907734588548147
curve,0.6348642026271246,0.6907237470676805
curve,0.6355338906045794,0.6906726052613096
curve,0.6362035785820341,0.6906200311864106
curve,0.636873266559489,0.6905660225823809
curve,0.6375429545369438,0.6905105771772451
curve,0.6382126425143985,0.6904536926875925
curve,0.6388823304918533,0.6903953668185164
curve,0.639552018469308,0.6903355972635493
curve,0.6402217064467628,0.6902743817046013
curve,0.6408913944242176,0.6902117178118945
curve,0.6415610824016723,0.6901476032438995
curve,0.6422307703791271,0.6900820356472702
curve,0.6429004583565819,0.6900150126567774
curve,0.6435701463340366,0.6899465318952439
curve,0.6442398343114915,0.6898765909734758
curve,0.6449095222889462,0.689805187490197
curve,0.645579210266401,0.6897323190319797
curve,0.6462488982438558,0.6896579831731771
curve,0.6469185862213105,0.6895821774758526
curve,0.6475882741987653,0.6895048994897114
curve,0.6482579621762201,0.6894261467520295
curve,0.6489276501536748,0.6893459167875825
curve,0.6495973381311296,0.6892642071085742
curve,0.6502670261085844,0.689181015214564
curve,0.6509367140860391,0.6890963385923942
curve,0.651606402063494,0.689010174716116
curve,0.6522760900409487,0.688922521046916
curve,0.6529457780184035,0.6888333750330403
curve,0.6536154659958583,0.6887427341097192
curve,0.654285153973313,0.6886505956990917
curve,0.6549548419507678,0.6885569572101273
curve,0.6556245299282226,0.6884618160385496
curve,0.6562942179056773,0.688365169566757
curve,0.6569639058831321,0.6882670151637439
curve,0.6576335938605868,0.6881673501850216
curve,0.6583032818380417,0.6880661719725366
curve,0.6589729698154965,0.687963477854591
curve,0.6596426577929512,0.6878592651457591
curve,0.660312345770406,0.6877535311468057
curve,0.6609820337478608,0.6876462731446022
curve,0.6616517217253155,0.6875374884120431
curve,0.6623214097027703,0.6874271742079601
curve,0.6629910976802251,0.6873153277770371
curve,0.6636607856576798,0.687201946349724
curve,0.6643304736351346,0.6870870271421484
curve,0.6650001616125893,0.6869705673560291
curve,0.6656698495900442,0.6868525641785856
curve,0.666339537567499,0.6867330147824499
curve,0.6670092255449537,0.686611916325575
curve,0.6676789135224085,0.686489265951144
curve,0.6683486014998633,0.6863650607874786
curve,0.669018289477318,0.6862392979479448
curve,0.6696879774547728,0.6861119745308601
curve,0.6703576654322275,0.6859830876193987
curve,0.6710273534096823,0.6858526342814956
curve,0.6716970413871372,0.6857206115697502
curve,0.6723667293645919,0.6855870165213294
curve,0.6730364173420467,0.6854518461578689
curve,0.6737061053195015,0.6853150974853742
curve,0.6743757932969562,0.6851767674941208
curve,0.675045481274411,0.6850368531585528
curve,0.6757151692518658,0.6848953514371812
curve,0.6763848572293205,0.6847522592724811
curve,0.6770545452067753,0.6846075735907876
curve,0.67772423318423,0.6844612913021915
curve,0.6783939211616848,0.6843134093004326
curve,0.6790636091391397,0.684163924462794
curve,0.6797332971165944,0.6840128336499934
curve,0.6804029850940492,0.6838601337060751
curve,0.681072673071504,0.6837058214582996
curve,0.6817423610489587,0.6835498937170327
curve,0.6824120490264135,0.6833923472756342
curve,0.6830817370038682,0.6832331789103443
curve,0.683751424981323,0.6830723853801698
curve,0.6844211129587778,0.6829099634267691
curve,0.6850908009362325,0.6827459097743357
curve,0.6857604889136873,0.6825802211294812
curve,0.6864301768911422,0.6824128941811167
curve,0.6870998648685969,0.682243925600333
curve,0.6877695528460517,0.6820733120402801
curve,0.6884392408235065,0.6819010501360456
curve,0.6891089288009612,0.681727136504531
curve,0.689778616778416,0.6815515677443277
curve,0.6904483047558707,0.6813743404355919
curve,0.6911179927333255,0.6811954511399178
curve,0.6917876807107803,0.6810148964002091
curve,0.692457368688235,0.6808326727405507
curve,0.6931270566656899,0.680648776666078
curve,0.6937967446431447,0.6804632046628453
curve,0.6944664326205994,0.6802759531976924
curve,0.6951361205980542,0.680087018718111
curve,0.6958058085755089,0.679896397652109
curve,0.6964754965529637,0.6797040864080734
curve,0.6971451845304185,0.6795100813746322
curve,0.6978148725078732,0.6793143789205152
curve,0.698484560485328,0.6791169753944117
curve,0.6991542484627828,0.6789178671248302
curve,0.6998239364402375,0.6787170504199525
curve,0.7004936244176924,0.6785145215674903
curve,0.7011633123951472,0.6783102768345373
curve,0.7018330003726019,0.6781043124674219
curve,0.7025026883500567,0.677896624691557
curve,0.7031723763275114,0.6776872097112893
curve,0.7038420643049662,0.6774760637097468
curve,0.704511752282421,0.6772631828486839
curve,0.7051814402598757,0.6770485632683274
curve,0.7058511282373305,0.6768322010872168
curve,0.7065208162147854,0.6766140924020482
curve,0.70719050419224,0.6763942332875112
curve,0.7078601921696949,0.6761726197961292
curve,0.7085298801471496,0.6759492479580941
curve,0.7091995681246044,0.6757241137811014
curve,0.7098692561020592,0.6754972132501832
curve,0.7105389440795139,0.6752685423275393
curve,0.7112086320569687,0.675038096952367
curve,0.7118783200344235,0.6748058730406885
curve,0.7125480080118782,0.6745718664851766
curve,0.713217695989333,0.6743360731549798
curve,0.7138873839667879,0.6740984888955436
curve,0.7145570719442426,0.6738591095284318
curve,0.7152267599216974,0.6736179308511443
curve,0.7158964478991521,0.6733749486369354
curve,0.7165661358766069,0.6731301586346263
curve,0.7172358238540617,0.6728835565684209
curve,0.7179055118315164,0.672635138137714
curve,0.7185751998089712,0.672384899016902
curve,0.719244887786426,0.6721328348551894
curve,0.7199145757638807,0.6718789412763935
curve,0.7205842637413356,0.6716232138787475
curve,0.7212539517187903,0.6713656482347017
curve,0.7219236396962451,0.6711062398907213
curve,0.7225933276736999,0.6708449843670835
curve,0.7232630156511546,0.6705818771576717
curve,0.7239327036286094,0.670316913729768
curve,0.7246023916060642,0.6700500895238424
curve,0.7252720795835189,0.6697813999533414
curve,0.7259417675609737,0.6695108404044727
curve,0.7266114555384285,0.6692384062359886
curve,0.7272811435158832,0.6689640927789672
curve,0.7279508314933381,0.6686878953365895
curve,0.7286205194707928,0.668409809183917
curve,0.7292902074482476,0.6681298295676639
curve,0.7299598954257024,0.667847951705969
curve,0.7306295834031571,0.6675641707881638
curve,0.7312992713806119,0.667278481974539
curve,0.7319689593580667,0.6669908803961077
curve,0.7326386473355214,0.666701361154366
curve,0.7333083353129762,0.6664099193210518
curve,0.7339780232904309,0.6661165499378999
curve,0.7346477112678858,0.6658212480163955
curve,0.7353173992453406,0.6655240085375231
curve,0.7359870872227953,0.6652248264515155
curve,0.7366567752002501,0.6649236966775964
curve,0.7373264631777049,0.6646206141037238
curve,0.7379961511551596,0.6643155735863279
curve,0.7386658391326144,0.6640085699500466
curve,0.7393355271100692,0.6636995979874597
curve,0.7400052150875239,0.6633886524588164
curve,0.7406749030649787,0.6630757280917648
curve,0.7413445910424334,0.6627608195810735
curve,0.7420142790198883,0.6624439215883529
curve,0.7426839669973431,0.6621250287417729
curve,0.7433536549747978,0.661804135635776
curve,0.7440233429522526,0.6614812368307892
curve,0.7446930309297074,0.6611563268529308
curve,0.7453627189071621,0.6608294001937148
curve,0.7460324068846169,0.6605004513097514
curve,0.7467020948620716,0.6601694746224449
curve,0.7473717828395264,0.6598364645176863
curve,0.7480414708169812,0.6595014153455444
curve,0.748711158794436,0.6591643214199524
curve,0.7493808467718908,0.6588251770183899
curve,0.7500505347493456,0.6584839763815633
curve,0.7507202227268003,0.6581407137130798
curve,0.7513899107042551,0.6577953831791202
curve,0.7520595986817099,0.6574479789081061
curve,0.7527292866591646,0.6570984949903635
curve,0.7533989746366194,0.6567469254777829
curve,0.7540686626140741,0.6563932643834748
curve,0.7547383505915289,0.6560375056814212
curve,0.7554080385689838,0.6556796433061233
curve,0.7560777265464385,0.6553196711522447
curve,0.7567474145238933,0.6549575830742496
curve,0.7574171025013481,0.6545933728860387
curve,0.7580867904788028,0.6542270343605782
curve,0.7587564784562576,0.6538585612295253
curve,0.7594261664337124,0.6534879471828506
curve,0.7600958544111671,0.6531151858684531
curve,0.7607655423886219,0.6527402708917726
curve,0.7614352303660766,0.6523631958153968
curve,0.7621049183435314,0.6519839541586632
curve,0.7627746063209863,0.6516025393972565
curve,0.763444294298441,0.6512189449628014
curve,0.7641139822758958,0.6508331642424484
curve,0.7647836702533506,0.6504451905784574
curve,0.7654533582308053,0.6500550172677743
curve,0.7661230462082601,0.6496626375616008
curve,0.7667927341857148,0.6492680446649639
curve,0.7674624221631696,0.6488712317362739
curve,0.7681321101406244,0.6484721918868804
curve,0.7688017981180791,0.6480709181806232
curve,0.769471486095534,0.6476674036333737
curve,0.7701411740729888,0.6472616412125757
curve,0.7708108620504435,0.6468536238367751
curve,0.7714805500278983,0.6464433443751483
curve,0.7721502380053531,0.6460307956470209
curve,0.7728199259828078,0.6456159704213825
curve,0.7734896139602626,0.6451988614163937
curve,0.7741593019377173,0.644779461298888
curve,0.7748289899151721,0.6443577626838665
curve,0.7754986778926269,0.6439337581339862
curve,0.7761683658700816,0.6435074401590418
curve,0.7768380538475365,0.6430788012154398
curve,0.7775077418249913,0.6426478337056675
curve,0.778177429802446,0.6422145299777535
curve,0.7788471177799008,0.641778882324721
curve,0.7795168057573555,0.6413408829840356
curve,0.7801864937348103,0.6409005241370429
curve,0.7808561817122651,0.6404577979084022
curve,0.7815258696897198,0.6400126963655088
curve,0.7821955576671746,0.6395652115179119
curve,0.7828652456446294,0.6391153353167224
curve,0.7835349336220842,0.6386630596540138
curve,0.784204621599539,0.6382083763622153
curve,0.7848743095769938,0.6377512772134946
curve,0.7855439975544485,0.6372917539191357
curve,0.7862136855319033,0.6368297981289051
curve,0.786883373509358,0.6363654014304104
curve,0.7875530614868128,0.6358985553484515
curve,0.7882227494642676,0.6354292513443603
curve,0.7888924374417223,0.6349574808153334
curve,0.7895621254191771,0.634483235093754
curve,0.790231813396632,0.6340065054465062
curve,0.7909015013740867,0.6335272830742771
curve,0.7915711893515415,0.6330455591108523
curve,0.7922408773289962,0.6325613246223987
curve,0.792910565306451,0.6320745706067391
curve,0.7935802532839058,0.6315852879926154
curve,0.7942499412613605,0.631093467638942
curve,0.7949196292388153,0.6305991003340486
curve,0.7955893172162701,0.6301021767949118
curve,0.7962590051937248,0.6296026876663752
curve,0.7969286931711796,0.6291006235203604
curve,0.7975983811486345,0.6285959748550645
curve,0.7982680691260892,0.6280887320941466
curve,0.798937757103544,0.6275788855859028
curve,0.7996074450809987,0.6270664256024293
curve,0.8002771330584535,0.6265513423387726
curve,0.8009468210359083,0.6260336259120687
curve,0.801616509013363,0.6255132663606673
curve,0.8022861969908178,0.6249902536432451
curve,0.8029558849682726,0.6244645776379063
curve,0.8036255729457273,0.6239362281412674
curve,0.8042952609231822,0.6234051948675301
curve,0.8049649489006369,0.6228714674475407
curve,0.8056346368780917,0.622335035427835
curve,0.8063043248555465,0.6217958882696666
curve,0.8069740128330012,0.6212540153480254
curve,0.807643700810456,0.620709405950636
curve,0.8083133887879108,0.6201620492769445
curve,0.8089830767653655,0.6196119344370891
curve,0.8096527647428203,0.6190590504508525
curve,0.8103224527202751,0.6185033862466027
curve,0.8109921406977298,0.6179449306602132
curve,0.8116618286751847,0.6173836724339689
curve,0.8123315166526394,0.6168196002154545
curve,0.8130012046300942,0.6162527025564261
curve,0.813670892607549,0.6156829679116632
curve,0.8143405805850037,0.6151103846378057
curve,0.8150102685624585,0.6145349409921699
curve,0.8156799565399133,0.6139566251315476
curve,0.816349644517368,0.6133754251109855
curve,0.8170193324948228,0.6127913288825446
curve,0.8176890204722775,0.612204324294041
curve,0.8183587084497324,0.6116143990877663
curve,0.8190283964271872,0.6110215408991858
curve,0.8196980844046419,0.6104257372556189
curve,0.8203677723820967,0.6098269755748942
curve,0.8210374603595515,0.6092252431639863
curve,0.8217071483370062,0.6086205272176286
curve,0.822376836314461,0.608012814816902
curve,0.8230465242919158,0.607402092927805
curve,0.8237162122693705,0.6067883483997948
curve,0.8243859002468253,0.606171567964308
curve,0.82505558822428,0.6055517382332544
curve,0.8257252762017349,0.6049288456974882
curve,0.8263949641791897,0.6043028767252505
curve,0.8270646521566444,0.6036738175605886
curve,0.8277343401340992,0.6030416543217464
curve,0.828404028111554,0.6024063729995289
curve,0.8290737160890087,0.6017679594556383
curve,0.8297434040664635,0.6011263994209816
curve,0.8304130920439182,0.6004816784939497
curve,0.831082780021373,0.5998337821386668
curve,0.8317524679988278,0.599182695683209
curve,0.8324221559762826,0.5985284043177925
curve,0.8330918439537374,0.5978708930929308
curve,0.8337615319311922,0.5972101469175582
curve,0.8344312199086469,0.596546150557122
curve,0.8351009078861017,0.5958788886316402
curve,0.8357705958635565,0.5952083456137249
curve,0.8364402838410112,0.5945345058265714
curve,0.837109971818466,0.5938573534419097
curve,0.8377796597959207,0.5931768724779215
curve,0.8384493477733755,0.5924930467971187
curve,0.8391190357508304,0.5918058601041829
curve,0.8397887237282851,0.591115295943768
curve,0.8404584117057399,0.5904213376982592
curve,0.8411280996831947,0.5897239685854955
curve,0.8417977876606494,0.5890231716564469
curve,0.8424674756381042,0.5883189297928503
curve,0.8431371636155589,0.5876112257048017
curve,0.8438068515930137,0.586900041928303
curve,0.8444765395704685,0.5861853608227647
curve,0.8451462275479232,0.5854671645684592
curve,0.845815915525378,0.5847454351639279
curve,0.8464856035028329,0.5840201544233399
curve,0.8471552914802876,0.5832913039737998
curve,0.8478249794577424,0.5825588652526021
curve,0.8484946674351972,0.5818228195044375
curve,0.8491643554126519,0.5810831477785429
curve,0.8498340433901067,0.5803398309257946
curve,0.8505037313675614,0.5795928495957497
curve,0.8511734193450162,0.5788421842336258
curve,0.851843107322471,0.5780878150772231
curve,0.8525127952999257,0.5773297221537876
curve,0.8531824832773806,0.5765678852768088
curve,0.8538521712548354,0.5758022840427583
curve,0.8545218592322901,0.5750328978277596
curve,0.8551915472097449,0.574259705784193
curve,0.8558612351871996,0.5734826868372331
curve,0.8565309231646544,0.5727018196813151
curve,0.8572006111421092,0.5719170827765291
curve,0.8578702991195639,0.571128454344943
curve,0.8585399870970187,0.5703359123668473
curve,0.8592096750744735,0.5695394345769264
curve,0.8598793630519282,0.5687389984603465
curve,0.8605490510293831,0.5679345812487656
curve,0.8612187390068379,0.5671261599162591
curve,0.8618884269842926,0.5663137111751602
curve,0.8625581149617474,0.565497211471812
curve,0.8632278029392021,0.5646766369822314
curve,0.8638974909166569,0.5638519636076791
curve,0.8645671788941117,0.5630231669701364
curve,0.8652368668715664,0.5621902224076847
curve,0.8659065548490212,0.561353104969783
curve,0.866576242826476,0.5605117894124478
curve,0.8672459308039308,0.5596662501933238
curve,0.8679156187813856,0.5588164614666482
curve,0.8685853067588403,0.557962397078105
curve,0.8692549947362951,0.5571040305595643
curve,0.8699246827137499,0.5562413351237059
curve,0.8705943706912046,0.5553742836585226
curve,0.8712640586686594,0.5545028487216987
curve,0.8719337466461142,0.5536270025348644
curve,0.8726034346235689,0.5527467169777176
curve,0.8732731226010237,0.5518619635820124
curve,0.8739428105784786,0.550972713525412
curve,0.8746124985559333,0.5500789376251961
curve,0.8752821865333881,0.5491806063318263
curve,0.8759518745108428,0.54827768972236
curve,0.8766215624882976,0.5473701574937109
curve,0.8772912504657524,0.5464579789557501
curve,0.8779609384432071,0.5455411230242467
curve,0.8786306264206619,0.5446195582136364
curve,0.8793003143981167,0.5436932526296216
curve,0.8799700023755714,0.5427621739615921
curve,0.8806396903530262,0.5418262894748608
curve,0.881309378330481,0.540885566002715
curve,0.8819790663079358,0.5399399699382692
curve,0.8826487542853906,0.5389894672261217
curve,0.8833184422628453,0.5380340233538023
curve,0.8839881302403001,0.537073603343009
curve,0.8846578182177549,0.5361081717406266
curve,0.8853275061952096,0.5351376926095187
curve,0.8859971941726644,0.5341621295190856
curve,0.8866668821501192,0.5331814455355869
curve,0.8873365701275739,0.5321956032122128
curve,0.8880062581050288,0.5312045645789018
curve,0.8886759460824835,0.5302082911318952
curve,0.8893456340599383,0.5292067438230205
curve,0.8900153220373931,0.5281998830486943
curve,0.8906850100148478,0.5271876686386355
curve,0.8913546979923026,0.5261700598442798
curve,0.8920243859697574,0.5251470153268877
curve,0.8926940739472121,0.5241184931453313
curve,0.8933637619246669,0.5230844507435544
curve,0.8940334499021217,0.5220448449376905
curve,0.8947031378795764,0.5209996319028329
curve,0.8953728258570313,0.5199487671594365
curve,0.896042513834486,0.5188922055593503
curve,0.8967122018119408,0.5178299012714566
curve,0.8973818897893956,0.5167618077669119
curve,0.8980515777668503,0.5156878778039713
curve,0.8987212657443051,0.514608063412383
curve,0.8993909537217599,0.5135223158773379
curve,0.9000606416992146,0.5124305857229617
curve,0.9007303296766694,0.5113328226953248
curve,0.9014000176541241,0.5102289757449646
curve,0.902069705631579,0.5091189930088915
curve,0.9027393936090338,0.5080028217920693
curve,0.9034090815864885,0.5068804085483442
curve,0.9040787695639433,0.5057516988608033
curve,0.9047484575413981,0.5046166374215482
curve,0.9054181455188528,0.5034751680108518
curve,0.9060878334963076,0.5023272334756825
curve,0.9067575214737624,0.5011727757075692
curve,0.9074272094512171,0.5000117356197846
curve,0.908096897428672,0.4988440531238156
curve,0.9087665854061266,0.4976696671051011
curve,0.9094362733835815,0.49648851539800054
curve,0.9101059613610363,0.49530053475997204
curve,0.910775649338491,0.49410566084492014
curve,0.9114453373159458,0.49290382817568623
curve,0.9121150252934006,0.49169497011564894
curve,0.9127847132708553,0.4904790188393916
curve,0.9134544012483101,0.48925590530240626
curve,0.9141240892257648,0.4880255592097914
curve,0.9147937772032196,0.4867879089839041
curve,0.9154634651806745,0.4855428817309222
curve,0.9161331531581292,0.48429040320627
curve,0.916802841135584,0.48303039777886336
curve,0.9174725291130388,0.4817627883941216
curve,0.9181422170904935,0.48048749653569456
curve,0.9188119050679483,0.47920444218584857
curve,0.9194815930454031,0.4779135437844569
curve,0.9201512810228578,0.47661471818652895
curve,0.9208209690003126,0.4753078806182174
curve,0.9214906569777673,0.47399294463123587
curve,0.9221603449552221,0.47266982205561336
curve,0.922830032932677,0.4713384229507146
curve,0.9234997209101317,0.46999865555444426
curve,0.9241694088875865,0.4686504262305533
curve,0.9248390968650413,0.4672936394139596
curve,0.925508784842496,0.4659281975539923
curve,0.9261784728199508,0.46455400105545747
curve,0.9268481607974055,0.4631709482174295
curve,0.9275178487748603,0.4617789351696504
curve,0.9281875367523151,0.460377855806431
curve,0.9288572247297698,0.45896760171792605
curve,0.9295269127072247,0.45754806211865506
curve,0.9301966006846795,0.4561191237731389
curve,0.9308662886621342,0.4546806709184988
curve,0.931535976639589,0.4532325851838701
curve,0.9322056646170438,0.4517747455064693
curve,0.9328753525944985,0.45030702804414097
curve,0.9335450405719533,0.44882930608419824
curve,0.934214728549408,0.447341449948373
curve,0.9348844165268628,0.44584332689365735
curve,0.9355541045043176,0.4443348010088295
curve,0.9362237924817723,0.44281573310642186
curve,0.9368934804592272,0.4412859806098873
curve,0.937563168436682,0.4397453974357016
curve,0.9382328564141367,0.4381938338701186
curve,0.9389025443915915,0.43663113644027396
curve,0.9395722323690462,0.43505714777932725
curve,0.940241920346501,0.4334717064852928
curve,0.9409116083239558,0.4318746469731945
curve,0.9415812963014105,0.4302657993201593
curve,0.9422509842788653,0.42864498910302473
curve,0.9429206722563201,0.4270120372280219
curve,0.9435903602337748,0.4253667597520434
curve,0.9442600482112297,0.42370896769499256
curve,0.9449297361886845,0.4220384668426586
curve,0.9455994241661392,0.42035505753952296
curve,0.946269112143594,0.41865853447086376
curve,0.9469388001210487,0.41694868643347405
curve,0.9476084880985035,0.41522529609425185
curve,0.9482781760759583,0.4134881397358755
curve,0.948947864053413,0.4117369869886992
curve,0.9496175520308678,0.40997160054795156
curve,0.9502872400083227,0.4081917358752337
curve,0.9509569279857774,0.4063971408832406
curve,0.9516266159632322,0.40458755560253
curve,0.9522963039406869,0.40276271182908374
curve,0.9529659919181417,0.4009223327512734
curve,0.9536356798955965,0.3990661325547512
curve,0.9543053678730512,0.39719381600364057
curve,0.954975055850506,0.3953050779962567
curve,0.9556447438279608,0.39339960309344885
curve,0.9563144318054155,0.3914770650174607
curve,0.9569841197828703,0.38953712611902086
curve,0.9576538077603252,0.38757943681017154
curve,0.9583234957377799,0.3856036349600929
curve,0.9589931837152347,0.3836093452509274
curve,0.9596628716926894,0.38159617849031835
curve,0.9603325596701442,0.3795637308770399
curve,0.961002247647599,0.37751158321575196
curve,0.9616719356250537,0.37543930007649473
curve,0.9623416236025085,0.3733464288940824
curve,0.9630113115799633,0.3712324990020654
curve,0.963680999557418,0.3690970205953358
curve,0.9643506875348729,0.366939483614824
curve,0.9650203755123276,0.3647593565470103
curve,0.9656900634897824,0.3625560851301377
curve,0.9663597514672372,0.3603290909581174
curve,0.9670294394446919,0.3580777699720351
curve,0.9676991274221467,0.35580149082798856
curve,0.9683688153996015,0.353499593128626
curve,0.9690385033770562,0.3511713855041896
curve,0.969708191354511,0.34881614352708956
curve,0.9703778793319658,0.3464331074420071
curve,0.9710475673094205,0.3440214796911379
curve,0.9717172552868754,0.34158042221151425
curve,0.9723869432643301,0.3391090534781783
curve,0.9730566312417849,0.3366064452633349
curve,0.9737263192192397,0.3340716190773996
curve,0.9743960071966944,0.3315035422528678
curve,0.9750656951741492,0.3289011236261634
curve,0.975735383151604,0.32626320876579895
curve,0.9764050711290587,0.3235885746871321
curve,0.9770747591065135,0.32087592398449305
curve,0.9777444470839682,0.3181238783001443
curve,0.978414135061423,0.3153309710360073
curve,0.9790838230388779,0.3124956391979403
curve,0.9797535110163326,0.309616214242812
curve,0.9804231989937874,0.30669091177507224
curve,0.9810928869712422,0.30371781991083135
curve,0.9817625749486969,0.30069488609240425
curve,0.9824322629261517,0.2976199020932228
curve,0.9831019509036065,0.29449048689975277
curve,0.9837716388810612,0.2913040670908026
curve,0.984441326858516,0.2880578542516667
curve,0.9851110148359707,0.28474881885592723
curve,0.9857807028134256,0.28137365991484015
curve,0.9864503907908804,0.27792876952404527
curve,0.9871200787683351,0.27441019121751276
curve,0.9877897667457899,0.27081357075217954
curve,0.9884594547232447,0.26713409756965456
curve,0.9891291427006994,0.26336643467986054
curve,0.9897988306781542,0.2595046340367263
curve,0.9904685186556089,0.2555420335570996
curve,0.9911382066330637,0.2514711306653211
curve,0.9918078946105185,0.24728342546876442
curve,0.9924775825879733,0.24296922413961536
curve,0.9931472705654281,0.23851738941230244
curve,0.9938169585428829,0.2339150196888333
curve,0.9944866465203376,0.22914703006274648
curve,0.9951563344977924,0.22419559590945265
curve,0.9958260224752472,0.21903939954284257
curve,0.9964957104527019,0.21365258735633175
curve,0.9971653984301567,0.20800328854848438
curve,0.9978350864076114,0.20205144654179127
curve,0.9985047743850662,0.19574552765405442
curve,0.999174462362521,0.18901730226830882
curve,0.9998441503399758,0.18177310758593906
curve,1.0005138383174306,0.17387816790874153
curve,1.0011835262948854,0.16512573599112346
curve,1.0018532142723402,0.1551679577650158
curve,1.0025229022497948,0.1433269251612986
curve,1.0031925902272496,0.12785343773081817
curve,1.0038622782047044,0.0903476050384234
curve,1.0031925902272496,0.05272122851008675
curve,1.0025229022497948,0.03712719724366445
curve,1.0018532142723402,0.025165620804005445
curve,1.0011835262948854,0.015087298741955898
curve,1.0005138383174306,0.0062143229883959705
curve,0.9998441503399758,-0.0018011605247434392
curve,0.999174462362521,-0.009165899043055037
curve,0.9985047743850662,-0.016014668264742515
curve,0.9978350864076114,-0.022441130988421237
curve,0.9971653984301567,-0.02851351683105617
curve,0.9964957104527019,-0.0342833594748454
curve,0.9958260224752472,-0.03979071549729807
curve,0.9951563344977924,-0.04506745569985003
curve,0.9944866465203376,-0.050139433689085716
curve,0.9938169585428829,-0.05502796715111438
curve,0.9931472705654281,-0.05975088071052538
curve,0.9924775825879733,-0.06432325927378019
curve,0.9918078946105185,-0.06875800443887109
curve,0.9911382066330637,-0.07306625347136968
curve,0.9904685186556089,-0.07725770019909
curve,0.9897988306781542,-0.08134084451465853
curve,0.9891291427006994,-0.08532318899373462
curve,0.9884594547232447,-0.08921139571947051
curve,0.9877897667457899,-0.09301141273793738
curve,0.9871200787683351,-0.09672857703921248
curve,0.9864503907908804,-0.10036769918168681
curve,0.9857807028134256,-0.10393313340842354
curve,0.9851110148359707,-0.10742883618545251
curve,0.984441326858516,-0.11085841541713382
curve,0.9837716388810612,-0.1142251720922116
curve,0.9831019509036065,-0.1175321357371036
curve,0.9824322629261517,-0.12078209476651548
curve,0.9817625749486969,-0.12397762260163878
curve,0.9810928869712422,-0.12712110025600776
curve,0.9804231989937874,-0.13021473595619054
curve,0.9797535110163326,-0.13326058225987214
curve,0.9790838230388779,-0.13626055105094229
curve,0.978414135061423,-0.13921642672495121
curve,0.9777444470839682,-0.14212987782503003
curve,0.9770747591065135,-0.14500246734532066
curve,0.9764050711290587,-0.1478356618839015
curve,0.975735383151604,-0.15063083979851027
curve,0.9750656951741492,-0.15338929849481653
curve,0.9743960071966944,-0.15611226095746283
curve,0.9737263192192397,-0.1588008816179364
curve,0.9730566312417849,-0.16145625163981364
curve,0.9723869432643301,-0.16407940369059892
curve,0.9717172552868754,-0.1666713162598767
curve,0.9710475673094205,-0.16923291757544218
curve,0.9703778793319658,-0.17176508916225325
curve,0.969708191354511,-0.17426866908327757
curve,0.9690385033770562,-0.1767444548963195
curve,0.9683688153996015,-0.1791932063566977
curve,0.9676991274221467,-0.18161564789200219
curve,0.9670294394446919,-0.18401247087199057
curve,0.9663597514672372,-0.1863843356940147
curve,0.9656900634897824,-0.18873187370197686
curve,0.9650203755123276,-0.19105568895479133
curve,0.9643506875348729,-0.19335635985854685
curve,0.963680999557418,-0.19563444067500058
curve,0.9630113115799633,-0.19789046291767204
curve,0.9623416236025085,-0.2001249366456309
curve,0.9616719356250537,-0.20233835166398506
curve,0.961002247647599,-0.20453117863918413
curve,0.9603325596701442,-0.2067038701364139
curve,0.9596628716926894,-0.20885686158563424
curve,0.9589931837152347,-0.21099057218218512
curve,0.9583234957377799,-0.21310540572729259
curve,0.9576538077603252,-0.21520175141331305
curve,0.9569841197828703,-0.2172799845581042
curve,0.9563144318054155,-0.2193404672924859
curve,0.9556447438279608,-0.22138354920441589
curve,0.954975055850506,-0.22340956794316558
curve,0.9543053678730512,-0.22541884978649132
curve,0.9536356798955965,-0.22741171017354386
curve,0.9529659919181417,-0.22938845420600795
curve,0.9522963039406869,-0.2313493771197601
curve,0.9516266159632322,-0.23329476472914823
curve,0.9509569279857774,-0.23522489384580064
curve,0.9502872400083227,-0.23714003267373562
curve,0.9496175520308678,-0.23904044118239534
curve,0.948947864053413,-0.24092637145908483
curve,0.9482781760759583,-0.24279806804220305
curve,0.9476084880985035,-0.24465576823652124
curve,0.9469388001210487,-0.24649970241168528
curve,0.946269112143594,-0.24833009428501684
curve,0.9455994241661392,-0.2501471611896179
curve,0.9449297361886845,-0.2519511143286954
curve,0.9442600482112297,-0.2537421590169713
curve,0.9435903602337748,-0.255520494909964
curve,0.9429206722563201,-0.2572863162218843
curve,0.9422509842788653,-0.259039811932829
curve,0.9415812963014105,-0.2607811659859054
curve,0.9409116083239558,-0.26251055747488244
curve,0.940241920346501,-0.2642281608229226
curve,0.9395722323690462,-0.265934145952899
curve,0.9389025443915915,-0.26762867844978744
curve,0.9382328564141367,-0.26931191971557406
curve,0.937563168436682,-0.2709840271170989
curve,0.9368934804592272,-0.2726451541272264
curve,0.9362237924817723,-0.2742954504597028
curve,0.9355541045043176,-0.2759350621980523
curve,0.9348844165268628,-0.277564131918822
curve,0.934214728549408,-0.2791827988094795
curve,0.9335450405719533,-0.2807911987812467
curve,0.9328753525944985,-0.28238946457713127
curve,0.9322056646170438,-0.28397772587540143
curve,0.931535976639589,-0.2855561093887441
curve,0.9308662886621342,-0.2871247389593146
curve,0.9301966006846795,-0.2886837356498966
curve,0.9295269127072247,-0.2902332178313546
curve,0.9288572247297698,-0.29177330126656753
curve,0.9281875367523151,-0.2933040991910143
curve,0.9275178487748603,-0.29482572239017557
curve,0.9268481607974055,-0.2963382792738965
curve,0.9261784728199508,-0.2978418759478663
curve,0.925508784842496,-0.299336616282343
curve,0.9248390968650413,-0.30082260197825217
curve,0.9241694088875865,-0.3022999326307878
curve,0.9234997209101317,-0.3037687057906206
curve,0.922830032932677,-0.3052290170228328
curve,0.9221603449552221,-0.3066809599636734
curve,0.9214906569777673,-0.30812462637523774
curve,0.9208209690003126,-0.3095601061981611
curve,0.9201512810228578,-0.3109874876024145
curve,0.9194815930454031,-0.3124068570362843
curve,0.9188119050679483,-0.31381829927361793
curve,0.9181422170904935,-0.31522189745940576
curve,0.9174725291130388,-0.31661773315377467
curve,0.916802841135584,-0.31800588637445826
curve,0.9161331531581292,-0.3193864356378067
curve,0.9154634651806745,-0.3207594579984008
curve,0.9147937772032196,-0.32212502908732465
curve,0.9141240892257648,-0.3234832231491538
curve,0.9134544012483101,-0.3248341130777104
curve,0.9127847132708553,-0.32617777045063767
curve,0.9121150252934006,-0.32751426556283686
curve,0.9114453373159458,-0.328843667458816
curve,0.910775649338491,-0.33016604396399174
curve,0.9101059613610363,-0.3314814617149855
curve,0.9094362733835815,-0.33278998618895583
curve,0.9087665854061266,-0.3340916817319983
curve,0.908096897428672,-0.33538661158665467
curve,0.9074272094512171,-0.33667483791856556
curve,0.9067575214737624,-0.337956421842292
curve,0.9060878334963076,-0.3392314234463471
curve,0.9054181455188528,-0.3404999018174583
curve,0.9047484575413981,-0.34176191506409653
curve,0.9040787695639433,-0.34301752033929345
curve,0.9034090815864885,-0.34426677386277627
curve,0.9027393936090338,-0.34550973094244325
curve,0.902069705631579,-0.3467464459952074
curve,0.9014000176541241,-0.3479769725672223
curve,0.9007303296766694,-0.34920136335352425
curve,0.9000606416992146,-0.3504196702171031
curve,0.8993909537217599,-0.35163194420742105
curve,0.8987212657443051,-0.352838235578408
curve,0.8980515777668503,-0.3540385938059383
curve,0.8973818897893956,-0.35523306760482076
curve,0.8967122018119408,-0.3564217049453072
curve,0.896042513834486,-0.35760455306914285
curve,0.8953728258570313,-0.35878165850517085
curve,0.8947031378795764,-0.35995306708450914
curve,0.8940334499021217,-0.3611188239553087
curve,0.8933637619246669,-0.36227897359711436
curve,0.8926940739472121,-0.36343355983483316
curve,0.8920243859697574,-0.3645826258523313
curve,0.8913546979923026,-0.36572621420566537
curve,0.8906850100148478,-0.3668643668359629
curve,0.8900153220373931,-0.3679971250819635
curve,0.8893456340599383,-0.36912452969223153
curve,0.8886759460824835,-0.3702466208370482
curve,0.8880062581050288,-0.37136343811999656
curve,0.8873365701275739,-0.3724750205892495
curve,0.8866668821501192,-0.37358140674856544
curve,0.8859971941726644,-0.374682634568006
curve,0.8853275061952096,-0.37577874149438095
curve,0.8846578182177549,-0.3768697644614308
curve,0.8839881302403001,-0.37795573989975506
curve,0.8833184422628453,-0.3790367037464902
curve,0.8826487542853906,-0.3801126914547514
curve,0.8819790663079358,-0.3811837380028408
curve,0.881309378330481,-0.38224987790322845
curve,0.8806396903530262,-0.3833111452113161
curve,0.8799700023755714,-0.38436757353398926
curve,0.8793003143981167,-0.3854191960379607
curve,0.8786306264206619,-0.3864660454579173
curve,0.8779609384432071,-0.3875081541044694
curve,0.8772912504657524,-0.3885455538719147
curve,0.8766215624882976,-0.38957827624581726
curve,0.8759518745108428,-0.39060635231040836
curve,0.8752821865333881,-0.39162981275581643
curve,0.8746124985559333,-0.3926486878851282
curve,0.8739428105784786,-0.3936630076212859
curve,0.8732731226010237,-0.3946728015138282
curve,0.8726034346235689,-0.3956780987454752
curve,0.8719337466461142,-0.3966789281385638
curve,0.8712640586686594,-0.39767531816134005
curve,0.8705943706912046,-0.3986672969341058
curve,0.8699246827137499,-0.3996548922352309
curve,0.8692549947362951,-0.4006381315070311
curve,0.8685853067588403,-0.40161704186151376
curve,0.8679156187813856,-0.40259165008599884
curve,0.8672459308039308,-0.4035619826486163
curve,0.866576242826476,-0.4045280657036822
curve,0.8659065548490212,-0.4054899250969592
curve,0.8652368668715664,-0.4064475863708027
curve,0.8645671788941117,-0.40740107476919635
curve,0.8638974909166569,-0.4083504152426809
curve,0.8632278029392021,-0.40929563245317496
curve,0.8625581149617474,-0.4102367507786975
curve,0.8618884269842926,-0.41117379431798756
curve,0.8612187390068379,-0.4121067868950284
curve,0.8605490510293831,-0.4130357520634767
curve,0.8598793630519282,-0.41396071311099947
curve,0.8592096750744735,-0.4148816930635212
curve,0.8585399870970187,-0.415798714689384
curve,0.8578702991195639,-0.41671180050342144
curve,0.8572006111421092,-0.41762097277094945
curve,0.8565309231646544,-0.41852625351167727
curve,0.8558612351871996,-0.41942766450353725
curve,0.8551915472097449,-0.42032522728643895
curve,0.8545218592322901,-0.4212189631659474
curve,0.8538521712548354,-0.42210889321688805
curve,0.8531824832773806,-0.42299503828688034
curve,0.8525127952999257,-0.42387741899980097
curve,0.851843107322471,-0.4247560557591783
curve,0.8511734193450162,-0.4256309687515228
curve,0.8505037313675614,-0.42650217794958867
curve,0.8498340433901067,-0.4273697031155754
curve,0.8491643554126519,-0.42823356380426547
curve,0.8484946674351972,-0.42909377936610205
curve,0.8478249794577424,-0.4299503689502085
curve,0.8471552914802876,-0.43080335150734805
curve,0.8464856035028329,-0.43165274579283003
curve,0.845815915525378,-0.4324985703693598
curve,0.8451462275479232,-0.433340843609833
curve,0.8444765395704685,-0.43417958370008036
curve,0.8438068515930137,-0.4350148086415606
curve,0.8431371636155589,-0.4358465362540011
curve,0.8424674756381042,-0.43667478417799155
curve,0.8417977876606494,-0.4374995698775301
curve,0.8411280996831947,-0.43832091064252043
curve,0.8404584117057399,-0.4391388235912261
curve,0.8397887237282851,-0.43995332567267664
curve,0.8391190357508304,-0.4407644336690335
curve,0.8384493477733755,-0.44157216419791107
curve,0.8377796597959207,-0.4423765337146558
curve,0.837109971818466,-0.4431775585145858
curve,0.8364402838410112,-0.4439752547351894
curve,0.8357705958635565,-0.4447696383582847
curve,0.8351009078861017,-0.44556072521214185
curve,0.8344312199086469,-0.44634853097356564
curve,0.8337615319311922,-0.4471330711699436
curve,0.8330918439537374,-0.44791436118125816
curve,0.8324221559762826,-0.44869241624206174
curve,0.8317524679988278,-0.44946725144342003
curve,0.831082780021373,-0.4502388817348196
curve,0.8304130920439182,-0.4510073219260444
curve,0.8297434040664635,-0.45177258668901815
curve,0.8290737160890087,-0.4525346905596167
curve,0.828404028111554,-0.45329364793944926
curve,0.8277343401340992,-0.4540494730976085
curve,0.8270646521566444,-0.4548021801723926
curve,0.8263949641791897,-0.4555517831729963
curve,0.8257252762017349,-0.4562982959811759
curve,0.82505558822428,-0.457041732352884
curve,0.8243859002468253,-0.45778210591987945
curve,0.8237162122693705,-0.45851943019130814
curve,0.8230465242919158,-0.4592537185552601
curve,0.822376836314461,-0.459984984280299
curve,0.8217071483370062,-0.46071324051696744
curve,0.8210374603595515,-0.46143850029926703
curve,0.8203677723820967,-0.4621607765461168
curve,0.8196980844046419,-0.4628800820627833
curve,0.8190283964271872,-0.4635964295422922
curve,0.8183587084497324,-0.46430983156681443
curve,0.8176890204722775,-0.4650203006090311
curve,0.8170193324948228,-0.46572784903347647
curve,0.816349644517368,-0.4664324890978593
curve,0.8156799565399133,-0.46713423295436324
curve,0.8150102685624585,-0.4678330926509273
curve,0.8143405805850037,-0.46852908013250505
curve,0.813670892607549,-0.46922220724230435
curve,0.8130012046300942,-0.46991248572300914
curve,0.8123315166526394,-0.47059992721797944
curve,0.8116618286751847,-0.47128454327243563
curve,0.8109921406977298,-0.47196634533462184
curve,0.8103224527202751,-0.4726453447569532
curve,0.8096527647428203,-0.4733215527971449
curve,0.8089830767653655,-0.4739949806193232
curve,0.8083133887879108,-0.4746656392951206
curve,0.807643700810456,-0.47533353980475385
curve,0.8069740128330012,-0.4759986930380852
curve,0.8063043248555465,-0.4766611097956683
curve,0.8056346368780917,-0.47732080078977845
curve,0.8049649489006369,-0.4779777766454262
curve,0.8042952609231822,-0.47863204790135727
curve,0.8036255729457273,-0.4792836250110365
curve,0.8029558849682726,-0.4799325183436172
curve,0.8022861969908178,-0.48057873818489794
curve,0.801616509013363,-0.481222294738262
curve,0.8009468210359083,-0.4818631981256052
curve,0.8002771330584535,-0.48250145838825104
curve,0.7996074450809987,-0.4831370854878495
curve,0.798937757103544,-0.48377008930726495
curve,0.7982680691260892,-0.48440047965145056
curve,0.7975983811486345,-0.4850282662483103
curve,0.7969286931711796,-0.4856534587495482
curve,0.7962590051937248,-0.4862760667315047
curve,0.7955893172162701,-0.4868960996959831
curve,0.7949196292388153,-0.48751356707106186
curve,0.7942499412613605,-0.4881284782118972
curve,0.7935802532839058,-0.4887408424015123
curve,0.792910565306451,-0.48935066885157796
curve,0.7922408773289962,-0.4899579667031793
curve,0.7915711893515415,-0.4905627450275748
curve,0.7909015013740867,-0.4911650128269415
curve,0.790231813396632,-0.4917647790351124
curve,0.7895621254191771,-0.4923620525183022
curve,0.7888924374417223,-0.49295684207582335
curve,0.7882227494642676,-0.4935491564407922
curve,0.7875530614868128,-0.4941390042808252
curve,0.786883373509358,-0.494726394198726
curve,0.7862136855319033,-0.4953113347331624
curve,0.7855439975544485,-0.495893834359335
curve,0.7848743095769938,-0.4964739014896357
curve,0.784204621599539,-0.4970515444742982
curve,0.7835349336220842,-0.4976267716020387
curve,0.7828652456446294,-0.49819959110068907
curve,0.7821955576671746,-0.4987700111378205
curve,0.7815258696897198,-0.4993380398213593
curve,0.7808561817122651,-0.49990368520019446
curve,0.7801864937348103,-0.5004669552647771
curve,0.7795168057573555,-0.5010278579477115
curve,0.7788471177799008,-0.5015864011243389
curve,0.778177429802446,-0.5021425926133132
curve,0.7775077418249913,-0.5026964401771691
curve,0.7768380538475365,-0.5032479515228832
curve,0.7761683658700816,-0.5037971343024271
curve,0.7754986778926269,-0.5043439961133135
curve,0.7748289899151721,-0.5048885444991354
curve,0.7741593019377173,-0.5054307869500989
curve,0.7734896139602626,-0.5059707309035464
curve,0.7728199259828078,-0.5065083837444772
curve,0.7721502380053531,-0.5070437528060573
curve,0.7714805500278983,-0.5075768453701266
curve,0.7708108620504435,-0.5081076686676954
curve,0.7701411740729888,-0.5086362298794377
curve,0.769471486095534,-0.5091625361361777
curve,0.7688017981180791,-0.5096865945193689
curve,0.7681321101406244,-0.5102084120615681
curve,0.7674624221631696,-0.5107279957469033
curve,0.7667927341857148,-0.5112453525115352
curve,0.7661230462082601,-0.5117604892441141
curve,0.7654533582308053,-0.5122734127862293
curve,0.7647836702533506,-0.5127841299328544
curve,0.7641139822758958,-0.5132926474327871
curve,0.763444294298441,-0.5137989719890821
curve,0.7627746063209863,-0.514303110259479
curve,0.7621049183435314,-0.5148050688568275
curve,0.7614352303660766,-0.5153048543495029
curve,0.7607655423886219,-0.5158024732618206
curve,0.7600958544111671,-0.5162979320744431
curve,0.7594261664337124,-0.5167912372247824
curve,0.7587564784562576,-0.517282395107399
curve,0.7580867904788028,-0.5177714120743936
curve,0.7574171025013481,-0.5182582944357961
curve,0.7567474145238933,-0.5187430484599489
curve,0.7560777265464385,-0.5192256803738857
curve,0.7554080385689838,-0.5197061963637063
curve,0.7547383505915289,-0.5201846025749459
curve,0.7540686626140741,-0.5206609051129415
curve,0.7533989746366194,-0.5211351100431914
curve,0.7527292866591646,-0.521607223391714
curve,0.7520595986817099,-0.5220772511453983
curve,0.7513899107042551,-0.5225451992523543
curve,0.7507202227268003,-0.5230110736222559
curve,0.7500505347493456,-0.5234748801266811
curve,0.7493808467718908,-0.5239366245994497
curve,0.748711158794436,-0.5243963128369539
curve,0.7480414708169812,-0.5248539505984878
curve,0.7473717828395264,-0.5253095436065714
curve,0.7467020948620716,-0.525763097547272
curve,0.7460324068846169,-0.5262146180705205
curve,0.7453627189071621,-0.5266641107904256
curve,0.7446930309297074,-0.5271115812855836
curve,0.7440233429522526,-0.5275570350993837
curve,0.7433536549747978,-0.5280004777403124
curve,0.7426839669973431,-0.5284419146822511
curve,0.7420142790198883,-0.528881351364773
curve,0.7413445910424334,-0.5293187931934356
curve,0.7406749030649787,-0.5297542455400687
curve,0.7400052150875239,-0.5301877137430622
curve,0.7393355271100692,-0.5306192031076472
curve,0.7386658391326144,-0.5310487189061761
curve,0.7379961511551596,-0.5314762663783991
curve,0.7373264631777049,-0.5319018507317369
curve,0.7366567752002501,-0.5323254771415513
curve,0.7359870872227953,-0.5327471507514123
curve,0.7353173992453406,-0.5331668766733619
curve,0.7346477112678858,-0.5335846599881761
curve,0.7339780232904309,-0.5340005057456224
curve,0.7333083353129762,-0.534414418964716
curve,0.7326386473355214,-0.5348264046339721
curve,0.7319689593580667,-0.5352364677116556
curve,0.7312992713806119,-0.5356446131260288
curve,0.7306295834031571,-0.5360508457755956
curve,0.7299598954257024,-0.5364551705293426
curve,0.7292902074482476,-0.5368575922269794
curve,0.7286205194707928,-0.5372581156791743
curve,0.7279508314933381,-0.5376567456677886
curve,0.7272811435158832,-0.5380534869461081
curve,0.7266114555384285,-0.5384483442390715
curve,0.7259417675609737,-0.5388413222434973
curve,0.7252720795835189,-0.539232425628308
curve,0.7246023916060642,-0.5396216590347509
curve,0.7239327036286094,-0.5400090270766182
curve,0.7232630156511546,-0.5403945343404639
curve,0.7225933276736999,-0.5407781853858175
curve,0.7219236396962451,-0.5411599847453972
curve,0.7212539517187903,-0.5415399369253195
curve,0.7205842637413356,-0.541918046405307
curve,0.7199145757638807,-0.542294317638895
curve,0.719244887786426,-0.5426687550536327
curve,0.7185751998089712,-0.5430413630512873
curve,0.7179055118315164,-0.543412146008041
curve,0.7172358238540617,-0.5437811082746898
curve,0.7165661358766069,-0.5441482541768372
curve,0.7158964478991521,-0.544513588015088
curve,0.7152267599216974,-0.5448771140652389
curve,0.7145570719442426,-0.5452388365784681
curve,0.7138873839667879,-0.5455987597815218
curve,0.713217695989333,-0.5459568878768998
curve,0.7125480080118782,-0.5463132250430386
curve,0.7118783200344235,-0.5466677754344922
curve,0.7112086320569687,-0.5470205431821127
curve,0.7105389440795139,-0.5473715323932269
curve,0.7098692561020592,-0.5477207471518125
curve,0.7091995681246044,-0.5480681915186727
curve,0.7085298801471496,-0.5484138695316071
curve,0.7078601921696949,-0.5487577852055842
curve,0.70719050419224,-0.549099942532908
curve,0.7065208162147854,-0.5494403454833868
curve,0.7058511282373305,-0.5497789980044974
curve,0.7051814402598757,-0.5501159040215498
curve,0.704511752282421,-0.5504510674378482
curve,0.7038420643049662,-0.5507844921348528
curve,0.7031723763275114,-0.5511161819723372
curve,0.7025026883500567,-0.5514461407885467
curve,0.7018330003726019,-0.5517743724003535
curve,0.7011633123951472,-0.5521008806034109
curve,0.7004936244176924,-0.5524256691723056
curve,0.6998239364402375,-0.5527487418607098
curve,0.6991542484627828,-0.5530701024015292
curve,0.698484560485328,-0.5533897545070527
curve,0.6978148725078732,-0.5537077018690979
curve,0.6971451845304185,-0.5540239481591569
curve,0.6964754965529637,-0.5543384970285399
curve,0.6958058085755089,-0.5546513521085173
curve,0.6951361205980542,-0.5549625170104613
curve,0.6944664326205994,-0.5552719953259845
curve,0.6937967446431447,-0.5555797906270793
curve,0.6931270566656899,-0.5558859064662538
curve,0.692457368688235,-0.5561903463766684
curve,0.6917876807107803,-0.5564931138722685
curve,0.6911179927333255,-0.5567942124479192
curve,0.6904483047558707,-0.5570936455795352
curve,0.689778616778416,-0.5573914167242128
curve,0.6891089288009612,-0.557687529320358
curve,0.6884392408235065,-0.5579819867878144
curve,0.6877695528460517,-0.5582747925279908
curve,0.6870998648685969,-0.5585659499239854
curve,0.6864301768911422,-0.5588554623407112
curve,0.6857604889136873,-0.5591433331250176
curve,0.6850908009362325,-0.5594295656058138
curve,0.6844211129587778,-0.5597141630941892
curve,0.683751424981323,-0.5599971288835316
curve,0.6830817370038682,-0.560278466249648
curve,0.6824120490264135,-0.5605581784508797
curve,0.6817423610489587,-0.5608362687282201
curve,0.681072673071504,-0.5611127403054288
curve,0.6804029850940492,-0.5613875963891463
curve,0.6797332971165944,-0.5616608401690065
curve,0.6790636091391397,-0.5619324748177488
curve,0.6783939211616848,-0.5622025034913294
curve,0.67772423318423,-0.56247092932903
curve,0.6770545452067753,-0.5627377554535681
curve,0.6763848572293205,-0.5630029849712035
curve,0.6757151692518658,-0.5632666209718453
curve,0.675045481274411,-0.5635286665291589
curve,0.6743757932969562,-0.5637891247006687
curve,0.6737061053195015,-0.564047998527864
curve,0.6730364173420467,-0.5643052910363004
curve,0.6723667293645919,-0.5645610052357029
curve,0.6716970413871372,-0.5648151441200654
curve,0.6710273534096823,-0.5650677106677527
curve,0.6703576654322275,-0.5653187078415979
curve,0.6696879774547728,-0.565568138589001
curve,0.669018289477318,-0.5658160058420276
curve,0.6683486014998633,-0.5660623125175032
curve,0.6676789135224085,-0.5663070615171105
curve,0.6670092255449537,-0.5665502557274832
curve,0.666339537567499,-0.5667918980203001
curve,0.6656698495900442,-0.5670319912523778
curve,0.6650001616125893,-0.567270538265763
curve,0.6643304736351346,-0.5675075418878243
curve,0.6636607856576798,-0.5677430049313416
curve,0.6629910976802251,-0.5679769301945966
curve,0.6623214097027703,-0.5682093204614613
curve,0.6616517217253155,-0.5684401785014863
curve,0.6609820337478608,-0.5686695070699874
curve,0.660312345770406,-0.5688973089081326
curve,0.6596426577929512,-0.569123586743028
curve,0.6589729698154965,-0.5693483432878016
curve,0.6583032818380417,-0.5695715812416892
curve,0.6576335938605868,-0.5697933032901159
curve,0.6569639058831321,-0.5700135121047801
curve,0.6562942179056773,-0.570232210343735
curve,0.6556245299282226,-0.5704494006514695
curve,0.6549548419507678,-0.5706650856589892
curve,0.654285153973313,-0.5708792679838953
curve,0.6536154659958583,-0.5710919502304648
curve,0.6529457780184035,-0.5713031349897276
curve,0.6522760900409487,-0.5715128248395452
curve,0.651606402063494,-0.571721022344687
curve,0.6509367140860391,-0.5719277300569071
curve,0.6502670261085844,-0.5721329505150189
curve,0.6495973381311296,-0.5723366862449708
curve,0.6489276501536748,-0.5725389397599211
curve,0.6482579621762201,-0.5727397135603098
curve,0.6475882741987653,-0.5729390101339337
curve,0.6469185862213105,-0.5731368319560166
curve,0.6462488982438558,-0.573333181489283
curve,0.645579210266401,-0.5735280611840277
curve,0.6449095222889462,-0.5737214734781867
curve,0.6442398343114915,-0.5739134207974074
curve,0.6435701463340366,-0.5741039055551173
curve,0.6429004583565819,-0.5742929301525928
curve,0.6422307703791271,-0.5744804969790273
curve,0.6415610824016723,-0.5746666084115984
curve,0.6408913944242176,-0.5748512668155352
curve,0.6402217064467628,-0.575034474544184
curve,0.639552018469308,-0.575216233939074
curve,0.6388823304918533,-0.5753965473299828
curve,0.6382126425143985,-0.5755754170350008
curve,0.6375429545369438,-0.5757528453605951
curve,0.636873266559489,-0.5759288346016729
curve,0.6362035785820341,-0.5761033870416445
curve,0.6355338906045794,-0.5762765049524853
curve,0.6348642026271246,-0.5764481905947981
curve,0.6341945146496698,-0.5766184462178741
curve,0.6335248266722151,-0.5767872740597535
curve,0.6328551386947603,-0.576954676347286
curve,0.6321854507173055,-0.5771206552961904
curve,0.6315157627398508,-0.577285213111113
curve,0.630846074762396,-0.5774483519856883
curve,0.6301763867849413,-0.5776100741025949
curve,0.6295066988074864,-0.577770381633614
curve,0.6288370108300316,-0.5779292767396874
curve,0.6281673228525769,-0.5780867615709726
curve,0.6274976348751221,-0.5782428382669006
curve,0.6268279468976673,-0.5783975089562303
curve,0.6261582589202126,-0.5785507757571045
curve,0.6254885709427578,-0.5787026407771043
curve,0.6248188829653031,-0.5788531061133038
curve,0.6241491949878483,-0.5790021738523232
curve,0.6234795070103935,-0.5791498460703829
curve,0.6228098190329387,-0.579296124833356
curve,0.6221401310554839,-0.5794410121968208
curve,0.6214704430780291,-0.5795845102061129
curve,0.6208007551005744,-0.5797266208963769
curve,0.6201310671231196,-0.579867346292617
curve,0.6194613791456648,-0.5800066884097484
curve,0.6187916911682101,-0.5801446492526466
curve,0.6181220031907553,-0.5802812308161986
curve,0.6174523152133006,-0.5804164350853505
curve,0.6167826272358458,-0.5805502640351583
curve,0.616112939258391,-0.5806827196308353
curve,0.6154432512809362,-0.5808138038278003
curve,0.6147735633034814,-0.5809435185717263
curve,0.6141038753260266,-0.5810718657985864
curve,0.6134341873485719,-0.5811988474347017
curve,0.6127644993711171,-0.5813244653967875
curve,0.6120948113936623,-0.5814487215919998
curve,0.6114251234162076,-0.5815716179179801
curve,0.6107554354387528,-0.5816931562629023
curve,0.6100857474612981,-0.5818133385055156
curve,0.6094160594838433,-0.581932166515191
curve,0.6087463715063884,-0.5820496421519644
curve,0.6080766835289337,-0.5821657672665804
curve,0.6074069955514789,-0.5822805437005368
curve,0.6067373075740241,-0.5823939732861261
curve,0.6060676195965694,-0.5825060578464794
curve,0.6053979316191146,-0.5826167991956084
curve,0.6047282436416599,-0.582726199138447
curve,0.6040585556642051,-0.5828342594708937
curve,0.6033888676867503,-0.5829409819798518
curve,0.6027191797092956,-0.5830463684432713
curve,0.6020494917318407,-0.5831504206301891
curve,0.6013798037543859,-0.5832531403007691
curve,0.6007101157769312,-0.5833545292063418
curve,0.6000404277994764,-0.5834545890894449
curve,0.5993707398220216,-0.5835533216838611
curve,0.5987010518445669,-0.5836507287146577
curve,0.5980313638671121,-0.5837468118982256
curve,0.5973616758896574,-0.583841572942316
curve,0.5966919879122026,-0.58393501354608
curve,0.5960222999347478,-0.5840271354001048
curve,0.595352611957293,-0.5841179401864515
curve,0.5946829239798382,-0.5842074295786921
curve,0.5940132360023834,-0.5842956052419457
curve,0.5933435480249287,-0.5843824688329151
curve,0.5926738600474739,-0.5844680219999223
curve,0.5920041720700192,-0.5845522663829448
curve,0.5913344840925644,-0.5846352036136501
curve,0.5906647961151096,-0.5847168353154314
curve,0.5899951081376549,-0.5847971631034421
curve,0.5893254201602001,-0.5848761885846302
curve,0.5886557321827453,-0.5849539133577724
curve,0.5879860442052905,-0.5850303390135074
curve,0.5873163562278357,-0.585105467134371
curve,0.5866466682503809,-0.585179299294827
curve,0.5859769802729262,-0.5852518370613028
curve,0.5853072922954714,-0.5853230819922194
curve,0.5846376043180167,-0.5853930356380258
curve,0.5839679163405619,-0.5854616995412302
curve,0.5832982283631071,-0.5855290752364316
curve,0.5826285403856524,-0.5855951642503521
curve,0.5819588524081976,-0.5856599681018673
curve,0.5812891644307427,-0.5857234883020379
curve,0.580619476453288,-0.5857857263541402
curve,0.5799497884758332,-0.5858466837536961
curve,0.5792801004983785,-0.5859063619885042
curve,0.5786104125209237,-0.5859647625386686
curve,0.5779407245434689,-0.5860218868766296
curve,0.5772710365660142,-0.5860777364671916
curve,0.5766013485885594,-0.5861323127675545
curve,0.5759316606111046,-0.5861856172273395
curve,0.5752619726336499,-0.5862376512886204
curve,0.574592284656195,-0.5862884163859506
curve,0.5739225966787402,-0.5863379139463915
curve,0.5732529087012855,-0.5863861453895396
curve,0.5725832207238307,-0.5864331121275552
curve,0.571913532746376,-0.5864788155651893
curve,0.5712438447689212,-0.58652325709981
curve,0.5705741567914664,-0.5865664381214303
curve,0.5699044688140117,-0.586608360012734
curve,0.5692347808365569,-0.586649024149102
curve,0.5685650928591021,-0.5866884318986393
curve,0.5678954048816474,-0.5867265846221995
curve,0.5672257169041925,-0.5867634836734115
curve,0.5665560289267378,-0.5867991303987041
curve,0.565886340949283,-0.5868335261373319
curve,0.5652166529718282,-0.5868666722213992
curve,0.5645469649943735,-0.5868985699758857
curve,0.5638772770169187,-0.5869292207186708
curve,0.5632075890394639,-0.5869586257605565
curve,0.5625379010620092,-0.5869867864052932
curve,0.5618682130845544,-0.5870137039496022
curve,0.5611985251070996,-0.5870393796832
curve,0.5605288371296449,-0.5870638148888208
curve,0.55985914915219,-0.5870870108422402
curve,0.5591894611747353,-0.5871089688122983
curve,0.5585197731972805,-0.5871296900609214
curve,0.5578500852198257,-0.5871491758431453
curve,0.557180397242371,-0.5871674274071367
curve,0.5565107092649162,-0.587184445994216
curve,0.5558410212874614,-0.5872002328388789
curve,0.5551713333100067,-0.5872147891688171
curve,0.5545016453325519,-0.5872281162049411
curve,0.5538319573550972,-0.5872402151614
curve,0.5531622693776423,-0.5872510872456035
curve,0.5524925814001875,-0.5872607336582414
curve,0.5518228934227328,-0.5872691555933054
curve,0.551153205445278,-0.5872763542381088
curve,0.5504835174678232,-0.5872823307733058
curve,0.5498138294903685,-0.5872870863729136
curve,0.5491441415129137,-0.5872906222043296
curve,0.5484744535354589,-0.5872929394283526
curve,0.5478047655580042,-0.587294039199201
curve,0.5471350775805494,-0.5872939226645327
curve,0.5464653896030947,-0.5872925909654637
curve,0.5457957016256398,-0.5872900452365868
curve,0.545126013648185,-0.5872862866059897
curve,0.5444563256707303,-0.5872813161952738
curve,0.5437866376932755,-0.5872751351195727
curve,0.5431169497158207,-0.587267744487569
curve,0.542447261738366,-0.5872591454015129
curve,0.5417775737609112,-0.5872493389572391
curve,0.5411078857834565,-0.587238326244185
curve,0.5404381978060017,-0.5872261083454071
curve,0.5397685098285468,-0.5872126863375978
curve,0.5390988218510921,-0.5871980612911035
curve,0.5384291338736373,-0.5871822342699394
curve,0.5377594458961825,-0.5871652063318071
curve,0.5370897579187278,-0.5871469785281106
curve,0.536420069941273,-0.5871275519039721
curve,0.5357503819638182,-0.5871069274982479
curve,0.5350806939863635,-0.5870851063435439
curve,0.5344110060089087,-0.5870620894662321
curve,0.533741318031454,-0.5870378778864642
curve,0.5330716300539992,-0.5870124726181885
curve,0.5324019420765443,-0.586985874669163
curve,0.5317322540990896,-0.586958085040972
curve,0.5310625661216348,-0.5869291047290397
curve,0.53039287814418,-0.586898934722644
curve,0.5297231901667253,-0.5868675760049326
curve,0.5290535021892705,-0.5868350295529349
curve,0.5283838142118158,-0.5868012963375779
curve,0.527714126234361,-0.586766377323698
curve,0.5270444382569062,-0.5867302734700562
curve,0.5263747502794515,-0.5866929857293504
curve,0.5257050623019967,-0.5866545150482287
curve,0.5250353743245418,-0.5866148623673031
curve,0.5243656863470871,-0.5865740286211614
curve,0.5236959983696323,-0.5865320147383809
curve,0.5230263103921775,-0.5864888216415398
curve,0.5223566224147228,-0.5864444502472307
curve,0.521686934437268,-0.5863989014660714
curve,0.5210172464598133,-0.5863521762027186
curve,0.5203475584823585,-0.5863042753558781
curve,0.5196778705049037,-0.5862551998183173
curve,0.519008182527449,-0.5862049504768769
curve,0.5183384945499941,-0.5861535282124815
curve,0.5176688065725393,-0.5861009339001515
curve,0.5169991185950846,-0.5860471684090136
curve,0.5163294306176298,-0.5859922326023121
curve,0.5156597426401751,-0.5859361273374188
curve,0.5149900546627203,-0.5858788534658446
curve,0.5143203666852655,-0.5858204118332488
curve,0.5136506787078108,-0.58576080327945
curve,0.512980990730356,-0.5857000286384361
curve,0.5123113027529012,-0.5856380887383733
curve,0.5116416147754465,-0.5855749844016174
curve,0.5109719267979916,-0.5855107164447215
curve,0.5103022388205368,-0.585445285678447
curve,0.5096325508430821,-0.5853786929077717
curve,0.5089628628656273,-0.5853109389318992
curve,0.5082931748881726,-0.5852420245442685
curve,0.5076234869107178,-0.5851719505325617
curve,0.506953798933263,-0.5851007176787131
curve,0.5062841109558083,-0.5850283267589174
curve,0.5056144229783535,-0.5849547785436384
curve,0.5049447350008986,-0.5848800737976172
curve,0.504275047023444,-0.584804213279879
curve,0.5036053590459891,-0.5847271977437423
curve,0.5029356710685344,-0.5846490279368259
curve,0.5022659830910796,-0.5845697046010567
curve,0.5015962951136248,-0.5844892284726763
curve,0.5009266071361701,-0.5844076002822493
curve,0.5002569191587153,-0.5843248207546691
curve,0.4995872311812605,-0.5842408906091658
curve,0.4989175432038057,-0.5841558105593129
curve,0.49824785522635096,-0.5840695813130327
curve,0.4975781672488962,-0.5839822035726042
curve,0.49690847927144144,-0.583893678034668
curve,0.4962387912939866,-0.5838040053902337
curve,0.49556910331653187,-0.5837131863246849
curve,0.4948994153390771,-0.5836212215177853
curve,0.49422972736162235,-0.5835281116436847
curve,0.49356003938416754,-0.5834338573709236
curve,0.4928903514067128,-0.5833384593624398
curve,0.492220663429258,-0.583241918275572
curve,0.49155097545180326,-0.5831442347620668
curve,0.49088128747434845,-0.5830454094680815
curve,0.4902115994968937,-0.5829454430341903
curve,0.48954191151943893,-0.5828443360953885
curve,0.4888722235419841,-0.5827420892810966
curve,0.48820253556452936,-0.5826387032151651
curve,0.4875328475870746,-0.5825341785158777
curve,0.48686315960961984,-0.5824285157959571
curve,0.48619347163216503,-0.5823217156625664
curve,0.4855237836547103,-0.5822137787173143
curve,0.4848540956772555,-0.582104705556259
curve,0.48418440769980076,-0.58199449676991
curve,0.48351471972234594,-0.5818831529432328
curve,0.4828450317448912,-0.581770674655651
curve,0.4821753437674364,-0.5816570624810499
curve,0.48150565578998167,-0.5815423169877785
curve,0.48083596781252685,-0.5814264387386527
curve,0.4801662798350721,-0.5813094282909581
curve,0.47949659185761734,-0.5811912861964509
curve,0.4788269038801626,-0.5810720130013618
curve,0.47815721590270777,-0.5809516092463962
curve,0.477487527925253,-0.5808300754667383
curve,0.47681783994779825,-0.5807074121920502
curve,0.47614815197034344,-0.580583619946476
curve,0.4754784639928887,-0.5804586992486408
curve,0.4748087760154339,-0.5803326506116536
curve,0.47413908803797916,-0.5802054745431083
curve,0.47346940006052435,-0.5800771715450836
curve,0.4727997120830696,-0.5799477421141448
curve,0.47213002410561483,-0.5798171867413437
curve,0.4714603361281601,-0.57968550591222
curve,0.47079064815070526,-0.5795527001068006
curve,0.4701209601732505,-0.5794187697996004
curve,0.46945127219579574,-0.5792837154596222
curve,0.468781584218341,-0.5791475375503564
curve,0.46811189624088617,-0.5790102365297813
curve,0.4674422082634314,-0.5788718128503617
curve,0.46677252028597666,-0.5787322669590492
curve,0.4661028323085219,-0.578591599297281
curve,0.4654331443310671,-0.578449810300979
curve,0.4647634563536123,-0.5783069004005491
curve,0.46409376837615757,-0.5781628700208793
curve,0.46342408039870275,-0.5780177195813395
curve,0.462754392421248,-0.5778714494957786
curve,0.46208470444379324,-0.5777240601725239
curve,0.4614150164663385,-0.5775755520143784
curve,0.46074532848888367,-0.5774259254186201
curve,0.4600756405114289,-0.5772751807769984
curve,0.45940595253397415,-0.5771233184757323
curve,0.4587362645565194,-0.5769703388955087
curve,0.4580665765790646,-0.5768162424114789
curve,0.4573968886016098,-0.576661029393256
curve,0.45672720062415506,-0.5765047002049123
curve,0.4560575126467003,-0.5763472552049757
curve,0.4553878246692455,-0.5761886947464272
curve,0.45471813669179073,-0.5760290191766966
curve,0.454048448714336,-0.5758682288376595
curve,0.4533787607368812,-0.5757063240656338
curve,0.4527090727594264,-0.5755433051913751
curve,0.45203938478197164,-0.5753791725400729
curve,0.4513696968045169,-0.5752139264313471
curve,0.45070000882706207,-0.5750475671792424
curve,0.4500303208496073,-0.5748800950922248
curve,0.44936063287215255,-0.5747115104731766
curve,0.4486909448946978,-0.5745418136193908
curve,0.448021256917243,-0.5743710048225678
curve,0.4473515689397882,-0.5741990843688081
curve,0.44668188096233347,-0.5740260525386087
curve,0.4460121929848787,-0.5738519096068565
curve,0.4453425050074239,-0.5736766558428233
curve,0.44467281702996914,-0.5735002915101592
curve,0.4440031290525144,-0.5733228168668875
curve,0.4433334410750596,-0.5731442321653976
curve,0.4426637530976048,-0.5729645376524392
curve,0.44199406512015005,-0.572783733569116
curve,0.4413243771426953,-0.5726018201508782
curve,0.4406546891652405,-0.5724187976275166
curve,0.4399850011877857,-0.5722346662231542
curve,0.43931531321033096,-0.5720494261562407
curve,0.4386456252328762,-0.5718630776395439
curve,0.4379759372554214,-0.5716756208801425
curve,0.43730624927796663,-0.5714870560794186
curve,0.43663656130051187,-0.5712973834330491
curve,0.4359668733230571,-0.571106603130999
curve,0.4352971853456023,-0.5709147153575113
curve,0.43462749736814754,-0.5707217202910997
curve,0.4339578093906928,-0.5705276181045407
curve,0.433288121413238,-0.5703324089648626
curve,0.4326184334357832,-0.570136093033339
curve,0.43194874545832845,-0.569938670465478
curve,0.4312790574808737,-0.5697401414110133
curve,0.43060936950341894,-0.5695405060138949
curve,0.4299396815259641,-0.5693397644122797
curve,0.42926999354850937,-0.5691379167385207
curve,0.4286003055710546,-0.5689349631191576
curve,0.4279306175935998,-0.5687309036749064
curve,0.42726092961614504,-0.5685257385206494
curve,0.4265912416386903,-0.5683194677654236
curve,0.4259215536612355,-0.5681120915124109
curve,0.4252518656837807,-0.5679036098589265
curve,0.42458217770632595,-0.567694022896408
curve,0.4239124897288712,-0.5674833307104038
curve,0.42324280175141643,-0.5672715333805618
curve,0.4225731137739616,-0.5670586309806175
curve,0.42190342579650686,-0.5668446235783822
curve,0.4212337378190521,-0.5666295112357301
curve,0.42056404984159734,-0.5664132940085876
curve,0.41989436186414253,-0.5661959719469191
curve,0.41922467388668777,-0.5659775450947145
curve,0.418554985909233,-0.5657580134899778
curve,0.41788529793177825,-0.5655373771647115
curve,0.41721560995432344,-0.565315636144906
curve,0.4165459219768687,-0.5650927904505234
curve,0.4158762339994139,-0.5648688400954859
curve,0.4152065460219591,-0.5646437850876602
curve,0.41453685804450435,-0.5644176254288448
curve,0.4138671700670496,-0.5641903611147546
curve,0.41319748208959484,-0.5639619921350066
curve,0.41252779411214,-0.5637325184731055
curve,0.41185810613468526,-0.563501940106428
curve,0.4111884181572305,-0.5632702570062083
curve,0.41051873017977575,-0.5630374691375222
curve,0.40984904220232093,-0.5628035764592717
curve,0.4091793542248662,-0.5625685789241693
curve,0.4085096662474114,-0.5623324764787212
curve,0.40783997826995666,-0.5620952690632122
curve,0.40717029029250185,-0.5618569566116877
curve,0.4065006023150471,-0.5616175390519388
curve,0.40583091433759233,-0.5613770163054834
curve,0.40516122636013757,-0.5611353882875505
curve,0.40449153838268276,-0.5608926549070623
curve,0.403821850405228,-0.5606488160666161
curve,0.40315216242777324,-0.5604038716624673
curve,0.40248247445031843,-0.5601578215845106
curve,0.40181278647286367,-0.5599106657162621
curve,0.4011430984954089,-0.5596624039348403
curve,0.40047341051795415,-0.5594130361109483
curve,0.39980372254049934,-0.559162562108853
curve,0.3991340345630446,-0.5589109817863674
curve,0.3984643465855898,-0.5586582949948311
curve,0.39779465860813507,-0.558404501579089
curve,0.39712497063068025,-0.5581496013774732
curve,0.3964552826532255,-0.5578935942217811
curve,0.39578559467577074,-0.5576364799372563
curve,0.395115906698316,-0.5573782583425667
curve,0.39444621872086116,-0.5571189292497843
curve,0.3937765307434064,-0.5568584924643641
curve,0.39310684276595165,-0.5565969477851211
curve,0.3924371547884969,-0.5563342950042107
curve,0.3917674668110421,-0.5560705339071048
curve,0.3910977788335873,-0.555805664272571
curve,0.39042809085613256,-0.5555396858726489
curve,0.38975840287867775,-0.5552725984726277
curve,0.389088714901223,-0.5550044018310236
curve,0.38841902692376823,-0.5547350956995558
curve,0.38774933894631347,-0.5544646798231233
curve,0.38707965096885866,-0.5541931539397804
curve,0.3864099629914039,-0.5539205177807136
curve,0.38574027501394914,-0.5536467710702162
curve,0.3850705870364944,-0.5533719135256641
curve,0.38440089905903957,-0.5530959448574901
curve,0.3837312110815848,-0.5528188647691601
curve,0.38306152310413005,-0.5525406729571458
curve,0.3823918351266753,-0.5522613691109
curve,0.3817221471492205,-0.5519809529128298
curve,0.3810524591717657,-0.5516994240382707
curve,0.38038277119431096,-0.5514167821554593
curve,0.3797130832168562,-0.551133026925507
curve,0.3790433952394014,-0.5508481580023717
curve,0.37837370726194663,-0.5505621750328312
curve,0.3777040192844919,-0.5502750776564543
curve,0.37703433130703706,-0.5499868655055733
curve,0.3763646433295823,-0.549697538205255
curve,0.37569495535212755,-0.549407095373272
curve,0.3750252673746728,-0.5491155366200735
curve,0.374355579397218,-0.5488228615487554
curve,0.3736858914197632,-0.5485290697550316
curve,0.37301620344230846,-0.5482341608272022
curve,0.3723465154648537,-0.5479381343461247
curve,0.3716768274873989,-0.5476409898851818
curve,0.37100713950994413,-0.5473427270102513
curve,0.37033745153248937,-0.5470433452796739
curve,0.3696677635550346,-0.5467428442442216
curve,0.3689980755775798,-0.5464412234470659
curve,0.36832838760012504,-0.5461384824237449
curve,0.3676586996226703,-0.5458346207021305
curve,0.36698901164521547,-0.5455296378023953
curve,0.3663193236677607,-0.5452235332369793
curve,0.36564963569030595,-0.5449163065105551
curve,0.3649799477128512,-0.5446079571199951
curve,0.3643102597353964,-0.5442984845543354
curve,0.3636405717579416,-0.5439878882947417
curve,0.36297088378048686,-0.5436761678144737
curve,0.3623011958030321,-0.5433633225788493
curve,0.3616315078255773,-0.5430493520452087
curve,0.36096181984812253,-0.5427342556628776
curve,0.3602921318706678,-0.5424180328731306
curve,0.359622443893213,-0.5421006831091537
curve,0.3589527559157582,-0.5417822057960069
curve,0.35828306793830345,-0.5414626003505861
curve,0.3576133799608487,-0.5411418661815844
curve,0.35694369198339393,-0.5408200026894541
curve,0.3562740040059391,-0.5404970092663656
curve,0.35560431602848436,-0.5401728852961705
curve,0.3549346280510296,-0.5398476301543588
curve,0.3542649400735748,-0.5395212432080201
curve,0.35359525209612,-0.5391937238158026
curve,0.35292556411866527,-0.5388650713278705
curve,0.3522558761412105,-0.5385352850858642
curve,0.3515861881637557,-0.5382043644228562
curve,0.35091650018630094,-0.53787230866331
curve,0.3502468122088462,-0.537539117123036
curve,0.3495771242313914,-0.5372047891091484
curve,0.3489074362539366,-0.5368693239200213
curve,0.34823774827648185,-0.5365327208452441
curve,0.3475680602990271,-0.5361949791655771
curve,0.34689837232157233,-0.5358560981529054
curve,0.3462286843441175,-0.5355160770701934
curve,0.34555899636666276,-0.5351749151714391
curve,0.344889308389208,-0.5348326117016265
curve,0.34421962041175325,-0.5344891658966792
curve,0.34354993243429843,-0.5341445769834112
curve,0.3428802444568437,-0.533798844179481
curve,0.3422105564793889,-0.5334519666933407
curve,0.3415408685019341,-0.5331039437241882
curve,0.34087118052447934,-0.5327547744619168
curve,0.3402014925470246,-0.5324044580870649
curve,0.33953180456956983,-0.5320529937707662
curve,0.338862116592115,-0.5317003806746968
curve,0.33819242861466026,-0.5313466179510254
curve,0.3375227406372055,-0.5309917047423593
curve,0.33685305265975074,-0.5306356401816925
curve,0.3361833646822959,-0.5302784233923513
curve,0.33551367670484117,-0.5299200534879421
curve,0.3348439887273864,-0.5295605295722953
curve,0.33417430074993165,-0.52919985073941
curve,0.33350461277247684,-0.5288380160734005
curve,0.3328349247950221,-0.5284750246484377
curve,0.3321652368175673,-0.5281108755286936
curve,0.33149554884011256,-0.5277455677682836
curve,0.33082586086265775,-0.5273791004112088
curve,0.330156172885203,-0.5270114724912968
curve,0.32948648490774823,-0.5266426830321429
curve,0.3288167969302934,-0.5262727310470509
curve,0.32814710895283866,-0.5259016155389715
curve,0.3274774209753839,-0.5255293355004426
curve,0.32680773299792915,-0.5251558899135262
curve,0.32613804502047433,-0.5247812777497478
curve,0.3254683570430196,-0.5244054979700319
curve,0.3247986690655648,-0.5240285495246393
curve,0.32412898108811006,-0.5236504313531026
curve,0.32345929311065524,-0.5232711423841614
curve,0.3227896051332005,-0.522890681535697
curve,0.3221199171557457,-0.522509047714665
curve,0.32145022917829097,-0.5221262398170301
curve,0.32078054120083616,-0.5217422567276968
curve,0.3201108532233814,-0.5213570973204423
curve,0.31944116524592664,-0.5209707604578467
curve,0.3187714772684719,-0.5205832449912237
curve,0.31810178929101707,-0.5201945497605491
curve,0.3174321013135623,-0.5198046735943915
curve,0.31676241333610755,-0.5194136153098383
curve,0.31609272535865274,-0.5190213737124243
curve,0.315423037381198,-0.5186279475960575
curve,0.3147533494037432,-0.5182333357429451
curve,0.31408366142628846,-0.5178375369235184
curve,0.31341397344883365,-0.5174405498963573
curve,0.3127442854713789,-0.5170423734081134
curve,0.31207459749392413,-0.5166430061934326
curve,0.3114049095164694,-0.5162424469748764
curve,0.31073522153901456,-0.515840694462844
curve,0.3100655335615598,-0.5154377473554914
curve,0.30939584558410504,-0.5150336043386509
curve,0.3087261576066503,-0.5146282640857501
curve,0.3080564696291955,-0.5142217252577282
curve,0.3073867816517407,-0.5138139865029546
curve,0.30671709367428596,-0.5134050464571425
curve,0.30604740569683114,-0.5129949037432653
curve,0.3053777177193764,-0.5125835569714704
curve,0.3047080297419216,-0.5121710047389918
curve,0.30403834176446687,-0.5117572456300629
curve,0.30336865378701205,-0.5113422782158268
curve,0.3026989658095573,-0.5109261010542478
curve,0.30202927783210254,-0.51050871269002
curve,0.3013595898546478,-0.5100901116544756
curve,0.30068990187719297,-0.5096702964654924
curve,0.3000202138997382,-0.5092492656274005
curve,0.29935052592228345,-0.5088270176308876
curve,0.2986808379448287,-0.5084035509529026
curve,0.2980111499673739,-0.5079788640565599
curve,0.2973414619899191,-0.5075529553910415
curve,0.29667177401246436,-0.5071258233914981
curve,0.2960020860350096,-0.5066974664789488
curve,0.2953323980575548,-0.506267883060181
curve,0.29466271008010003,-0.5058370715276481
curve,0.2939930221026453,-0.5054050302593663
curve,0.29332333412519046,-0.5049717576188104
curve,0.2926536461477357,-0.5045372519548083
curve,0.29198395817028094,-0.5041015116014351
curve,0.2913142701928262,-0.5036645348779045
curve,0.29064458221537137,-0.503226320088461
curve,0.2899748942379166,-0.5027868655222686
curve,0.28930520626046186,-0.5023461694533008
curve,0.2886355182830071,-0.5019042301402276
curve,0.2879658303055523,-0.5014610458263011
curve,0.2872961423280975,-0.5010166147392422
curve,0.28662645435064277,-0.5005709350911227
curve,0.285956766373188,-0.5001240050782488
curve,0.2852870783957332,-0.49967582288104156
curve,0.28461739041827844,-0.49922638666391783
curve,0.2839477024408237,-0.4987756945751675
curve,0.2832780144633689,-0.4983237447468313
curve,0.2826083264859141,-0.49787053529457714
curve,0.28193863850845935,-0.4974160643175734
curve,0.2812689505310046,-0.4969603298983629
curve,0.2805992625535498,-0.4965033301027339
curve,0.279929574576095,-0.4960450629795905
curve,0.27925988659864026,-0.4955855265608217
curve,0.2785901986211855,-0.4951247188611676
curve,0.2779205106437307,-0.49466263787808595
curve,0.27725082266627593,-0.49419928159161625
curve,0.2765811346888212,-0.49373464796424205
curve,0.2759114467113664,-0.49326873494075246
curve,0.2752417587339116,-0.4928015404481013
curve,0.27457207075645684,-0.49233306239526514
curve,0.2739023827790021,-0.49186329867309975
curve,0.2732326948015473,-0.49139224715419444
curve,0.2725630068240925,-0.4909199056927254
curve,0.27189331884663775,-0.49044627212430647
curve,0.271223630869183,-0.48997134426583916
curve,0.27055394289172824,-0.48949511991536065
curve,0.2698842549142734,-0.4890175968518891
curve,0.26921456693681867,-0.4885387728352688
curve,0.2685448789593639,-0.48805864560601225
curve,0.2678751909819091,-0.48757721288514083
curve,0.26720550300445434,-0.4870944723740235
curve,0.2665358150269996,-0.48661042175421415
curve,0.2658661270495448,-0.48612505868728617
curve,0.26519643907209,-0.485638380814666
curve,0.26452675109463525,-0.4851503857574637
curve,0.2638570631171805,-0.4846610711163026
curve,0.26318737513972573,-0.48417043447114594
curve,0.2625176871622709,-0.48367847338112246
curve,0.26184799918481616,-0.4831851853843491
curve,0.2611783112073614,-0.48269056799775223
curve,0.26050862322990664,-0.4821946187168857
curve,0.25983893525245183,-0.4816973350157484
curve,0.25916924727499707,-0.48119871434659783
curve,0.2584995592975423,-0.48069875413976326
curve,0.25782987132008756,-0.48019745180345474
curve,0.25716018334263274,-0.47969480472357123
curve,0.256490495365178,-0.47919081026350596
curve,0.2558208073877232,-0.4786854657639496
curve,0.2551511194102684,-0.47817876854269026
curve,0.25448143143281365,-0.4776707158944123
curve,0.2538117434553589,-0.47716130509049215
curve,0.25314205547790414,-0.47665053337879054
curve,0.2524723675004493,-0.4761383979834447
curve,0.25180267952299457,-0.47562489610465536
curve,0.2511329915455398,-0.475110024918473
curve,0.25046330356808505,-0.4745937815765804
curve,0.24979361559063026,-0.4740761632060729
curve,0.24912392761317548,-0.4735571669092364
curve,0.24845423963572072,-0.47303678976332153
curve,0.24778455165826593,-0.4725150288203161
curve,0.24711486368081118,-0.4719918811067137
curve,0.2464451757033564,-0.4714673436232807
curve,0.24577548772590163,-0.470941413344819
curve,0.24510579974844685,-0.4704140872199266
curve,0.24443611177099206,-0.4698853621707551
curve,0.2437664237935373,-0.4693552350927638
curve,0.24309673581608252,-0.46882370285447084
curve,0.24242704783862776,-0.46829076229720146
curve,0.24175735986117297,-0.4677564102348329
curve,0.2410876718837182,-0.46722064345353576
curve,0.24041798390626343,-0.4666834587115123
curve,0.23974829592880867,-0.46614485273873174
curve,0.23907860795135388,-0.46560482223666144
curve,0.23840891997389912,-0.4650633638779953
curve,0.23773923199644434,-0.46452047430637805
curve,0.23706954401898958,-0.46397615013612664
curve,0.2363998560415348,-0.4634303879519474
curve,0.23573016806408004,-0.46288318430865005
curve,0.23506048008662525,-0.4623345357308575
curve,0.2343907921091705,-0.46178443871271224
curve,0.2337211041317157,-0.4612328897175788
curve,0.23305141615426095,-0.460679885177742
curve,0.23238172817680616,-0.46012542149410185
curve,0.23171204019935138,-0.4595694950358635
curve,0.23104235222189662,-0.45901210214022437
curve,0.23037266424444183,-0.4584532391120558
curve,0.22970297626698707,-0.4578929022235815
curve,0.2290332882895323,-0.4573310877140507
curve,0.22836360031207753,-0.45676779178940835
curve,0.22769391233462274,-0.45620301062195917
curve,0.227024224357168,-0.4556367403500287
curve,0.2263545363797132,-0.45506897707761895
curve,0.22568484840225844,-0.4544997168740594
curve,0.22501516042480366,-0.4539289557736539
curve,0.2243454724473489,-0.45335668977532173
curve,0.2236757844698941,-0.452782914842235
curve,0.22300609649243935,-0.45220762690145
curve,0.22233640851498457,-0.45163082184353426
curve,0.2216667205375298,-0.45105249552218785
curve,0.22099703256007502,-0.45047264375386
curve,0.22032734458262024,-0.4498912623173602
curve,0.21965765660516548,-0.4493083469534641
curve,0.2189879686277107,-0.4487238933645131
curve,0.21831828065025594,-0.44813789721400993
curve,0.21764859267280115,-0.4475503541262066
curve,0.2169789046953464,-0.4469612596856884
curve,0.2163092167178916,-0.4463706094369509
curve,0.21563952874043685,-0.44577839888397164
curve,0.21496984076298206,-0.4451846234897749
curve,0.2143001527855273,-0.4445892786759915
curve,0.21363046480807252,-0.44399235982241114
curve,0.21296077683061776,-0.4433938622665292
curve,0.21229108885316297,-0.4427937813030866
curve,0.21162140087570822,-0.4421921121836032
curve,0.21095171289825343,-0.4415888501159046
curve,0.21028202492079867,-0.4409839902636417
curve,0.20961233694334389,-0.4403775277458038
curve,0.20894264896588913,-0.4397694576362243
curve,0.20827296098843434,-0.43915977496307923
curve,0.20760327301097956,-0.4385484747083785
curve,0.2069335850335248,-0.4379355518074496
curve,0.20626389705607,-0.437321001148414
curve,0.20559420907861525,-0.4367048175716554
curve,0.20492452110116047,-0.4360869958692801
curve,0.2042548331237057,-0.43546753078457007
curve,0.20358514514625092,-0.4348464170114267
curve,0.20291545716879617,-0.4342236491938075
curve,0.20224576919134138,-0.43359922192515316
curve,0.20157608121388662,-0.43297312974780683
curve,0.20090639323643184,-0.43234536715242433
curve,0.20023670525897708,-0.4317159285773755
curve,0.1995670172815223,-0.4310848084081361
curve,0.19889732930406753,-0.4304520009766713
curve,0.19822764132661275,-0.42981750056080836
curve,0.197557953349158,-0.4291813013836015
curve,0.1968882653717032,-0.428543397612685
curve,0.19621857739424844,-0.4279037833596181
curve,0.19554888941679366,-0.4272624526792183
curve,0.19487920143933887,-0.42661939956888567
curve,0.19420951346188411,-0.4259746179679153
curve,0.19353982548442933,-0.4253281017567996
curve,0.19287013750697457,-0.4246798447565202
curve,0.19220044952951978,-0.42402984072782746
curve,0.19153076155206503,-0.4233780833705096
curve,0.19086107357461024,-0.42272456632264965
curve,0.19019138559715548,-0.42206928315987136
curve,0.1895216976197007,-0.4214122273945717
curve,0.18885200964224594,-0.4207533924751425
curve,0.18818232166479115,-0.4200927717851786
curve,0.1875126336873364,-0.4194303586426739
curve,0.1868429457098816,-0.4187661462992035
curve,0.18617325773242685,-0.4181001279390937
curve,0.18550356975497206,-0.41743229667857734
curve,0.1848338817775173,-0.41676264556493636
curve,0.18416419380006252,-0.41609116757562925
curve,0.18349450582260773,-0.4154178556174049
curve,0.18282481784515298,-0.4147427025254016
curve,0.1821551298676982,-0.4140657010622305
curve,0.18148544189024343,-0.41338684391704494
curve,0.18081575391278865,-0.41270612370459303
curve,0.1801460659353339,-0.41202353296425537
curve,0.1794763779578791,-0.41133906415906546
curve,0.17880668998042434,-0.4106527096747148
curve,0.17813700200296956,-0.4099644618185398
curve,0.1774673140255148,-0.40927431281849286
curve,0.17679762604806,-0.40858225482209415
curve,0.17612793807060526,-0.4078882798953673
curve,0.17545825009315047,-0.4071923800217552
curve,0.1747885621156957,-0.40649454710101796
curve,0.17411887413824093,-0.4057947729481113
curve,0.17344918616078617,-0.40509304929204576
curve,0.17277949818333138,-0.40438936777472556
curve,0.17210981020587662,-0.4036837199497677
curve,0.17144012222842184,-0.40297609728129913
curve,0.17077043425096705,-0.40226649114273405
curve,0.1701007462735123,-0.401554892815529
curve,0.1694310582960575,-0.4008412934879145
curve,0.16876137031860275,-0.4001256842536064
curve,0.16809168234114796,-0.399408056110492
curve,0.1674219943636932,-0.3986883999592936
curve,0.16675230638623842,-0.3979667066022072
curve,0.16608261840878366,-0.39724296674151716
curve,0.16541293043132888,-0.3965171709781849
curve,0.16474324245387412,-0.39578930981041255
curve,0.16407355447641933,-0.3950593736321789
curve,0.16340386649896457,-0.3943273527317499
curve,0.1627341785215098,-0.39359323729016016
curve,0.16206449054405503,-0.3928570173796672
curve,0.16139480256660024,-0.39211868296217606
curve,0.16072511458914548,-0.3913782238876349
curve,0.1600554266116907,-0.39063562989239986
curve,0.15938573863423594,-0.3898908905975696
curve,0.15871605065678115,-0.3891439955072874
curve,0.15804636267932637,-0.38839493400701175
curve,0.1573766747018716,-0.387643695361753
curve,0.15670698672441682,-0.3868902687142765
curve,0.15603729874696207,-0.38613464308327117
curve,0.15536761076950728,-0.3853768073614817
curve,0.15469792279205252,-0.38461675031380593
curve,0.15402823481459774,-0.38385446057535294
curve,0.15335854683714298,-0.38308992664946484
curve,0.1526888588596882,-0.3823231369056984
curve,0.15201917088223343,-0.38155407957776677
curve,0.15134948290477865,-0.38078274276144075
curve,0.1506797949273239,-0.38000911441240776
curve,0.1500101069498691,-0.37923318234408726
curve,0.14934041897241435,-0.37845493422540344
curve,0.14867073099495956,-0.37767435757851103
curve,0.1480010430175048,-0.37689143977647643
curve,0.14733135504005002,-0.3761061680409105
curve,0.14666166706259523,-0.3753185294395525
curve,0.14599197908514047,-0.3745285108838054
curve,0.14532229110768569,-0.3737360991262186
curve,0.14465260313023093,-0.3729412807579192
curve,0.14398291515277614,-0.3721440422059895
curve,0.14331322717532138,-0.3713443697307887
curve,0.1426435391978666,-0.37054224942321873
curve,0.14197385122041184,-0.36973766720193196
curve,0.14130416324295705,-0.36893060881047895
curve,0.1406344752655023,-0.36812105981439597
curve,0.1399647872880475,-0.36730900559822893
curve,0.13929509931059275,-0.36649443136249354
curve,0.13862541133313797,-0.3656773221205694
curve,0.1379557233556832,-0.36485766269552633
curve,0.13728603537822842,-0.3640354377168806
curve,0.13661634740077366,-0.3632106316172805
curve,0.13594665942331888,-0.3623832286291179
curve,0.13527697144586412,-0.3615532127810649
curve,0.13460728346840933,-0.3607205678945322
curve,0.13393759549095455,-0.3598852775800493
curve,0.1332679075134998,-0.35904732523356114
curve,0.132598219536045,-0.3582066940326425
curve,0.13192853155859025,-0.35736336693262455
curve,0.13125884358113546,-0.3565173266626339
curve,0.1305891556036807,-0.35566855572153916
curve,0.12991946762622592,-0.3548170363738046
curve,0.12924977964877116,-0.3539627506452467
curve,0.12858009167131637,-0.3531056803186916
curve,0.1279104036938616,-0.3522458069295307
curve,0.12724071571640683,-0.3513831117611707
curve,0.12657102773895207,-0.3505175758403757
curve,0.12590133976149728,-0.34964917993249806
curve,0.12523165178404252,-0.348777904536595
curve,0.12456196380658774,-0.3479037298804265
curve,0.12389227582913297,-0.3470266359153325
curve,0.1232225878516782,-0.3461466023109852
curve,0.12255289987422342,-0.3452636084500114
curve,0.12188321189676865,-0.3443776334224839
curve,0.12121352391931388,-0.3434886560202747
curve,0.1205438359418591,-0.3425966547312682
curve,0.11987414796440433,-0.3417016077334294
curve,0.11920445998694956,-0.3408034928887215
curve,0.11853477200949479,-0.3399022877368706
curve,0.11786508403204002,-0.3389979694889699
curve,0.11719539605458525,-0.33809051502092136
curve,0.11652570807713047,-0.3371799008667069
curve,0.11585602009967569,-0.3362661032114859
curve,0.11518633212222092,-0.3353490978845121
curve,0.11451664414476614,-0.3344288603518647
curve,0.11384695616731137,-0.33350536570898776
curve,0.1131772681898566,-0.33257858867303147
curve,0.11250758021240183,-0.33164850357498843
curve,0.11183789223494706,-0.33071508435161945
curve,0.11116820425749228,-0.3297783045371603
curve,0.11049851628003751,-0.32883813725480343
curve,0.10982882830258274,-0.32789455520794686
curve,0.10915914032512797,-0.3269475306712013
curve,0.1084894523476732,-0.3259970354811494
curve,0.10781976437021842,-0.32504304102684684
curve,0.10715007639276365,-0.3240855182400573
curve,0.10648038841530888,-0.323124437585212
curve,0.10581070043785411,-0.32215976904908405
curve,0.10514101246039934,-0.32119148213016846
curve,0.10447132448294456,-0.32021954582775586
curve,0.10380163650548978,-0.3192439286306909
curve,0.103131948528035,-0.31826459850580324
curve,0.10246226055058023,-0.31728152288599915
curve,0.10179257257312546,-0.3162946686580018
curve,0.10112288459567069,-0.3153040021497283
curve,0.10045319661821592,-0.3143094891172886
curve,0.09978350864076115,-0.3133110947315936
curve,0.09911382066330637,-0.31230878356455744
curve,0.0984441326858516,-0.31130251957487975
curve,0.09777444470839683,-0.3102922660933904
curve,0.09710475673094206,-0.3092779858079418
curve,0.09643506875348729,-0.3082596407478309
curve,0.09576538077603251,-0.30723719226773333
curve,0.09509569279857774,-0.3062106010311299
curve,0.09442600482112297,-0.30517982699320667
curve,0.0937563168436682,-0.3041448293832079
curve,0.09308662886621343,-0.3031055666862199
curve,0.09241694088875865,-0.30206199662436367
curve,0.09174725291130387,-0.301014076137372
curve,0.0910775649338491,-0.299961761362528
curve,0.09040787695639432,-0.2989050076139363
curve,0.08973818897893955,-0.29784376936110263
curve,0.08906850100148478,-0.2967780002067913
curve,0.08839881302403,-0.29570765286413186
curve,0.08772912504657523,-0.29463267913294267
curve,0.08705943706912046,-0.293553029875239
curve,0.08638974909166569,-0.292468654989891
curve,0.08572006111421092,-0.2913795033863952
curve,0.08505037313675615,-0.29028552295772087
curve,0.08438068515930137,-0.2891866605521923
curve,0.0837109971818466,-0.2880828619443628
curve,0.08304130920439183,-0.2869740718048387
curve,0.08237162122693706,-0.2858602336690037
curve,0.08170193324948229,-0.2847412899045967
curve,0.08103224527202751,-0.2836171816780897
curve,0.08036255729457274,-0.28248784891981216
curve,0.07969286931711797,-0.2813532302877636
curve,0.07902318133966318,-0.2802132631300535
curve,0.07835349336220841,-0.2790678834459054
curve,0.07768380538475364,-0.2779170258451559
curve,0.07701411740729887,-0.2767606235061789
curve,0.0763444294298441,-0.275598608132158
curve,0.07567474145238932,-0.27443090990562785
curve,0.07500505347493455,-0.27325745744120034
curve,0.07433536549747978,-0.2720781777363851
curve,0.07366567752002501,-0.270892996120411
curve,0.07299598954257024,-0.26970183620094756
curve,0.07232630156511546,-0.2685046198086205
curve,0.07165661358766069,-0.2673012669392077
curve,0.07098692561020592,-0.26609169569339847
curve,0.07031723763275115,-0.2648758222139862
curve,0.06964754965529638,-0.26365356062036216
curve,0.0689778616778416,-0.2624248229401657
curve,0.06830817370038683,-0.26118951903794
curve,0.06763848572293206,-0.25994755654062973
curve,0.06696879774547727,-0.2586988407597499
curve,0.0662991097680225,-0.2574432746100411
curve,0.06562942179056773,-0.25618075852441574
curve,0.06495973381311296,-0.2549111903649873
curve,0.06429004583565819,-0.2536344653299579
curve,0.06362035785820341,-0.25235047585612874
curve,0.06295066988074864,-0.2510591115167771
curve,0.06228098190329387,-0.24976025891462908
curve,0.0616112939258391,-0.24845380156963723
curve,0.060941605948384325,-0.24713961980125104
curve,0.06027191797092955,-0.24581759060484654
curve,0.05960222999347478,-0.24448758752195762
curve,0.05893254201602001,-0.24314948050392374
curve,0.05826285403856524,-0.2418031357685422
curve,0.05759316606111046,-0.24044841564928085
curve,0.056923478083655686,-0.23908517843657418
curve,0.056253790106200914,-0.23771327821068872
curve,0.05558410212874614,-0.23633256466560382
curve,0.05491441415129137,-0.234942882923311
curve,0.0542447261738366,-0.23354407333788654
curve,0.053575038196381826,-0.23213597128864052
curve,0.052905350218927054,-0.2307184069615894
curve,0.05223566224147228,-0.22929120511843581
curve,0.0515659742640175,-0.22785418485217146
curve,0.05089628628656273,-0.22640715932834535
curve,0.05022659830910796,-0.22494993551095438
curve,0.04955691033165319,-0.22348231387182682
curve,0.048887222354198415,-0.22200408808226513
curve,0.04821753437674364,-0.22051504468560812
curve,0.04754784639928887,-0.21901496274924842
curve,0.0468781584218341,-0.21750361349450834
curve,0.046208470444379326,-0.21598075990262733
curve,0.04553878246692455,-0.21444615629494948
curve,0.044869094489469775,-0.2128995478852164
curve,0.044199406512015,-0.21134067030166542
curve,0.04352971853456023,-0.2097692490764081
curve,0.04286003055710546,-0.2081849990993072
curve,0.04219034257965069,-0.20658762403329012
curve,0.041520654602195915,-0.20497681568771606
curve,0.04085096662474114,-0.20335225334606122
curve,0.04018127864728637,-0.20171360304378352
curve,0.03951159066983159,-0.20006051679178072
curve,0.03884190269237682,-0.19839263174034621
curve,0.03817221471492205,-0.1967095692779538
curve,0.037502526737467276,-0.19501093405855374
curve,0.036832838760012504,-0.19329631295032465
curve,0.03616315078255773,-0.19156527389798858
curve,0.03549346280510296,-0.18981736468984112
curve,0.03482377482764819,-0.1880521116195588
curve,0.034154086850193416,-0.18626901803159615
curve,0.03348439887273864,-0.18446756273755213
curve,0.032814710895283865,-0.18264719828923562
curve,0.03214502291782909,-0.18080734909225682
curve,0.03147533494037432,-0.1789474093417681
curve,0.03080564696291955,-0.1770667407594227
curve,0.030135958985464777,-0.1751646701076427
curve,0.029466271008010005,-0.17324048645381615
curve,0.02879658303055523,-0.1712934381529701
curve,0.028126895053100457,-0.16932272951268418
curve,0.027457207075645685,-0.16732751709836283
curve,0.026787519098190913,-0.16530690563030234
curve,0.02611783112073614,-0.16325994341604047
curve,0.025448143143281365,-0.1611856172519934
curve,0.024778455165826593,-0.15908284671701278
curve,0.02410876718837182,-0.15695047776680363
curve,0.02343907921091705,-0.1547872755215747
curve,0.022769391233462274,-0.15259191611914802
curve,0.0220997032560075,-0.15036297748112534
curve,0.02143001527855273,-0.14809892880943817
curve,0.020760327301097958,-0.1457981185931766
curve,0.020090639323643186,-0.14345876085902476
curve,0.01942095134618841,-0.14107891934030795
curve,0.018751263368733638,-0.13865648916610407
curve,0.018081575391278866,-0.13618917557841329
curve,0.017411887413824094,-0.1336744690656877
curve,0.01674219943636932,-0.1311096161464123
curve,0.016072511458914546,-0.12849158483490322
curve,0.015402823481459774,-0.1258170235562113
curve,0.014733135504005002,-0.12308221192413829
curve,0.014063447526550229,-0.12028300132156489
curve,0.013393759549095456,-0.11741474257550773
curve,0.012724071571640683,-0.1144721971263514
curve,0.01205438359418591,-0.11144942683962951
curve,0.011384695616731137,-0.10833965582753889
curve,0.010715007639276365,-0.10513509506612001
curve,0.010045319661821593,-0.10182671677928164
curve,0.009375631684366819,-0.09840395979867246
curve,0.008705943706912047,-0.09485433818900868
curve,0.008036255729457273,-0.09116291123516028
curve,0.007366567752002501,-0.08731154957996629
curve,0.006696879774547728,-0.08327789261875569
curve,0.006027191797092955,-0.07903382179168818
curve,0.005357503819638182,-0.07454314293656836
curve,0.0046878158421834095,-0.06975791054359928
curve,0.004018127864728637,-0.06461227253749426
curve,0.003348439887273864,-0.05901142175352129
curve,0.002678751909819091,-0.05280984684821913
curve,0.0020090639323643183,-0.045762594747321576
curve,0.0013393759549095456,-0.03739203897383482
curve,0.0006696879774547728,-0.026465079134741974
curve,0.0,0.0
symmetry,0.7046725980621653,0.0
symmetry,0.49824105447756817,0.0
symmetry,0.5922112200739403,0.0
symmetry,0.5210834519071257,0.0
symmetry,0.7172616546502242,-0.009434258427339564
symmetry,0.4983899106309775,0.00156744774243096
symmetry,0.5884144813406321,-0.002957685821270418
symmetry,0.5240976783340467,0.0002752329441378862
symmetry,0.7226961114571149,-0.01354925564640852
symmetry,0.4984791990605806,0.002359593833800848
symmetry,0.5871348737017561,-0.003930787067255019
symmetry,0.5257326235495481,0.0004258831989471523
symmetry,0.7269439138502961,-0.01678165525674672
symmetry,0.49855952842179435,0.003036292646514456
symmetry,0.586276072294234,-0.004575269297427402
symmetry,0.5271421608239305,0.0005560481288307759
symmetry,0.730573384013664,-0.019553996500704107
symmetry,0.49863804619158336,0.0036575580420863743
symmetry,0.5856375593130443,-0.005049152901478844
symmetry,0.5284317424808105,0.000675873521984359
symmetry,0.7338051881440701,-0.022030250889971896
symmetry,0.49871645664556646,0.004246016053263767
symmetry,0.5851412503999059,-0.0054138299832850525
symmetry,0.5296443911090342,0.0007891482706829239
symmetry,0.7367524805559157,-0.024294634891022376
symmetry,0.4987943853955593,0.0048130827278635505
symmetry,0.5847470530917861,-0.0057008944419642965
symmetry,0.5308012309859297,0.0008979134511555575
symmetry,0.7394828760228023,-0.026397294063147947
symmetry,0.498872118774968,0.005365311408839946
symmetry,0.5844308898354809,-0.005929152400457036
symmetry,0.5319174957481456,0.0010030489585745317
symmetry,0.7420404567403112,-0.028370955341369852
symmetry,0.4989511391394648,0.0059066686654535155
symmetry,0.5841770636227986,-0.006110898473677198
symmetry,0.5330011683908656,0.0011053301631285123
symmetry,0.7444557941400107,-0.03023837742309042
symmetry,0.49903157696980505,0.006439919238165767
symmetry,0.5839747101107917,-0.0062547099740810075
symmetry,0.5340557725278499,0.0012056035304012502
symmetry,0.7467508810155045,-0.032016110501041806
symmetry,0.4991126163317828,0.006967152174599867
symmetry,0.583815720034215,-0.006366826503094725
symmetry,0.5350880058688358,0.0013038995186638591
symmetry,0.7489429418772489,-0.0337167587882929
symmetry,0.4991938975702524,0.007489876430055595
symmetry,0.5836940938448848,-0.006451993791828106
symmetry,0.5361003590086441,0.0014005995004411492
symmetry,0.7510451460258845,-0.035350099475157284
symmetry,0.4992767819209103,0.008008955386508185
symmetry,0.5836050333382987,-0.006513891010787157
symmetry,0.5370938546113126,0.0014961731498683573
symmetry,0.7530677507516984,-0.03692388059263993
symmetry,0.4993612842607255,0.008525203019859193
symmetry,0.5835448026018244,-0.00655546802805472
symmetry,0.5380725764904719,0.0015904457721158394
symmetry,0.7550195763318722,-0.038444481138148176
symmetry,0.49944734560062376,0.009039265997745738
symmetry,0.5835103352752197,-0.006579119981728054
symmetry,0.539037761493284,0.0016836104483413938
symmetry,0.7569074279789305,-0.03991708368705195
symmetry,0.4995328939606909,0.009552045738074083
symmetry,0.5834990483604524,-0.0065868180977611684
symmetry,0.5399893292778357,0.0017760447346443914
symmetry,0.758736907461058,-0.041346003627692945
symmetry,0.4996200735776256,0.010063557402918893
symmetry,0.5835088063123097,-0.0065802200802705935
symmetry,0.5409290976552139,0.0018677224870478626
symmetry,0.7605136526509808,-0.04273507369774797
symmetry,0.49970887620216187,0.010574124438386942
symmetry,0.5835377911796739,-0.006560731368022613
symmetry,0.5418584669448268,0.001958634665335704
symmetry,0.7622411393752234,-0.04408730639527554
symmetry,0.4997992916408294,0.011084010331484678
symmetry,0.583584459727789,-0.006529560390699712
symmetry,0.5427781250279636,0.0020488703573597195
symmetry,0.7639239272309354,-0.045405624845829495
symmetry,0.49989030533578,0.0115936476644945
symmetry,0.5836474696934209,-0.006487751975619918
symmetry,0.5436886842548456,0.0021385043475211363
symmetry,0.7655646020310523,-0.04669228765193549
symmetry,0.49998168100892054,0.01210328063060602
symmetry,0.5837256090244145,-0.006436209103648796
symmetry,0.5445906917193257,0.0022275999010395037
symmetry,0.7671660530638977,-0.04794940589619459
symmetry,0.5000746367247252,0.012612796762396544
symmetry,0.583817829399228,-0.006375728872550501
symmetry,0.5454846378152605,0.0023162109474502285
symmetry,0.7687308524727121,-0.04917885112743525
symmetry,0.5001691580569413,0.01312231765348347
symmetry,0.5839232443986313,-0.0063070260606916395
symmetry,0.5463708436474861,0.0024044115939421545
symmetry,0.7702612673656143,-0.050382284388388904
symmetry,0.5002652303394636,0.013631944368161258
symmetry,0.5840410348149112,-0.006230730547455737
symmetry,0.5472495628892983,0.0024922778569538007
symmetry,0.771759315842471,-0.0515611897215035
symmetry,0.5003612388542613,0.014142148287581466
symmetry,0.5841704082907646,-0.006147391892124626
symmetry,0.5481215078180173,0.0025797631374951113
symmetry,0.7732267552605292,-0.05271688761825025
symmetry,0.5004580881161264,0.014652795691064022
symmetry,0.5843107985122977,-0.006057539565393705
symmetry,0.5489869899867637,0.002666900153279167
symmetry,0.7746652115157525,-0.05385057974303056
symmetry,0.5005564464743528,0.015163781834521536
symmetry,0.5844615047406122,-0.005961606215359377
symmetry,0.5498462931591622,0.002753717892590435
symmetry,0.7760761059515277,-0.05496334239389067
symmetry,0.5006562988847326,0.015675154036578626
symmetry,0.5846220702155568,-0.005860028569208253
symmetry,0.5506996763758844,0.002840242198084597
symmetry,0.7774607257843182,-0.056056152890173266
symmetry,0.5007576304332768,0.016186951152972306
symmetry,0.5847919090961562,-0.005753161692282266
symmetry,0.5515473766255237,0.002926496246110938
symmetry,0.7788202319911733,-0.05712989935216295
symmetry,0.5008585592576194,0.01669970076108629
symmetry,0.5849706715559886,-0.00564137797325423
symmetry,0.5523896111788793,0.0030125009419637028
symmetry,0.780155674265808,-0.05818539099616654
symmetry,0.500960458150119,0.017213078596440945
symmetry,0.5851578451466631,-0.005524969037603716
symmetry,0.5532265796353857,0.00309827524716913
symmetry,0.7814682400102346,-0.05922343174705208
symmetry,0.5010637941711895,0.017726978631563306
symmetry,0.5853530942036409,-0.0054042388803960395
symmetry,0.5540584657222501,0.0031838364515893447
symmetry,0.7827590807110757,-0.060244781408510195
symmetry,0.5011685529812783,0.018241416082961037
symmetry,0.5855560664588239,-0.00527945694501325
symmetry,0.5548854388803203,0.0032692004005337727
symmetry,0.7840285538211619,-0.06124994591254446
symmetry,0.5012747204451634,0.018756402294936025
symmetry,0.5857663964574473,-0.005150861387262451
symmetry,0.555707655665396,0.003354381685036739
symmetry,0.7852777089481731,-0.0622395922340582
symmetry,0.5013805184384399,0.019272451800904644
symmetry,0.5859838059317174,-0.005018689944008892
symmetry,0.556525260989308,0.003439393801871915
symmetry,0.7865075422995694,-0.06321435001924944
symmetry,0.5014870358832563,0.01978927030552302
symmetry,0.5862080289821202,-0.0048831619806098125
symmetry,0.5573383892215252,0.0035242492886034538
symmetry,0.7877180604652875,-0.06417453760736805
symmetry,0.5015949223000874,0.020306672346730226
symmetry,0.5864387631545867,-0.00474446604950321
symmetry,0.5581471651690075,0.003608959837978376
symmetry,0.7889109422711079,-0.06512094194453882
symmetry,0.5017041643411992,0.020824657932515422
symmetry,0.5866757641959287,-0.0046027890611275435
symmetry,0.5589517049495366,0.0036935363951597633
symmetry,0.7900856713532998,-0.06605368214469476
symmetry,0.5018147488610134,0.021343225205584432
symmetry,0.5869188029220862,-0.004458305741775526
symmetry,0.5597521167716246,0.0037779892406624993
symmetry,0.7912438616023738,-0.06697349701912161
symmetry,0.5019254488415972,0.02186274347369757
symmetry,0.5871676985532592,-0.004311190370587609
symmetry,0.5605485016323117,0.0038623280613357125
symmetry,0.7923849973337427,-0.06788046432581851
symmetry,0.5020361625401938,0.022383249456113086
symmetry,0.5874222095404967,-0.004161584839110166
symmetry,0.5613409539426412,0.003946562011322957
symmetry,0.7935106958176062,-0.06877530322074693
symmetry,0.5021481819960164,0.022904341136168627
symmetry,0.5876821438204908,-0.004009633134754664
symmetry,0.5621295620893132,0.0040306997645896125
symmetry,0.7946204605964763,-0.06965806419486217
symmetry,0.5022614948508299,0.023426010974584577
symmetry,0.5879473208628149,-0.003855471052530285
symmetry,0.5629144089399015,0.004114749560337333
symmetry,0.7957152471757597,-0.070529239582066
symmetry,0.5023760889272767,0.023948250530577697
symmetry,0.5882175698637969,-0.0036992265906488075
symmetry,0.5636955722980723,0.004198719242397814
symmetry,0.7967954756209037,-0.07138914449403833
symmetry,0.502491850612006,0.02447108368119172
symmetry,0.5884927289930598,-0.0035410205687263496
symmetry,0.5644731253144307,0.0042826162935188095
symmetry,0.7978611153813836,-0.07223793614406815
symmetry,0.502606348823212,0.024995298339891475
symmetry,0.588772644714418,-0.0033809671838462563
symmetry,0.56524713685792,0.004366447865300521
symmetry,0.7989131225571102,-0.07307608538929644
symmetry,0.5027220945397944,0.02552007121397623
symmetry,0.5890571711722672,-0.0032191745119719006
symmetry,0.5660176718520802,0.004450220804422839
symmetry,0.7999516204987567,-0.07390378323712002
symmetry,0.5028390763111342,0.02604539099663092
symmetry,0.5893461696358263,-0.0030557449611459675
symmetry,0.566784791579972,0.004533941675693293
symmetry,0.8009766949141681,-0.07472119727934284
symmetry,0.5029572828435548,0.026571245973265045
symmetry,0.5896395079946299,-0.0028907756820379382
symmetry,0.567548538573965,0.004617622012229067
symmetry,0.8019887810030173,-0.07552860487909827
symmetry,0.503076702995243,0.027097624085490435
symmetry,0.5899370602995496,-0.002724358940655175
symmetry,0.5683089512483228,0.004701273661265187
symmetry,0.8029887061934641,-0.07632641479591676
symmetry,0.5031963181417556,0.027624862377400722
symmetry,0.5902387063443649,-0.002556582457403783
symmetry,0.5690661203597598,0.004784889313994123
symmetry,0.8039761895121755,-0.07711464905160434
symmetry,0.5033153901648286,0.02815321310726826
symmetry,0.5905443312835367,-0.0023875297161429776
symmetry,0.5698200952819946,0.00486847447028213
symmetry,0.804951538737539,-0.07789352473393554
symmetry,0.5034356454616024,0.028682066794740224
symmetry,0.5908538252823855,-0.0022172802464250074
symmetry,0.5705709228642599,0.004952034444233339
symmetry,0.8059150457365978,-0.07866324877631131
symmetry,0.5035570735277436,0.029211410196840593
symmetry,0.5911670831963372,-0.0020459098817113275
symmetry,0.5713186476120478,0.005035574374066043
symmetry,0.8068670838341578,-0.07942405326749166
symmetry,0.5036796639897533,0.029741229961052107
symmetry,0.591484004276299,-0.00187349099602227
symmetry,0.5720633118523746,0.005119099230973839
symmetry,0.8078081351685761,-0.08017620718418614
symmetry,0.5038034066009767,0.030271512655587446
symmetry,0.591804491897585,-0.0017000927211840433
symmetry,0.5728049558850883,0.005202613827103464
symmetry,0.8087380929986883,-0.08091976282176494
symmetry,0.5039270534602442,0.030802698479122204
symmetry,0.5921284533100897,-0.0015257811465824167
symmetry,0.5735436181215949,0.00528612282275559
symmetry,0.8096571959519197,-0.0816548921434137
symmetry,0.5040501871724401,0.031334936394893764
symmetry,0.5924557994076917,-0.0013506195031157964
symmetry,0.5742793352122015,0.00536963073290897
symmetry,0.8105656711358824,-0.08238175963465177
symmetry,0.5041744457780347,0.03186761390651127
symmetry,0.5927864664367449,-0.0011746765071588283
symmetry,0.5750121421631702,0.005453141933142974
symmetry,0.8114637348268039,-0.08310052272002694
symmetry,0.504299819587448,0.03240071721345367
symmetry,0.5931203603888491,-0.0009980060256675471
symmetry,0.5757420724444527,0.005536660665029919
symmetry,0.8123515931042311,-0.08381133214844502
symmetry,0.5044262990206442,0.03293423255071723
symmetry,0.593457393844154,-0.0008206607323718862
symmetry,0.576469158088964,0.005620191041057848
symmetry,0.8132294424368757,-0.08451433234990502
symmetry,0.5045538746040522,0.03346814620308025
symmetry,0.5937974902381918,-0.0006426939954814193
symmetry,0.5771934297841795,0.005703737049132213
symmetry,0.8140974702239016,-0.08520966176609776
symmetry,0.5046820056088593,0.03400264924084587
symmetry,0.5941405757332787,-0.0004641570552680885
symmetry,0.5779149169567541,0.005787302556701013
symmetry,0.8149558552955398,-0.08589745315708991
symmetry,0.5048086952688862,0.0345385047072507
symmetry,0.5944866115817183,-0.00028511176399453886
symmetry,0.5786336184782238,0.005870902720458815
symmetry,0.8158047683764807,-0.08657783388606877
symmetry,0.5049364566696135,0.03507473479613005
symmetry,0.5948355086091107,-0.00010559777133586912
symmetry,0.5793495619258846,0.005954541270003472
symmetry,0.8166443725151502,-0.0872509261839331
symmetry,0.5050652808271727,0.03561132582590065
symmetry,0.5951871902406421,7.434327042987743e-05
symmetry,0.5800627959900333,0.006038213079047339
symmetry,0.8174748234816461,-0.08791684739532363
symmetry,0.5051951588501302,0.036148264221034065
symmetry,0.5955415939054062,0.0002546668505519212
symmetry,0.5807733459140973,0.0061219215678316175
symmetry,0.8182962701368495,-0.08857571020754115
symmetry,0.5053260819371116,0.03668553651833592
symmetry,0.5958987058163042,0.00043531137196806124
symmetry,0.5814812360206723,0.0062056700493286765
symmetry,0.819108854774936,-0.08922762286363808
symmetry,0.5054580413745299,0.03722312937239297
symmetry,0.5962584174222523,0.0006162552180722924
symmetry,0.5821864897647029,0.006289461732083612
symmetry,0.8199127134413325,-0.08987268936086068
symmetry,0.5055892859665653,0.03776173714878964
symmetry,0.5966206703029326,0.000797459215403612
symmetry,0.5828891297830786,0.006373299722825826
symmetry,0.8207079762279282,-0.090511009635491
symmetry,0.5057200420898454,0.03830126575160778
symmetry,0.596985462188937,0.0009788633577120787
symmetry,0.5835891779409406,0.0064571870288667454
symmetry,0.8214947675471819,-0.09114267973503754
symmetry,0.505851813167929,0.03884109245436307
symmetry,0.5973526903386475,0.0011604504242593572
symmetry,0.5842866553749672,0.006541126560299815
symmetry,0.8222732063865925,-0.09176779197862861
symmetry,0.5059845909127769,0.039381204159210065
symmetry,0.597722309012725,0.0013421820503657644
symmetry,0.584981582533886,0.006625121132012385
symmetry,0.823043406544882,-0.09238643510638522
symmetry,0.5061183671131411,0.03992158790918238
symmetry,0.5980943077237163,0.0015240069259875866
symmetry,0.585673979216439,0.006709173465520968
symmetry,0.8238054768510613,-0.09299869441846104
symmetry,0.5062531336327994,0.04046223088994136
symmetry,0.5984685844716153,0.0017059135157665162
symmetry,0.5863638646070045,0.006793286190637848
symmetry,0.8245595213674567,-0.09360465190437223
symmetry,0.5063888824088638,0.041003120431147816
symmetry,0.5988451420799272,0.0018878482189438606
symmetry,0.5870512573090636,0.006877461846976879
symmetry,0.8253056395776688,-0.0942043863631811
symmetry,0.5065241261621937,0.0415448739444233
symmetry,0.5992239018522965,0.002069793204056203
symmetry,0.5877361753766871,0.006961702885304177
symmetry,0.8260439752295153,-0.09479799437419889
symmetry,0.5066583142191067,0.04208772388529061
symmetry,0.5996048349833563,0.002251711165482867
symmetry,0.5884185421227413,0.0070460520511758384
symmetry,0.8267749619779453,-0.09538569694922411
symmetry,0.5067934659806587,0.042630800132930136
symmetry,0.5999879008233356,0.002433571213647845
symmetry,0.5890984017736246,0.00713050066932272
symmetry,0.8274983315077244,-0.09596741303520312
symmetry,0.5069295737593397,0.04317409034207437
symmetry,0.6003730481052005,0.002615348459048039
symmetry,0.5897758342151154,0.007215023993974501
symmetry,0.8282141669432892,-0.09654321013136738
symmetry,0.507066629932191,0.04371758231890177
symmetry,0.6007602525153621,0.002797007702762394
symmetry,0.590450855670144,0.00729962411593027
symmetry,0.8289225476270596,-0.09711315305140181
symmetry,0.5072046269394754,0.04426126402066774
symmetry,0.6011494615459461,0.002978527264703351
symmetry,0.5911234819433717,0.007384303041387069
symmetry,0.8296235492343051,-0.09767730399928798
symmetry,0.5073435572834037,0.044805123555170245
symmetry,0.6015406457037633,0.003159876683190982
symmetry,0.591793728443587,0.007469062692522704
symmetry,0.8303173586508008,-0.0982357736856615
symmetry,0.5074834135269055,0.0453491491800696
symmetry,0.6019337723364829,0.0033410280108128187
symmetry,0.5924615899393297,0.007553913921380301
symmetry,0.8310044491979338,-0.09878880126125655
symmetry,0.5076215006513156,0.04589453176769634
symmetry,0.602328785385778,0.0035219648803956893
symmetry,0.5931269180743496,0.007638931587178294
symmetry,0.831684404550837,-0.09933622885180965
symmetry,0.50775936245862,0.04644058299900369
symmetry,0.6027256930836157,0.003702643313127363
symmetry,0.5937899078428449,0.00772403750781353
symmetry,0.8323572873104695,-0.09987810941760594
symmetry,0.5078981346867663,0.04698678299553696
symmetry,0.603124412214037,0.0038830613379559342
symmetry,0.5944505733276904,0.007809233259910148
symmetry,0.8330231569022885,-0.1004144936297734
symmetry,0.5080378102292417,0.04753312034990265
symmetry,0.6035249507405759,0.00406317701548331
symmetry,0.595108928312044,0.007894520336797495
symmetry,0.8336825385146749,-0.100945644578186
symmetry,0.508178382033284,0.04807958380397695
symmetry,0.6039272621754049,0.004242973897793878
symmetry,0.595764888054828,0.007979945126083465
symmetry,0.8343353414287314,-0.10147154581134188
symmetry,0.5083198430989111,0.04862616224750185
symmetry,0.6043312989946995,0.004422437114252831
symmetry,0.5964184283081567,0.00806552696826493
symmetry,0.8349813309414004,-0.10199211192715396
symmetry,0.5084621864779828,0.049172844716628306
symmetry,0.6047370692739592,0.004601527136903649
symmetry,0.5970696958485019,0.008151206201926442
symmetry,0.8356205552238307,-0.10250738551251248
symmetry,0.5086054052732973,0.0497196203924119
symmetry,0.6051445237482591,0.004780231619851361
symmetry,0.5977187034562961,0.00823698397399944
symmetry,0.8362536890477155,-0.10301770168494712
symmetry,0.5087487514844313,0.050266825486654426
symmetry,0.6055536242934403,0.004958534054960606
symmetry,0.5983652902621736,0.008322942516501286
symmetry,0.8368804335664305,-0.10352294303738468
symmetry,0.5088894274100666,0.05081576835092408
symmetry,0.6059643523516914,0.005136409641726514
symmetry,0.5990095587388851,0.008409041707925502
symmetry,0.8375005823021224,-0.10402303167491628
symmetry,0.5090309664270666,0.05136479042925307
symmetry,0.6063767084891906,0.005313825228558555
symmetry,0.5996516029303939,0.008495244317865025
symmetry,0.83811439954162,-0.10451811040058046
symmetry,0.5091733619355232,0.05191388120490345
symmetry,0.6067906374195438,0.005490774710806667
symmetry,0.600291291297192,0.008581619396687279
symmetry,0.8387224699946673,-0.10500847676089153
symmetry,0.5093166073807333,0.05246303030229055
symmetry,0.6072061171183231,0.005667237107436107
symmetry,0.6009286482291996,0.008668162709270566
symmetry,0.8393240938915574,-0.10549381583049872
symmetry,0.5094606962524796,0.053012227485208924
symmetry,0.6076231261647446,0.005843191820715632
symmetry,0.6015638153355211,0.008754813393870853
symmetry,0.8399193515086656,-0.1059741815032672
symmetry,0.5096056220843338,0.05356146265505407
symmetry,0.6080416437217251,0.006018618621072946
symmetry,0.6021965776823703,0.00884168134196417
symmetry,0.8405092608674001,-0.10645008271952766
symmetry,0.5097513784529835,0.054110725849041946
symmetry,0.6084616622590098,0.006193491447139321
symmetry,0.6028271098967697,0.008928689401000056
symmetry,0.841092854258079,-0.10692106864809037
symmetry,0.5098979589775793,0.054660007238428926
symmetry,0.6088831502881876,0.006367796408140947
symmetry,0.6034553795040847,0.009015859694919581
symmetry,0.8416702519877315,-0.10738721155734904
symmetry,0.5100453573191023,0.05520929712673567
symmetry,0.6093060838940577,0.006541516601210329
symmetry,0.6040813079475049,0.009103237211525006
symmetry,0.8422424604199581,-0.10784902059982227
symmetry,0.5101911059824804,0.05575979863262229
symmetry,0.609730444332957,0.006714633187387908
symmetry,0.6047050508585166,0.009190752262175361
symmetry,0.8428084660734223,-0.10830601370247933
symmetry,0.5103351812774021,0.056311528735374705
symmetry,0.6101562133491502,0.006887127633966039
symmetry,0.6053264077420837,0.009278509936985146
symmetry,0.8433686527181474,-0.1087583933744436
symmetry,0.5104800661023629,0.05686325747979809
symmetry,0.6105833731565157,0.007058981704451628
symmetry,0.6059455969030455,0.009366408844568241
symmetry,0.8439235718168431,-0.10920644884778907
symmetry,0.5106257543846084,0.057414975407333924
symmetry,0.6110119064202044,0.007230177449384201
symmetry,0.6065624154535024,0.009454556018058502
symmetry,0.8444723848496893,-0.10964977564706496
symmetry,0.5107722400885055,0.05796667318699303
symmetry,0.6114417962381725,0.007400697198028494
symmetry,0.6071770300187811,0.009542874778782795
symmetry,0.8450159638221326,-0.1100888238163985
symmetry,0.5109195172150393,0.058518341613539304
symmetry,0.6118730261224823,0.007570523550967434
symmetry,0.6077893444511252,0.009631419433333566
symmetry,0.8455539599958197,-0.11052343197930659
symmetry,0.5110675798013247,0.05906997160569227
symmetry,0.6123055825057416,0.00773963809314121
symmetry,0.6083993692103139,0.009720191105539955
symmetry,0.8460861063758303,-0.11095347638984365
symmetry,0.5112164219201328,0.05962155420434795
symmetry,0.6127394664344503,0.007908015392397827
symmetry,0.6090071899336734,0.009809152484997918
symmetry,0.8466134651939483,-0.11137951030659543
symmetry,0.5113660376794298,0.060173080570819604
symmetry,0.613174647502331,0.008075646391432378
symmetry,0.6096126396636865,0.00989839467611131
symmetry,0.8471348622724957,-0.11180094662099876
symmetry,0.5115164212219293,0.0607245419850983
symmetry,0.6136111107472066,0.008242514658767908
symmetry,0.6102158399744686,0.009987861985878421
symmetry,0.8476513293752839,-0.11221832572147272
symmetry,0.5116675667246577,0.0612759298441338
symmetry,0.6140488415210227,0.008408604011118537
symmetry,0.6108167937699551,0.010077558826375621
symmetry,0.848162315795087,-0.11263137613684049
symmetry,0.5118193815685687,0.061827280698212445
symmetry,0.6144878464129325,0.008573887647886858
symmetry,0.6114154507424011,0.01016751714743136
symmetry,0.8486679590807725,-0.11304017926059085
symmetry,0.5119658839384267,0.062381700303021426
symmetry,0.6149281143064049,0.008738348186535516
symmetry,0.6120117681808849,0.010257765370348504
symmetry,0.8491686880388876,-0.11344496957938544
symmetry,0.5121131455367989,0.06293604190067412
symmetry,0.615369612053719,0.008901980122863695
symmetry,0.612605807380735,0.01034827784618686
symmetry,0.8496637397957905,-0.11384535859835299
symmetry,0.5122611607875851,0.06349029703006151
symmetry,0.615812365196339,0.009064747649504601
symmetry,0.6131975527238714,0.010439068751356972
symmetry,0.8501543549701295,-0.11424200786854855
symmetry,0.5124099241448528,0.06404445734303926
symmetry,0.6162563423749171,0.009226644993380384
symmetry,0.6137869902717512,0.010530151484251238
symmetry,0.8506391583311705,-0.11463420291702292
symmetry,0.5125594300924978,0.06459851460274751
symmetry,0.61670155062973,0.00938764653501678
symmetry,0.6143741076805314,0.010621538690664234
symmetry,0.8511196731648373,-0.11502275944955004
symmetry,0.5127096731439119,0.06515246068195715
symmetry,0.6171479753453594,0.009547738338813894
symmetry,0.6149588941269081,0.010713242284902447
symmetry,0.8515945365545837,-0.11540696326972849
symmetry,0.5128606478416609,0.06570628756143918
symmetry,0.6175956329091626,0.00970689023687682
symmetry,0.6155413402444444,0.010805273466495346
symmetry,0.8520649808604892,-0.1157874808407926
symmetry,0.5130123487571683,0.06625998732836072
symmetry,0.6180444936559444,0.009865096846074006
symmetry,0.6161214380704005,0.010897642732313029
symmetry,0.8525300252775295,-0.11616379594551735
symmetry,0.5131647704904111,0.06681355217470325
symmetry,0.6184945791369459,0.010022325635489493
symmetry,0.6166991810033323,0.010990359883764844
symmetry,0.8529905989081279,-0.11653641713024654
symmetry,0.5133179076696185,0.06736697439570677
symmetry,0.6189458932628756,0.01017855362562331
symmetry,0.617274563772015,0.011083434028595684
symmetry,0.8534459370518832,-0.1169049399573533
symmetry,0.5134717549509804,0.0679202463883378
symmetry,0.6193984259229944,0.010333765613834256
symmetry,0.6178474973471295,0.011176919824167852
symmetry,0.8538968316305869,-0.11726980242236229
symmetry,0.5136263070183638,0.06847336064977982
symmetry,0.6198521859210859,0.010487936346586513
symmetry,0.6184180424176343,0.011270790961848964
symmetry,0.8543425681536694,-0.11763062347018005
symmetry,0.513781558583034,0.06902630977594887
symmetry,0.6203071824627531,0.01064104045052744
symmetry,0.6189861803717382,0.011365064023958316
symmetry,0.8547839675915007,-0.1179878602370007
symmetry,0.5139375043833829,0.06957908646003191
symmetry,0.6207634250658138,0.010793052473026588
symmetry,0.6195518219397126,0.011459794609155582
symmetry,0.8552201992986055,-0.11834106416697276
symmetry,0.5140939128509331,0.07013180854083204
symmetry,0.6212209234484203,0.010943946936373072
symmetry,0.6201150123409417,0.011554964766621545
symmetry,0.8556522802783275,-0.11869080386108333
symmetry,0.5142393379395958,0.07069081662228033
symmetry,0.6216797002585248,0.01109369127050891
symmetry,0.6206757041323401,0.011650607514027411
symmetry,0.856079096270353,-0.11903646956603914
symmetry,0.5143854735728475,0.07124966525478288
symmetry,0.6221397832759182,0.01124225001005924
symmetry,0.6212338243624312,0.011746770459088895
symmetry,0.856502028701481,-0.1193788366530143
symmetry,0.5145323147745438,0.07180834697449526
symmetry,0.6226011677729223,0.011389605778514111
symmetry,0.62178938201348,0.011843456007747721
symmetry,0.8569195993745807,-0.11971708719131857
symmetry,0.5146798565905779,0.07236685441474414
symmetry,0.623063919428509,0.011535701878703508
symmetry,0.6223423309474581,0.011940697390125654
symmetry,0.8573334579103078,-0.12005215229910782
symmetry,0.5148280940887007,0.07292518030457701
symmetry,0.6235280498046967,0.011680511683453798
symmetry,0.6228926279771866,0.012038526541915728
symmetry,0.8577421333914992,-0.12038321209049407
symmetry,0.5149770223583422,0.07348331746733808
symmetry,0.6239936041488682,0.011823989561172032
symmetry,0.6234401730757269,0.012137007887850548
symmetry,0.8581467994251404,-0.12071093502032776
symmetry,0.5151266365104388,0.0740412588192674
symmetry,0.6244606338850606,0.01196608612670752
symmetry,0.6239849807237241,0.012236141670643685
symmetry,0.8585467336447226,-0.12103491879358569
symmetry,0.5152769316772645,0.07459899736812411
symmetry,0.624929201884748,0.012106745169529642
symmetry,0.62452690407248,0.012336019915010266
symmetry,0.858942271583101,-0.12135535972663603
symmetry,0.5154279030122642,0.0751565262118328
symmetry,0.6253993922528913,0.012245897931428606
symmetry,0.6250659039242135,0.012436674290157435
symmetry,0.8593336130954407,-0.12167237877869497
symmetry,0.5155795456898926,0.07571383853715263
symmetry,0.6258712931404364,0.012383472747664825
symmetry,0.6256018474726847,0.012538190512987768
symmetry,0.8597200797934362,-0.1219855921150032
symmetry,0.5157318549054546,0.07627092761837007
symmetry,0.6263450294224413,0.012519376170528007
symmetry,0.626134626583341,0.012640641177885825
symmetry,0.8601029721316475,-0.12229575450321978
symmetry,0.5158848258749507,0.07682778681601135
symmetry,0.6268207551142293,0.012653496965552846
symmetry,0.6266640412579687,0.012744152900958261
symmetry,0.8604808987562406,-0.12260206859431083
symmetry,0.5160384538349243,0.07738440957557932
symmetry,0.6272986927276399,0.012785682953551869
symmetry,0.6271898913109076,0.012848854065222404
symmetry,0.8608549987115445,-0.12290519943360201
symmetry,0.5161927340423124,0.07794078942630953
symmetry,0.6277791485318539,0.012915731394522567
symmetry,0.627711846401624,0.012954950549864008
symmetry,0.8612246892976101,-0.1232048144707601
symmetry,0.5163476617743001,0.07849691997994795
symmetry,0.6282626144581954,0.013043328508753504
symmetry,0.6282294083226173,0.013062749156132092
symmetry,0.861589868402906,-0.12350085800692556
symmetry,0.5165032323281767,0.07905279492954878
symmetry,0.6287500487647435,0.01316788278594161
symmetry,0.6287415946831354,0.01317284503290489
symmetry,0.861951454479735,-0.1237938743822109
symmetry,0.5166594410211953,0.07960840804829286
symmetry,0.862308274174132,-0.12408317876066838
symmetry,0.5168162831904352,0.08016375318832472
symmetry,0.8626613534941993,-0.12436938098647649
symmetry,0.5169737541926654,0.08071882427961019
symmetry,0.8630102632488881,-0.1246522328591157
symmetry,0.5171318494042138,0.08127361532881205
symmetry,0.8633545331531881,-0.12493145775801617
symmetry,0.517290564220835,0.08182812041818424
symmetry,0.8636956543364994,-0.12520795083539055
symmetry,0.517449894057583,0.08238233370448483
symmetry,0.8640321900345075,-0.12548085791144126
symmetry,0.5176098343486849,0.08293624941790628
symmetry,0.8643645782899961,-0.1257504444215612
symmetry,0.5177703805474176,0.08348986186102347
symmetry,0.8646935040033672,-0.12601712873796533
symmetry,0.5179315281259859,0.08404316540775897
symmetry,0.8650179519193559,-0.12628030122699235
symmetry,0.518093272575403,0.0845961545023649
symmetry,0.8653385815334305,-0.12654036506462468
symmetry,0.5182556094053733,0.08514882365842119
symmetry,0.8656555891441645,-0.12679744517611202
symmetry,0.5184185341441757,0.08570116745785111
symmetry,0.8659682208135981,-0.12705108439659246
symmetry,0.5185820423385507,0.08625318054995068
symmetry,0.8662771994975867,-0.12730172901983067
symmetry,0.5187461295535872,0.0868048576504365
symmetry,0.8665825523998165,-0.12754940098819834
symmetry,0.5189107913726138,0.08735619354050533
symmetry,0.8668836257758736,-0.12779369993643125
symmetry,0.519076023397088,0.08790718306591228
symmetry,0.8671810456302486,-0.12803501621836755
symmetry,0.5192418212464908,0.08845782113606093
symmetry,0.8674749943535263,-0.12827346816144392
symmetry,0.5194081805582201,0.08900810272310938
symmetry,0.8677647548823457,-0.12850861204931147
symmetry,0.519575096987487,0.08955802286109033
symmetry,0.8680506917396345,-0.12874067770871195
symmetry,0.5197425662072136,0.09010757664504421
symmetry,0.8683334749836227,-0.1289700903227789
symmetry,0.5199012779918745,0.09066262517376023
symmetry,0.8686121566094039,-0.12919625708909654
symmetry,0.5200533544884448,0.09122187548140426
symmetry,0.8688867750713516,-0.12941920313594535
symmetry,0.5202060262958592,0.09178077654317501
symmetry,0.8691585145569434,-0.12963968287278288
symmetry,0.5203592892741534,0.09233932312363297
symmetry,0.8694263406674286,-0.12985704367259265
symmetry,0.520513139296666,0.09289751005096819
symmetry,0.8696901840883534,-0.13007124245856178
symmetry,0.5206675722499994,0.09345533221612423
symmetry,0.8699505938618968,-0.1302826326788427
symmetry,0.5208225840339837,0.09401278457193524
symmetry,0.8702077781832964,-0.13049135235419107
symmetry,0.5209781705616383,0.09456986213227658
symmetry,0.8704610562172194,-0.13069696627618144
symmetry,0.5211343277591345,0.09512655997123015
symmetry,0.8707104625409238,-0.13089949752043417
symmetry,0.5212910515657594,0.09568287322226077
symmetry,0.8709569010713054,-0.13109953473575175
symmetry,0.521448337933879,0.09623879707740712
symmetry,0.8711998148147906,-0.13129672045392354
symmetry,0.5216061828289015,0.09679432678648481
symmetry,0.8714389280130606,-0.13149087664353626
symmetry,0.5217645822292415,0.09734945765630093
symmetry,0.8716742731968865,-0.13168202528401796
symmetry,0.5219235321262843,0.09790418504988241
symmetry,0.8719068431353308,-0.13187082069155776
symmetry,0.5220830285243498,0.09845850438571463
symmetry,0.872135853046671,-0.13205675101392456
symmetry,0.5222430674406575,0.09901241113699238
symmetry,0.8723611613085112,-0.13223972402624717
symmetry,0.5224036449052906,0.09956590083088257
symmetry,0.8725827985676359,-0.1324197606777588
symmetry,0.5225647569611613,0.10011896904779782
symmetry,0.8728015708514647,-0.13259739867797793
symmetry,0.5227263996639759,0.10067161142068054
symmetry,0.8730170220489687,-0.132772338451766
symmetry,0.5228885690821995,0.10122382363429883
symmetry,0.8732288642080633,-0.13294438938321812
symmetry,0.5230512612970223,0.10177560142455178
symmetry,0.8734371262369005,-0.13311357145104785
symmetry,0.5232144724023233,0.10232694057778685
symmetry,0.8736421349996356,-0.13328010561053566
symmetry,0.5233781985046385,0.10287783693012503
symmetry,0.5235424357231236,0.1034282863667989
symmetry,0.5237071801895223,0.10397828482149751
symmetry,0.5238724280481306,0.10452782827572338
symmetry,0.5240381754557637,0.10507691275815745
symmetry,0.5242044185817217,0.10562553434403371
symmetry,0.5243711536077551,0.10617368915452358
symmetry,0.5245383767280325,0.10672137335612814
symmetry,0.5247060841491054,0.10726858316007998
symmetry,0.5248742720898755,0.10781531482175316
symmetry,0.52504293678156,0.10836156464008218
symmetry,0.5252120744676592,0.10890732895698874
symmetry,0.5253816814039218,0.10945260415681701
symmetry,0.5255517538583122,0.1099973866657768
symmetry,0.5257222881109762,0.11054167295139466
symmetry,0.5258864325329833,0.11109027736825361
symmetry,0.5260464669420052,0.11164162537299588
symmetry,0.5262069971430392,0.1121924792082053
symmetry,0.5263680194700696,0.11274283519393324
symmetry,0.5265295302670946,0.11329268969264195
symmetry,0.5266915258881224,0.11384203910866036
symmetry,0.5268540026971684,0.11439087988764607
symmetry,0.5270169570682512,0.1149392085160546
symmetry,0.5271803853853883,0.11548702152061757
symmetry,0.5273442840425907,0.116034315467826
symmetry,0.5275086494438597,0.1165810869634219
symmetry,0.5276734780031795,0.1171273326518969
symmetry,0.5278387661445131,0.1176730492159968
symmetry,0.528004510301794,0.11821823337623383
symmetry,0.5281707069189219,0.11876288189040429
symmetry,0.5283366890191481,0.11930747756555049
symmetry,0.5284977881491559,0.11985544746546867
symmetry,0.5286593544341759,0.12040287667669508
symmetry,0.5288213843446163,0.12094976195468382
symmetry,0.5289838743598653,0.12149610009171036
symmetry,0.529146820968296,0.12204188791640763
symmetry,0.5293102206672733,0.1225871222933092
symmetry,0.5294740699631586,0.12313180012239672
symmetry,0.5296383653713147,0.12367591833865488
symmetry,0.5298031034161104,0.1242194739116309
symmetry,0.5299682806309234,0.12476246384500111
symmetry,0.5301338935581443,0.12530488517614147
symmetry,0.5302992086007817,0.1258472867355228
symmetry,0.5304608781179736,0.12639220342432356
symmetry,0.5306229942779955,0.1269365451629228
symmetry,0.5307855536386756,0.12748030901093044
symmetry,0.5309485527661784,0.12802349206101105
symmetry,0.5311119882350149,0.12856609143847358
symmetry,0.5312758566280554,0.1291081043008654
symmetry,0.5314401545365381,0.1296495278375711
symmetry,0.5316048785600803,0.1301903592694169
symmetry,0.5317700253066874,0.1307305958482794
symmetry,0.5319355160136605,0.13127029326906625
symmetry,0.5320973537988302,0.1318125515889501
symmetry,0.5322596231985233,0.1323542081310088
symmetry,0.5324223208293992,0.1328952601805239
symmetry,0.5325854433160053,0.1334357050531247
symmetry,0.5327489872907905,0.1339755400944148
symmetry,0.5329129493941198,0.13451476267960127
symmetry,0.5330773262742898,0.1350533702131294
symmetry,0.5332421145875407,0.135591360128322
symmetry,0.5334071228069547,0.13612887897944498
symmetry,0.5335690214844943,0.13666856683780382
symmetry,0.5337313391556797,0.13720762985504126
symmetry,0.5338940724805352,0.13774606550393242
symmetry,0.5340572181266473,0.1382838712854122
symmetry,0.5342207727691818,0.13882104472822981
symmetry,0.5343847330909012,0.1393575833886062
symmetry,0.5345490957821813,0.13989348484989655
symmetry,0.5347138575410266,0.14042874672225647
symmetry,0.5348759325658474,0.140965862258618
symmetry,0.5350381154371584,0.14150257642087083
symmetry,0.5352007039726676,0.1420386436230368
symmetry,0.5353636948702142,0.14257406151800506
symmetry,0.5355270848349742,0.14310882778475803
symmetry,0.5356908705794796,0.14364294012805
symmetry,0.5358550488236364,0.14417639627809203
symmetry,0.5360183639032765,0.14471022490691482
symmetry,0.5361801888057313,0.14524494573701113
symmetry,0.5363424120751601,0.14577900290755352
symmetry,0.5365050304285639,0.1463123941939486
symmetry,0.5366680405900902,0.14684511739635453
symmetry,0.5368314392910545,0.14737717033937692
symmetry,0.53699522326996,0.14790855087176913
symmetry,0.5371582624356767,0.14844019976204037
symmetry,0.5373198762369319,0.14897268955654513
symmetry,0.5374818805984188,0.14950449943053373
symmetry,0.5376442722533638,0.15003562727943315
symmetry,0.5378070479420073,0.1505660710221245
symmetry,0.537970204411625,0.15109582860065435
symmetry,0.5381337384165494,0.15162489797995005
symmetry,0.5382955015153899,0.15215510149779543
symmetry,0.5384570184925996,0.15268514730171245
symmetry,0.5386189177996137,0.1532144973900833
symmetry,0.5387811961834388,0.15374314977532622
symmetry,0.53894385039801,0.154271102492061
symmetry,0.5391068772042108,0.1547983535968359
symmetry,0.53926894696788,0.15532604480312934
symmetry,0.5394300800739934,0.1558541616406387
symmetry,0.5395915901625363,0.15638156934460384
symmetry,0.5397534739854158,0.15690826601982027
symmetry,0.5399157283013964,0.15743424979234272
symmetry,0.5400783498761226,0.15795951880922182
symmetry,0.5402400197692143,0.15848522123387765
symmetry,0.5404008547197459,0.1590112579810813
symmetry,0.5405620609682226,0.1595365724645335
symmetry,0.5407236352698479,0.1600611628799551
symmetry,0.5408855743866452,0.1605850274434052
symmetry,0.5410478750874802,0.16110816439102937
symmetry,0.5412086192835039,0.1616322684654219
symmetry,0.5413692276894323,0.16215608500767248
symmetry,0.5415302014057644,0.16267916645446678
symmetry,0.5416915371896336,0.16320151109079473
symmetry,0.5418532318049825,0.16372311722108646
symmetry,0.5420146234713891,0.16424457319083507
symmetry,0.5421747032062846,0.1647667844155319
symmetry,0.5423351452352273,0.16528824966525402
symmetry,0.5424959463093254,0.16580896729365735
symmetry,0.5426571031864889,0.16632893567319995
symmetry,0.5428186126314525,0.16684815319490626
symmetry,0.5429782957127829,0.16736859379635166
symmetry,0.5431382662882338,0.16788834250610712
symmetry,0.5432985926341787,0.16840733293926313
symmetry,0.5434592715015077,0.16892556353590582
symmetry,0.54362029964795,0.16944303275406292
symmetry,0.543779870070042,0.16996139512878533
symmetry,0.5439394221792435,0.17047933271023447
symmetry,0.5440993265494032,0.17099650152184276
symmetry,0.5442595799235228,0.17151290007081238
symmetry,0.5444201790514764,0.17202852688166909
symmetry,0.5445793323504063,0.1725450406007376
symmetry,0.5447385128304005,0.17306107734863535
symmetry,0.5448980418405476,0.17357633500080583
symmetry,0.5450579161152037,0.17409081213096567
symmetry,0.5452181164232374,0.17460452228757034
symmetry,0.5453766189521436,0.17511936056974475
symmetry,0.5455354693517505,0.17563341097882218
symmetry,0.545694664340149,0.17614667213803759
symmetry,0.5458542006423968,0.17665914268695015
symmetry,0.5460134752442829,0.17717138912462588
symmetry,0.546171688773982,0.17768416926362657
symmetry,0.54633024604089,0.17819615148509071
symmetry,0.5464891437531638,0.17870733447796594
symmetry,0.5466483786260078,0.17921771694692434
symmetry,0.5468065598602493,0.1797286257477913
symmetry,0.5469645174864236,0.1802392689340015
symmetry,0.5471228145214926,0.18074910433748126
symmetry,0.5472814476632062,0.181258130712106
symmetry,0.5474399690446873,0.18176677609444736
symmetry,0.5475973620513819,0.18227602264630033
symmetry,0.5477550932694417,0.18278445292883755
symmetry,0.5479131593785994,0.18329206574529222
symmetry,0.5480715570658145,0.18379885991364286
symmetry,0.5482286849579243,0.1843063941775127
symmetry,0.5483858825162902,0.18481336400311738
symmetry,0.5485434135942471,0.18531950799624242
symmetry,0.5487012748603205,0.1858248250239513
symmetry,0.5488584091865092,0.18633035157221978
symmetry,0.5490151028312089,0.18683580754551193
symmetry,0.5491721284726152,0.18734042939367623
symmetry,0.5493294827603665,0.18784421603293566
symmetry,0.5494864722582928,0.18834785178953728
symmetry,0.5496426895690123,0.18885174224181606
symmetry,0.5497992372058742,0.18935479035281105
symmetry,0.5499561117992234,0.189856995087949
symmetry,0.5501128236761497,0.19035884262341662
symmetry,0.5502685902733413,0.19086111743186618
symmetry,0.5504246853814004,0.19136254176196693
symmetry,0.5505811056110174,0.19186311462836436
symmetry,0.5507374228693419,0.19236326423724398
symmetry,0.5508927625903621,0.19286387467117866
symmetry,0.5510484288646279,0.193363626571265
symmetry,0.5512044182828605,0.1938625190013552
symmetry,0.5513602375275495,0.1943610504007649
symmetry,0.5515151725772265,0.19485994899013825
symmetry,0.5516704320820458,0.19535798107409558
symmetry,0.5518260126124888,0.19585514576566054
symmetry,0.5519812422388979,0.19635212949502234
symmetry,0.5521357933188366,0.19684926991741508
symmetry,0.5522906666167829,0.19734553594903187
symmetry,0.5524458586827519,0.19784092675200948
symmetry,0.5526004173675172,0.19833642533487666
symmetry,0.5527546037875928,0.19883176231794786
symmetry,0.5529091100506178,0.1993262171132853
symmetry,0.5530639326859568,0.19981978893206048
symmetry,0.5532177481214126,0.20031385784692918
symmetry,0.5533715878962554,0.20080734708389092
symmetry,0.5535257450018898,0.20129994642669008
symmetry,0.5536800320430681,0.20179184874973355
symmetry,0.5538332237727226,0.20228434363196812
symmetry,0.5539867337054796,0.20277594170811125
symmetry,0.5541405583203622,0.20326664227625485
symmetry,0.5542939566850866,0.20375722773153232
symmetry,0.5544468370008719,0.20424779643458169
symmetry,0.5546000327561273,0.20473746076322819
symmetry,0.5547535404087369,0.2052262200646393
symmetry,0.5549059997080884,0.20571552692512596
symmetry,0.555058583335498,0.20620412753767442
symmetry,0.5552114795029142,0.20669181630422218
symmetry,0.5553641724890042,0.20717914477809307
symmetry,0.5555161600357135,0.2076666547639906
symmetry,0.5556684606808904,0.20815324609589542
symmetry,0.5558210708308662,0.20863891820884878
symmetry,0.5559727180590212,0.2091250503649154
symmetry,0.5561244385088056,0.20961051787970897
symmetry,0.5562764689074067,0.21009505941913098
symmetry,0.5564282172536368,0.21057931848146277
symmetry,0.5565793722413481,0.211063636269203
symmetry,0.5567308375381648,0.21154702133916997
symmetry,0.5568826094982358,0.2120294732149784
symmetry,0.5570332253152148,0.2125126024528769
symmetry,0.5571841396044559,0.2129948055912803
symmetry,0.5573353608024824,0.2134760688486012
symmetry,0.5574859649081311,0.21395741454193767
symmetry,0.5576363417624208,0.21443841068446962
symmetry,0.5577870256871797,0.21491846027628553
symmetry,0.5579375615534117,0.21539806787260202
symmetry,0.5580874140540295,0.2158778323203553
symmetry,0.5582375737028602,0.21635664356648726
symmetry,0.5583879888017699,0.2168345552697981
symmetry,0.5585373295657419,0.21731306366006192
symmetry,0.5586869774715237,0.21779061221798413
symmetry,0.5588369287573667,0.21826720063803434
symmetry,0.5589860641278803,0.2187440955578388
symmetry,0.5591352123832223,0.21922035739633738
symmetry,0.5592846638957467,0.21969565252935974
symmetry,0.5594335960489109,0.22017091676618866
symmetry,0.5595822563278576,0.22064586814155546
symmetry,0.5597312196560394,0.2211198462673929
symmetry,0.5598799058797712,0.22159351411651718
symmetry,0.5600280894572864,0.2220671315510157
symmetry,0.5601765757905621,0.22253976921698915
symmetry,0.5603249762041456,0.22301187267868666
symmetry,0.5604726939736017,0.223484132941059
symmetry,0.5606207141192887,0.22395540694249166
symmetry,0.5607687914512163,0.22442597590233276
symmetry,0.5609160539400919,0.22489685599014286
symmetry,0.5610636183390258,0.22536674335272433
symmetry,0.561211337727949,0.22583580574236556
symmetry,0.5613581551119124,0.2263052828660071
symmetry,0.5615052738524768,0.22677376082981937
symmetry,0.5616526026684003,0.22724134277072577
symmetry,0.5617989847839342,0.2277093943389364
symmetry,0.5619456676146382,0.22817644034398904
symmetry,0.5620925752979028,0.22864256627616175
symmetry,0.5622385316536064,0.22910916988291036
symmetry,0.56238478799435,0.22957476155604462
symmetry,0.5625312459102806,0.23003945435354273
symmetry,0.562676785696978,0.23050458776616628
symmetry,0.5628226246491231,0.230968702909214
symmetry,0.562968605956516,0.23143198398401466
symmetry,0.5631137380562725,0.23189562513250245
symmetry,0.5632591684116341,0.23235824171158687
symmetry,0.5634046479434913,0.23282013110712618
symmetry,0.5635493809376417,0.23328225807445357
symmetry,0.5636944111864918,0.23374335421034148
symmetry,0.5638393653416249,0.23420387068589954
symmetry,0.5639837075178982,0.2346644616993276
symmetry,0.5641283458560725,0.23512401565874713
symmetry,0.5642727525003699,0.23558317676569374
symmetry,0.5644167118591894,0.23604221018896238
symmetry,0.5645609661943747,0.2365002003768139
symmetry,0.5647048045706783,0.23695802252760384
symmetry,0.5648483888307101,0.2374154768539481
symmetry,0.5649922667879823,0.237871881806336
symmetry,0.5651355174336523,0.23832838033703507
symmetry,0.5652787340366638,0.23878423418296496
symmetry,0.5654222429633415,0.23923903256099444
symmetry,0.5655648876346947,0.23969422178802036
symmetry,0.5657077437497822,0.24014845388781236
symmetry,0.5658507034065718,0.2406018605798877
symmetry,0.5659929123225607,0.2410555177437777
symmetry,0.5661354148497995,0.24150810694462688
symmetry,0.5662777256012637,0.2419602391563755
symmetry,0.5664195891927843,0.24241223837394243
symmetry,0.5665617447663499,0.2428631636317305
symmetry,0.5667033916990429,0.2433140329081066
symmetry,0.5668449164350181,0.24376435318886014
symmetry,0.566986731425819,0.24421359356450212
symmetry,0.5671277005947404,0.24466321061771718
symmetry,0.5672688926838712,0.2451118310712807
symmetry,0.5674100771600058,0.24555974836778938
symmetry,0.5675506515803603,0.24600774047225965
symmetry,0.567691516972893,0.24645464030575354
symmetry,0.5678319888915033,0.24690133347462478
symmetry,0.5679722443022628,0.247347590090091
symmetry,0.5681127886913777,0.24779274860599343
symmetry,0.5682525367809526,0.24823822608188856
symmetry,0.5683924787208527,0.24868272654599533
symmetry,0.5685323768356338,0.2491265585511705
symmetry,0.5686717213192429,0.24957039265380998
symmetry,0.5688113550725298,0.25001311639475216
symmetry,0.5689504996408423,0.25045575656354657
symmetry,0.5690895432368335,0.25089779915768134
symmetry,0.5692287975877699,0.25133882725373863
symmetry,0.5693672558810134,0.2517801804557233
symmetry,0.5695060034698497,0.25222041108447496
symmetry,0.5696444775595578,0.25266026869085595
symmetry,0.5697826469189604,0.2530997951747584
symmetry,0.5699211031278251,0.2535381934684314
symmetry,0.5700587893553258,0.25397688581354916
symmetry,0.5701966742604847,0.254414565229452
symmetry,0.5703344165925253,0.2548516902860222
symmetry,0.5704717348481251,0.2552886426239145
symmetry,0.5706093395251641,0.2557244547079295
symmetry,0.5707462712630389,0.2561604324312758
symmetry,0.5708833159975526,0.2565955027194472
symmetry,0.5710202704551175,0.2570299409187394
symmetry,0.5711567597844167,0.2574642612329257
symmetry,0.5712935348230204,0.2578974293091156
symmetry,0.5714296583409076,0.2583307360499572
symmetry,0.5715658844657947,0.2587631394394815
symmetry,0.5717019996458459,0.2591949325047377
symmetry,0.5718376812835785,0.2596265630377755
symmetry,0.571973647626812,0.2600570294400545
symmetry,0.5721089137134383,0.260487705006988
symmetry,0.5722443418471177,0.26091738383728713
symmetry,0.572379570668734,0.2613465698215642
symmetry,0.5725144649134083,0.26177545290627235
symmetry,0.5726496415167653,0.2622031615465442
symmetry,0.5727840061557071,0.262631240719856
symmetry,0.5729186559778057,0.26305813741457523
symmetry,0.5730529553385234,0.26348475095607565
symmetry,0.5731870815536586,0.2639108289927662
symmetry,0.5733213026410895,0.2643359869148855
symmetry,0.573454909432268,0.2647612381076064
symmetry,0.5735887996824492,0.26518529515544215
symmetry,0.5737221301552461,0.26560936769565346
symmetry,0.5738555067658915,0.2660325831360609
symmetry,0.5739887346440945,0.26645522034267116
symmetry,0.5741216016998761,0.26687758596101685
symmetry,0.5742547141837018,0.267298798297284
symmetry,0.574387075737032,0.26772030587315226
symmetry,0.5745197202220934,0.26814060121061556
symmetry,0.5746519204787962,0.2685607447883498
symmetry,0.5747840649638642,0.26898016727068164
symmetry,0.5749161278606835,0.2693989043075246
symmetry,0.5750477763019111,0.2698174456739912
symmetry,0.5751796901383877,0.2702347857278228
symmetry,0.5753108464615391,0.27065243770523845
symmetry,0.5754422845797148,0.27106885952075477
symmetry,0.5755732679758034,0.27148514435357457
symmetry,0.5757042191909177,0.2719006619124776
symmetry,0.5758350336730305,0.2723155663224689
symmetry,0.5759655018148361,0.2727301713020807
symmetry,0.5760961366650112,0.2731437040389241
symmetry,0.576226125533931,0.2735573880984916
symmetry,0.5763563944260783,0.2739698242833913
symmetry,0.5764860837034065,0.27438231244085237
symmetry,0.576615878242097,0.2747938127816761
symmetry,0.5767453699405437,0.27520494420665736
symmetry,0.5768746938288267,0.27561550030624915
symmetry,0.5770039781145864,0.2760252830193589
symmetry,0.5771328350265168,0.2764348864578289
symmetry,0.5772619023371319,0.2768433282554834
symmetry,0.5773902959180119,0.27725197058855755
symmetry,0.5775189680579038,0.277659341053745
symmetry,0.577647070819558,0.2780667518087351
symmetry,0.577775284170402,0.2784731461535469
symmetry,0.5779031542720541,0.27887922899312184
symmetry,0.5780309123784398,0.2792846387099827
symmetry,0.5781585410327182,0.2796894007868384
symmetry,0.5782858474099781,0.2800938173402907
symmetry,0.5784132260671441,0.2804972656108845
symmetry,0.5785400842013435,0.28090068043627353
symmetry,0.5786672045417173,0.28130282166730974
symmetry,0.5787936178895919,0.28170522616954013
symmetry,0.5789203079116659,0.2821063286843792
symmetry,0.57904644380521,0.2825074524964147
symmetry,0.5791726931082601,0.28290752955301823
symmetry,0.5792985574651361,0.2833073571625364
symmetry,0.5794243693985222,0.28370640009780695
symmetry,0.5795499545660769,0.2841049377071693
symmetry,0.5796753324484261,0.2845029378253962
symmetry,0.5798006309781022,0.2849001914672411
symmetry,0.5799255780970305,0.2852971400391666
symmetry,0.580050582738498,0.2856931155811264
symmetry,0.5801751023502838,0.2860890038430814
symmetry,0.5802998060458617,0.28648370699219694
symmetry,0.580423901375073,0.2868785261453016
symmetry,0.5805482701004124,0.287272007368665
symmetry,0.5806719714935,0.2876657036615793
symmetry,0.5807959194068929,0.2880581005092506
symmetry,0.5809193091773694,0.288450532918443
symmetry,0.5810428393847643,0.2888418365235206
symmetry,0.5811659110428758,0.2892330102561908
symmetry,0.5812890266162081,0.2896232117158711
symmetry,0.5814117738454749,0.29001313183170147
symmetry,0.5815344778221139,0.2904022222067745
symmetry,0.5816568944749286,0.29079089362108
symmetry,0.5817791898570843,0.29117886393548875
symmetry,0.5819012699505111,0.2915662914221434
symmetry,0.5820231597045993,0.29195313266261114
symmetry,0.5821448974163642,0.29233932085676506
symmetry,0.5822663844723348,0.29272502397248457
symmetry,0.5823877741369954,0.29310997737308214
symmetry,0.5825088613876214,0.29349453327547065
symmetry,0.5826298974929042,0.2938782562475782
symmetry,0.5827505877930336,0.2942616558100972
symmetry,0.5828712649763308,0.29464415258705207
symmetry,0.5829915611421037,0.29502638664509134
symmetry,0.5831118741871183,0.2954076613304786
symmetry,0.5832317789951481,0.2957887206813047
symmetry,0.5833517228286802,0.2961687772507735
symmetry,0.5834712390152,0.2965486526535431
symmetry,0.5835908087040643,0.2969274949564676
symmetry,0.5837099389640417,0.2973061771323053
symmetry,0.5838291297121094,0.2976838088932992
symmetry,0.5839478766983268,0.298061288525441
symmetry,0.5840666838436832,0.2984377133457349
symmetry,0.584185050165789,0.2988139810797351
symmetry,0.5843034691780005,0.2991892024384198
symmetry,0.5844214574015282,0.2995642488824245
symmetry,0.5845394838790117,0.29993827013757046
symmetry,0.5846570965243698,0.30031208586265545
symmetry,0.5847747261918582,0.30068491025231325
symmetry,0.584891965733292,0.3010574857928877
symmetry,0.5850091944393885,0.30142911643597614
symmetry,0.5851260633039145,0.30180044229025244
symmetry,0.5852428870187306,0.30217088218734006
symmetry,0.5853593875850428,0.3025409488178687
symmetry,0.5854758023979169,0.3029102008518532
symmetry,0.5855919369952691,0.30327899868612473
symmetry,0.5857079391125546,0.3036470656228189
symmetry,0.5858237100196174,0.3040145850539323
symmetry,0.585939295762541,0.30438146954255757
symmetry,0.5860547052062349,0.3047477009299549
symmetry,0.586169871008817,0.30511340550355215
symmetry,0.5862849211631235,0.3054783391738199
symmetry,0.5863996635701579,0.30584286624957707
symmetry,0.5865143565549086,0.30620649249731513
symmetry,0.5866286722199949,0.30656984437682305
symmetry,0.5867430100996407,0.3069321534655808
symmetry,0.5868568957832677,0.30729433233501463
symmetry,0.5869708805656279,0.3076553144982952
symmetry,0.5870843331333027,0.3080163224285317
symmetry,0.5871979550564033,0.30837599074852723
symmetry,0.5873109831887153,0.30873580681753454
symmetry,0.5874241625529312,0.30909431217764743
symmetry,0.5875368449103338,0.3094527775191011
symmetry,0.5876495788680475,0.30981012172353456
symmetry,0.5877619172981423,0.31016722640837724
symmetry,0.5878742031002757,0.31052341114665505
symmetry,0.5879861993882403,0.3108791452197466
symmetry,0.5880980343825917,0.3112341720665103
symmetry,0.5882096902498172,0.31158852554802136
symmetry,0.5883210718794236,0.3119423959627879
symmetry,0.588432388982141,0.31229535884966353
symmetry,0.5885433147836617,0.3126480741765394
symmetry,0.5886542947115577,0.3129996364440311
symmetry,0.5887647623136784,0.3133511979113964
symmetry,0.5888753528870331,0.31370145974278985
symmetry,0.5889854137103533,0.3140517582348212
symmetry,0.5890955379755244,0.314400873106582
symmetry,0.589205268234108,0.3147497460794004
symmetry,0.5893149240736353,0.3150977149558287
symmetry,0.5894243251619431,0.31544515224418374
symmetry,0.589533510545018,0.31579197597265185
symmetry,0.5896425837844822,0.31613796739606903
symmetry,0.5897512967654401,0.31648364670652457
symmetry,0.5898600434030176,0.31682818207124275
symmetry,0.5899682821198369,0.3171727175756938
symmetry,0.5900766124166803,0.3175159805089208
symmetry,0.590184465999363,0.3178591788686623
symmetry,0.5902923148118896,0.3182013041385395
symmetry,0.5903998477984466,0.31854302074573004
symmetry,0.5905072134980826,0.3188840086958899
symmetry,0.5906144269118426,0.3192242332406029
symmetry,0.5907213079487029,0.3195640840946413
symmetry,0.5908282027316882,0.31990280626206463
symmetry,0.5909345976330974,0.32024152012293877
symmetry,0.591041059927971,0.3205789822068864
symmetry,0.5911470820135646,0.320916306445151
symmetry,0.5912530516322062,0.3212526370702015
symmetry,0.5913587605424029,0.32158843260369335
symmetry,0.5914642362304753,0.3219236315978159
symmetry,0.5915696326589583,0.3222578880209304
symmetry,0.5916746132345259,0.32259195508886873
symmetry,0.5917796432330323,0.32292478527956325
symmetry,0.5918841821387011,0.32325759672381044
symmetry,0.5919887109871929,0.3235893000609043
symmetry,0.5920929424169754,0.3239205455664852
symmetry,0.5921969691408411,0.32425112147302015
symmetry,0.5923008935199889,0.3245807905663054
symmetry,0.5924044172122285,0.3249102383392557
symmetry,0.5925079730936045,0.32523846392948946
symmetry,0.5926110546917726,0.32556663937018476
symmetry,0.592714101985019,0.32589374142902805
symmetry,0.5928168810390776,0.3262203131660001
symmetry,0.5929194190338407,0.32654629070071783
symmetry,0.5930218956799596,0.3268712482189957
symmetry,0.5931239237286299,0.32719610010783373
symmetry,0.593225967438511,0.3275197443299588
symmetry,0.5933276155195926,0.32784315790779833
symmetry,0.5934291441874222,0.3281656806024431
symmetry,0.5935304938155929,0.3284874522549091
symmetry,0.5936315069797966,0.3288088520016862
symmetry,0.5937325243310869,0.3291290530896851
symmetry,0.5938330552378985,0.32944924644976376
symmetry,0.5939335523097664,0.3297683283809684
symmetry,0.5940337883350325,0.33008685177096425
symmetry,0.5941337648446758,0.3304048128192515
symmetry,0.5942337055925571,0.33072165569489126
symmetry,0.5943331613113791,0.3310384939998418
symmetry,0.5944326058342684,0.3313541479063508
symmetry,0.5945317410287966,0.33166935942622455
symmetry,0.5946306604132008,0.33198389386591276
symmetry,0.5947295032562215,0.33229739651345264
symmetry,0.5948278974413489,0.3326108093103596
symmetry,0.5949262697364531,0.3329230465693062
symmetry,0.5950243161641932,0.3332348814329693
symmetry,0.595122159210515,0.3335459999747477
symmetry,0.5952199157598578,0.3338560973455435
symmetry,0.5953172296567807,0.33416609467101194
symmetry,0.5954145112796074,0.3344749252675926
symmetry,0.5955114802280009,0.33478331755332896
symmetry,0.5956082289413244,0.33509102949688285
symmetry,0.5957049100018081,0.3353976554431654
symmetry,0.5958011260573056,0.33570424590366627
symmetry,0.595897299759023,0.3360096783949735
symmetry,0.5959932016680622,0.33631456109901176
symmetry,0.5960888392325174,0.3366188742957045
symmetry,0.5961844283678956,0.3369220330620808
symmetry,0.5962795565541777,0.3372251523622918
symmetry,0.5963746062435922,0.3375271938360641
symmetry,0.5964694506325737,0.3378284989374177
symmetry,0.5965639613728875,0.33812941974822763
symmetry,0.596658414069048,0.3384291948347125
symmetry,0.5967524926081283,0.3387286969413125
symmetry,0.5968464033137195,0.3390273529703793
symmetry,0.5969401987060913,0.3393250115074318
symmetry,0.597033568049016,0.3396225447569268
symmetry,0.597126870026571,0.3399189409353419
symmetry,0.5972199069632623,0.3402147560956764
symmetry,0.59731266479475,0.3405100306888936
symmetry,0.5974053496054661,0.3408041717365795
symmetry,0.5974976330766093,0.341098121775339
symmetry,0.5975897711168555,0.341391142223764
symmetry,0.5976817733763853,0.3416831998759388
symmetry,0.5977733654853374,0.3419750954264404
symmetry,0.5978648757025979,0.342265866023082
symmetry,0.5979561311268109,0.34255601685074155
symmetry,0.5980470930319489,0.3428456630994571
symmetry,0.5981379676387379,0.34313418791583994
symmetry,0.5982284808804239,0.34342240921326544
symmetry,0.5983188049458095,0.3437098100079064
symmetry,0.5984090363952596,0.3439960928904057
symmetry,0.5984988119989232,0.34428236156330594
symmetry,0.5985884908266621,0.3445675205204756
symmetry,0.5986779868887337,0.3448518277490434
symmetry,0.5987671142013544,0.34513585765214916
symmetry,0.5988561406280335,0.3454187781527871
symmetry,0.5989449044936196,0.3457010893038961
symmetry,0.5990333775472783,0.34598288037465874
symmetry,0.5991217446404854,0.34626356555889665
symmetry,0.5992097804167965,0.3465438566293218
symmetry,0.5992975924197649,0.34682341176116843
symmetry,0.5993852934746642,0.34710186452262104
symmetry,0.5994726051229476,0.34738011113604744
symmetry,0.5995597495081706,0.3476574329692803
symmetry,0.5996467780441038,0.3479336559488014
symmetry,0.5997333693690658,0.34820983336028904
symmetry,0.599819839790657,0.34848492427567307
symmetry,0.5999061504882103,0.34875905035360044
symmetry,0.7041838068057418,0.0003644829525955018
symmetry,0.5999920641866939,0.349033002956152
symmetry,0.7036280637425242,0.0007787092269525564
symmetry,0.6000778545164162,0.3493058650680188
symmetry,0.7030719847247803,0.0011928978036539473
symmetry,0.600163448510362,0.3495778765446805
symmetry,0.7025155822228675,0.0016070081167167682
symmetry,0.600248680863859,0.3498495986882322
symmetry,0.7019588686977226,0.0020209987118661177
symmetry,0.6003337851875653,0.35012023383712654
symmetry,0.7014018565980439,0.0024348272282956884
symmetry,0.6004186657075624,0.35039010517708497
symmetry,0.7008445583573665,0.0028484503800689787
symmetry,0.6005032109266757,0.3506595984245122
symmetry,0.7002869863910277,0.0032618239371512425
symmetry,0.6005876235406864,0.35092800816940956
symmetry,0.6997291530930191,0.003674902706073402
symmetry,0.6006717936183568,0.35119571350399614
symmetry,0.6991710708327222,0.004087640510211377
symmetry,0.600755646120588,0.35146297912967217
symmetry,0.6986127519515244,0.004499990169683277
symmetry,0.6008393615279786,0.351729164739804
symmetry,0.6980542087593076,0.004911903480855795
symmetry,0.6009228239853568,0.3519946778773353
symmetry,0.6974954535308144,0.005323331195449477
symmetry,0.601005978391228,0.3522597168589302
symmetry,0.6969364985018776,0.005734222999242422
symmetry,0.6010889912980063,0.35252367930524514
symmetry,0.6963773558655146,0.00614452749036587
symmetry,0.6011717487358206,0.3527869737425747
symmetry,0.6958180377678853,0.006554192157178895
symmetry,0.6012541998648725,0.35304978675252796
symmetry,0.6952585563041002,0.0069631633557205586
symmetry,0.60133650517602,0.3533115266988278
symmetry,0.6946989235138845,0.007371386286738391
symmetry,0.6014185599618354,0.3535725756342872
symmetry,0.6941391513770856,0.007778804972275677
symmetry,0.6015003028284821,0.35383316303098583
symmetry,0.6935792518090245,0.00818536223181987
symmetry,0.601581895643841,0.3540926808247695
symmetry,0.6930192366556851,0.008590999658001142
symmetry,0.6016632499000967,0.3543514571725455
symmetry,0.6924573690299196,0.009002308879807908
symmetry,0.6017442797093131,0.35460981899124855
symmetry,0.6918950603203553,0.009414002865380633
symmetry,0.6018251553192956,0.3548671146543086
symmetry,0.6913326151615788,0.009824918698708718
symmetry,0.6019058109112712,0.35512359106030056
symmetry,0.6907700448193248,0.01023500052046511
symmetry,0.6019861230540966,0.35537972700385273
symmetry,0.6902073604677548,0.010644191320639096
symmetry,0.602066276935198,0.3556348002226625
symmetry,0.6896445731841508,0.01105243291667346
symmetry,0.6021462354589463,0.3558889490818678
symmetry,0.6890816939434403,0.011459665931232377
symmetry,0.602225825507783,0.3561428585112447
symmetry,0.6885187336125478,0.011865829769591496
symmetry,0.6023052533178798,0.35639570862718006
symmetry,0.6879546557187103,0.01227507012198914
symmetry,0.6023845160881668,0.35664750210265306
symmetry,0.6873900710935914,0.01268498503644555
symmetry,0.6024633797918582,0.3568991840273815
symmetry,0.6868254200698037,0.013093798686897085
symmetry,0.6025420773652731,0.3571498100268249
symmetry,0.6862607130652664,0.013501448708624797
symmetry,0.6026206069466498,0.3573993790779968
symmetry,0.6856959603634362,0.013907871485279721
symmetry,0.6026987786822382,0.35764867313875026
symmetry,0.6851311721068255,0.014313002126018048
symmetry,0.6027767420245566,0.35789707364312945
symmetry,0.6845654116038864,0.014720746635215609
symmetry,0.6028545335853597,0.3581444206001255
symmetry,0.6839991953544939,0.015128984692788117
symmetry,0.6029320149867624,0.3583912945069476
symmetry,0.683432965255364,0.015535850025752085
symmetry,0.6030092402693837,0.3586374677627521
symmetry,0.6828667309296099,0.01594127480853158
symmetry,0.6030862900666709,0.35888259084200613
symmetry,0.6823005018285025,0.016345189880676014
symmetry,0.6031630815223006,0.3591270158729521
symmetry,0.681733277409473,0.016751925060211725
symmetry,0.6032395650767142,0.3593709597417951
symmetry,0.6811657666727684,0.01715843754641866
symmetry,0.6033158695275727,0.359613856770251
symmetry,0.6805982862871847,0.017563325569050048
symmetry,0.6033919710915077,0.3598558040632378
symmetry,0.680030845090783,0.017966516228544838
symmetry,0.603467709403277,0.36009751601200984
symmetry,0.6794627499325967,0.01837109091171718
symmetry,0.6035432650787498,0.3603381844169878
symmetry,0.678894143487025,0.018776441612909478
symmetry,0.6036186363305468,0.3605778083790921
symmetry,0.6783256033778362,0.019179953007123385
symmetry,0.6036936661617053,0.36081710208904855
symmetry,0.6777571377365521,0.01958154782277599
symmetry,0.6037684697804052,0.36105553888827496
symmetry,0.6771877193985265,0.019985955678885392
symmetry,0.6038430855455457,0.3612929345414478
symmetry,0.6766181988819263,0.020389268618140943
symmetry,0.6039174281963797,0.36152968258290225
symmetry,0.6760487808994153,0.020790497658792817
symmetry,0.6039914766177867,0.36176588437477775
symmetry,0.6754788615723819,0.021192472346416635
symmetry,0.6040653338411708,0.36200104826765944
symmetry,0.6749084758040689,0.021595050112739544
symmetry,0.6041389882590353,0.36223522121066776
symmetry,0.6743382213715289,0.021995355406597805
symmetry,0.6042122784764699,0.36246918416483265
symmetry,0.6737675420769129,0.022396054030977552
symmetry,0.604285374236493,0.3627021124114264
symmetry,0.6731964052096091,0.022797323991045615
symmetry,0.6043582738112498,0.3629340051510236
symmetry,0.6726254286788627,0.023196111860269153
symmetry,0.6044308681174552,0.3631654006600705
symmetry,0.6720538183299603,0.02359634476046435
symmetry,0.6045031996185474,0.3633960889304364
symmetry,0.6714820443527107,0.023995686151559115
symmetry,0.6045753317783047,0.3636257448710496
symmetry,0.6709103200431626,0.024393027309396187
symmetry,0.6046472381521492,0.3638544953937278
symmetry,0.6703378103246528,0.02479262945070204
symmetry,0.6047188027169759,0.3640829389051445
symmetry,0.6697655131429925,0.025189363872132664
symmetry,0.6047901648689321,0.36431035319583804
symmetry,0.6691926332364297,0.02558733858558382
symmetry,0.6048613229232012,0.3645367375278113
symmetry,0.6686196858748494,0.025983860338930853
symmetry,0.6049321760786305,0.36476262256046615
symmetry,0.668046456477095,0.026380044587520524
symmetry,0.6050027657393933,0.3649877898824883
symmetry,0.6674729212969172,0.026776017326786472
symmetry,0.6050731483343484,0.3652119303288394
symmetry,0.6668992525892825,0.027170837932722347
symmetry,0.6051433120422239,0.36543509929052626
symmetry,0.6663251925175668,0.027565903276815296
symmetry,0.6052131268292034,0.3656580138494512
symmetry,0.6657510180275542,0.02795968363886492
symmetry,0.6052827316657758,0.36587990453335767
symmetry,0.6651764967023064,0.0283534571943429
symmetry,0.6053521249116552,0.3661007706709199
symmetry,0.664601769389173,0.028746429773264803
symmetry,0.6054212403355941,0.3663209832052084
symmetry,0.6640268511963302,0.029138497430057586
symmetry,0.6054900652055927,0.36654061775976493
symmetry,0.6634515405996942,0.02953081141592795
symmetry,0.6055586757033871,0.3667592307284899
symmetry,0.6628762765751794,0.029920808331167503
symmetry,0.6056270702139515,0.3669768214599061
symmetry,0.6623003807338393,0.030312451291218956
symmetry,0.6056951409649263,0.3671940268421452
symmetry,0.6617244703343382,0.03070209613355246
symmetry,0.6057629666698036,0.3674103796805511
symmetry,0.6611483522656308,0.03109085780295595
symmetry,0.6058305737089069,0.36762571319451554
symmetry,0.6605718026098565,0.03148009050624612
symmetry,0.6058979506527101,0.36784008786683825
symmetry,0.6599951658982699,0.03186767975648985
symmetry,0.6059649895902289,0.3680541731036898
symmetry,0.6594183583274956,0.03225410453533395
symmetry,0.6060318072645147,0.36826724182198745
symmetry,0.6588410800069197,0.0326412394786777
symmetry,0.6060984021077893,0.3684792934430971
symmetry,0.6582636584009413,0.03302701361361493
symmetry,0.6061647359069018,0.3686905658625365
symmetry,0.6576860627158039,0.03341158828749591
symmetry,0.6062307623816603,0.36890136168464244
symmetry,0.6571082670765007,0.033795100260932576
symmetry,0.6062965635296171,0.36911114315004306
symmetry,0.6565301053574104,0.03417862813361061
symmetry,0.6063621378096419,0.3693199097040351
symmetry,0.6559517024097881,0.0345613400000393
symmetry,0.6064274301891803,0.3695280264547856
symmetry,0.6553730884277251,0.034943009071828124
symmetry,0.6064924359333835,0.36973552901351814
symmetry,0.6547942510682689,0.03532369146467851
symmetry,0.6065572124148376,0.36994201932632387
symmetry,0.6542151817110998,0.03570342010301053
symmetry,0.6066217581195721,0.37014749686368714
symmetry,0.6536358752891094,0.03608220440394205
symmetry,0.6066860100872776,0.3703524035504314
symmetry,0.6530563301592082,0.03646002964153139
symmetry,0.6067499871736172,0.3705566082000876
symmetry,0.65247654800742,0.03683685600417341
symmetry,0.6068137311884505,0.3707598026544318
symmetry,0.6518965337836393,0.037212617349540844
symmetry,0.6068772406455135,0.3709619864101361
symmetry,0.6513162956624616,0.03758721965411993
symmetry,0.6069404524459953,0.3711636277320399
symmetry,0.650735845027289,0.03796053914781672
symmetry,0.6070033932709519,0.3713645289906703
symmetry,0.6501551004052972,0.03833316155818589
symmetry,0.6070660973421543,0.3715644220343627
symmetry,0.6495740921571896,0.038704831127239214
symmetry,0.6071285632016163,0.3717633063867021
symmetry,0.6486450795662149,0.04183895169086804
symmetry,0.6486435116473105,0.04185141166289941
symmetry,0.6489929069387119,0.03907482956634123
symmetry,0.6071907342714096,0.3719616262231567
symmetry,0.6480982929058711,0.04197002282070195
symmetry,0.6480927691797957,0.042014581412933016
symmetry,0.6484115016965297,0.039443441560921055
symmetry,0.607252631537075,0.37215921773280536
symmetry,0.6475507532073659,0.042096779987963795
symmetry,0.6475399898601403,0.04218493736295659
symmetry,0.6478297866464067,0.039811351951003826
symmetry,0.6073142884922725,0.3723558029265899
symmetry,0.647002304287588,0.04222032224958794
symmetry,0.6469853401109196,0.04236143478712584
symmetry,0.647247935877636,0.04017709329432395
symmetry,0.6073757037078762,0.37255138135544413
symmetry,0.646452852820113,0.04234128681448934
symmetry,0.6464289229756126,0.042543499012521635
symmetry,0.6466657515458981,0.04054224799087369
symmetry,0.6074368326317954,0.3727463228642991
symmetry,0.6459023441216086,0.04246001988382686
symmetry,0.6458708057162813,0.04273082619561164
symmetry,0.6460833856635048,0.04090549638361085
symmetry,0.6074976793261433,0.37294059735100343
symmetry,0.6453507232976249,0.042576891974702824
symmetry,0.6453110460198228,0.04292317674175672
symmetry,0.6455008232385321,0.041266889727796685
symmetry,0.6075582822775272,0.3731338673275964
symmetry,0.6447979652996142,0.042692033305703925
symmetry,0.6447496835791919,0.043120455326283724
symmetry,0.6449179814667699,0.04162708432738749
symmetry,0.6076186400862627,0.373326132372494
symmetry,0.644244038656551,0.04280564072063642
symmetry,0.6441867627638072,0.043322518542271204
symmetry,0.6443349112120886,0.04198557478534548
symmetry,0.6076787245555862,0.37351763810148086
symmetry,0.6436889156580834,0.042917889995418346
symmetry,0.6436223125625324,0.04352935485961562
symmetry,0.6437516338175062,0.04234209167077563
symmetry,0.6077385139311353,0.3737085873354221
symmetry,0.6431325857625695,0.04302880874678594
symmetry,0.6430563585412542,0.04374098452545916
symmetry,0.6431681126411476,0.04269688818115824
symmetry,0.6077980562537377,0.37389853375873594
symmetry,0.6425750260616453,0.043138544046388616
symmetry,0.642488928161646,0.04395741183950874
symmetry,0.6425843517371531,0.04304984855761962
symmetry,0.6078573501537169,0.3740874769771216
symmetry,0.6420162215451811,0.04324717710727333
symmetry,0.6419200466353582,0.04417866385462865
symmetry,0.6420004415570761,0.04340001166485408
symmetry,0.6079163869267962,0.37427548898915486
symmetry,0.6414561629531993,0.04335473834773573
symmetry,0.6413497344848655,0.044404816577324646
symmetry,0.6414162475477272,0.04374856435094421
symmetry,0.6079751124776278,0.37446310374541664
symmetry,0.6408948301597795,0.043461369632331825
symmetry,0.6407780065005185,0.04463601013727758
symmetry,0.6408318755425108,0.044094366782781114
symmetry,0.6080335877859079,0.37464971727041707
symmetry,0.6403322208490797,0.04356704118303545
symmetry,0.6402048727231902,0.04487244498237741
symmetry,0.6402473299908038,0.044437229481046336
symmetry,0.6080918115125042,0.374835329196597
symmetry,0.6397683213512873,0.04367183943827202
symmetry,0.6396303437828584,0.04511433210245175
symmetry,0.6396625492609291,0.044777638490639315
symmetry,0.6081497823229887,0.37501993913829357
symmetry,0.639203121033635,0.043775825342110775
symmetry,0.6390544361711256,0.04536183791150761
symmetry,0.6390776354724563,0.04511437234648108
symmetry,0.6082074518155595,0.3752040592300199
symmetry,0.6386366115431528,0.043879039962465005
symmetry,0.6384771253887027,0.04561558982677694
symmetry,0.6384925552619197,0.04544758311588837
symmetry,0.608264853938287,0.3753873294637328
symmetry,0.6380687862242748,0.043981508871333785
symmetry,0.6378984069206053,0.045876047229653105
symmetry,0.637907376318212,0.045776311713361495
symmetry,0.60832200143853,0.375569599569018
symmetry,0.637499639670461,0.04408324556582688
symmetry,0.6373182327692128,0.04614420443466172
symmetry,0.6373221770662892,0.04609939338290536
symmetry,0.6083788930130373,0.3757508691872373
symmetry,0.636929166540006,0.04418426388469965
symmetry,0.6367364527866811,0.04642233158393516
symmetry,0.6367370705044145,0.04641515776223071
symmetry,0.6084355084096771,0.375931363067532
symmetry,0.6363573517292127,0.04428469476971797
symmetry,0.6084918313631308,0.37611127853175746
symmetry,0.6357842011883174,0.04438442536351517
symmetry,0.6085478967683723,0.3762901951863824
symmetry,0.6352096981978299,0.04448361405724521
symmetry,0.6086037033537774,0.3764681126984919
symmetry,0.6346338451365652,0.044582191155426054
symmetry,0.6086592498526469,0.37664503071891337
symmetry,0.6340566365403676,0.04468018237605387
symmetry,0.6087144961890281,0.376821469322836
symmetry,0.6334780640167125,0.0447776552574205
symmetry,0.608769473785932,0.3769970197602964
symmetry,0.6328981237833649,0.04487462095139705
symmetry,0.6088241897805882,0.3771715722299538
symmetry,0.6323168134471497,0.04497107209391349
symmetry,0.6088786429384739,0.3773451264078343
symmetry,0.6317341285975748,0.04506702972747767
symmetry,0.6089328239098246,0.3775178034282964
symmetry,0.6311500652248722,0.045162511239628556
symmetry,0.608986708109767,0.377689973712811
symmetry,0.630564619657023,0.045257530794006406
symmetry,0.6090403280322866,0.37786114701679996
symmetry,0.6299777885051034,0.0453520997070771
symmetry,0.609093682475323,0.3780313230393322
symmetry,0.6293895686157929,0.045446226777609566
symmetry,0.6091467702420449,0.3782005014650792
symmetry,0.628799953999004,0.04553996988034836
symmetry,0.6091995745823517,0.37836895429493983
symmetry,0.6282089435291995,0.045633309534579
symmetry,0.6092520930389022,0.3785367330940394
symmetry,0.6276165354507028,0.045726234833337154
symmetry,0.6093043434755625,0.3787035154138727
symmetry,0.6270227272924328,0.045818746608605854
symmetry,0.6093563247283379,0.378869300960695
symmetry,0.6264275124292931,0.045910926730906465
symmetry,0.609408035638606,0.3790340894270586
symmetry,0.6258308907217889,0.04600273844124814
symmetry,0.6094594588129918,0.37919822345022736
symmetry,0.6252328618113202,0.04609414342623275
symmetry,0.6095105999993999,0.3793615952608792
symmetry,0.6246334171973161,0.04618527601257438
symmetry,0.6095614695907949,0.37952397089216827
symmetry,0.624032560351624,0.04627601900865208
symmetry,0.6096120664616458,0.37968535005625553
symmetry,0.6234302855010819,0.04636645588686694
symmetry,0.6096623894919525,0.3798457324522966
symmetry,0.6228265919724224,0.046456557485549776
symmetry,0.6097124250503545,0.38000545143237646
symmetry,0.6222214766306996,0.046546354016211544
symmetry,0.6097621778380804,0.38016439881430547
symmetry,0.6216149383311084,0.046635826273284886
symmetry,0.609811655616793,0.38032235008899407
symmetry,0.6210069732982055,0.04672502878159468
symmetry,0.6098608572996861,0.3804793049726677
symmetry,0.6203975825896113,0.046813876549597344
symmetry,0.6099097818056568,0.3806352631692513
symmetry,0.6197867595130412,0.04690252353476765
symmetry,0.60995842128786,0.3807904696243615
symmetry,0.6191745066465429,0.0469908320350908
symmetry,0.6100067748820039,0.38094497309393116
symmetry,0.6185608202336336,0.047078868727240764
symmetry,0.6100548502066702,0.3810984802720603
symmetry,0.6179456976464365,0.047166674785708684
symmetry,0.6101026462138661,0.3812509908766029
symmetry,0.6173291390775641,0.047254176016316984
symmetry,0.610150161861481,0.38140250461379865
symmetry,0.6167111419241552,0.04734141021983973
symmetry,0.610197394718145,0.3815531002596273
symmetry,0.616091703282887,0.04742844910034749
symmetry,0.6102443385872424,0.3817031381876818
symmetry,0.6154708232240376,0.04751521067613795
symmetry,0.6102910010708599,0.38185217935328597
symmetry,0.6148484999066893,0.04760170471230052
symmetry,0.6103373811596925,0.3820002234728257
symmetry,0.6142247312968537,0.04768796395079378
symmetry,0.6103834778504975,0.3821472702517444
symmetry,0.6135995154616075,0.04777403755886134
symmetry,0.6104292901460436,0.3822933193841954
symmetry,0.6129728516988981,0.047859864423853815
symmetry,0.6104748151851922,0.382438705035447
symmetry,0.6123447384262702,0.047945452279873235
symmetry,0.6105200546179701,0.38258325599944765
symmetry,0.6117151741213617,0.04803080841480578
symmetry,0.6105650087120624,0.38272680912208595
symmetry,0.6110841573175443,0.04811593969079253
symmetry,0.6106096765027073,0.38286936410417877
symmetry,0.6104516866138274,0.04820088228577479
symmetry,0.6106540570313356,0.38301092063591247
symmetry,0.6098177608054048,0.04828563499736749
symmetry,0.6106981493455222,0.38315147839651825
symmetry,0.6091823785806361,0.048370175864016374
symmetry,0.6107419556003717,0.38329150985851657
symmetry,0.60854553862544,0.04845451024176595
symmetry,0.6107854737058702,0.38343054507825036
symmetry,0.6079072396629077,0.04853864315021572
symmetry,0.6108287027225825,0.38356858099574254
symmetry,0.607267480450154,0.048622579287215695
symmetry,0.6108716417298926,0.38370561729256175
symmetry,0.6066262597753256,0.048706323042823296
symmetry,0.6109142898135038,0.383841653639971
symmetry,0.6059835764547596,0.048789878512564444
symmetry,0.6109566467731792,0.38397673192271203
symmetry,0.6053394293302788,0.04887324951003569
symmetry,0.6109987188909155,0.3841112198663826
symmetry,0.6046938172666202,0.04895643957888973
symmetry,0.61104049923986,0.3842447069482117
symmetry,0.6040467391489875,0.04903945200423332
symmetry,0.6110819869362777,0.38437719283567945
symmetry,0.60339819388072,0.04912228982347577
symmetry,0.6111231811029043,0.3845086771865179
symmetry,0.6027481803810716,0.04920495583665463
symmetry,0.6111640808689076,0.3846391596484539
symmetry,0.6020966975830948,0.04928745261627265
symmetry,0.6112046853698454,0.38476863985893905
symmetry,0.6014437444316226,0.04936978251666646
symmetry,0.6112450062871122,0.3848975197443341
symmetry,0.6007893198813437,0.04945194768294203
symmetry,0.6112850327536682,0.38502542245403076
symmetry,0.6001334228949646,0.04953395005949124
symmetry,0.6113247631701383,0.3851523215927187
symmetry,0.5994760524414563,0.04961579139812189
symmetry,0.6113641967013312,0.3852782167886591
symmetry,0.5988172074943788,0.04969747326581442
symmetry,0.6114033325185765,0.38540310766038194
symmetry,0.5981568870302806,0.049778997052132956
symmetry,0.6114421697996875,0.38552699381644934
symmetry,0.597495090027168,0.049860363976304
symmetry,0.6114807164114652,0.38565007383285915
symmetry,0.5968318154630441,0.04994157509398611
symmetry,0.6115189730010681,0.38577235188613246
symmetry,0.596167062314507,0.050022631303741405
symmetry,0.6115569302853534,0.38589362345045086
symmetry,0.5955008320886066,0.05010358633131207
symmetry,0.6115945874693446,0.3860138881178098
symmetry,0.5948331219038674,0.050184397016447946
symmetry,0.6116319437646376,0.38613314547068284
symmetry,0.5941639305462302,0.050265059262929346
symmetry,0.6116689983893687,0.38625139508182377
symmetry,0.5934932570022415,0.050345573371724295
symmetry,0.6117057505681794,0.38636863651407216
symmetry,0.5928211002507505,0.050425939515193474
symmetry,0.6117422150567084,0.3864851355095021
symmetry,0.5921474592618324,0.05050615774212641
symmetry,0.611778383276591,0.3866007343854834
symmetry,0.5914723329957574,0.05058622798257495
symmetry,0.611814248293293,0.38671532280160925
symmetry,0.5907957248678497,0.0506662214535154
symmetry,0.6118498093560861,0.38682890029611006
symmetry,0.5901176310089178,0.05074608743944664
symmetry,0.611885065720783,0.38694146639764504
symmetry,0.5894380493766282,0.05082580904659051
symmetry,0.6119200166497079,0.3870530206251491
symmetry,0.5887569789100127,0.05090538574532333
symmetry,0.611954661411666,0.3871635624876791
symmetry,0.5880744185336098,0.050984816908934416
symmetry,0.6119890124354072,0.3872732712634995
symmetry,0.5873903708686834,0.05106415255251118
symmetry,0.6120230691580498,0.3873821332230546
symmetry,0.5867048359931235,0.05114340328692646
symmetry,0.6120568189381288,0.38748997997387535
symmetry,0.5860178087070723,0.051222510423162726
symmetry,0.6120902610656673,0.3875968109907613
symmetry,0.5853292878962496,0.05130147295350296
symmetry,0.6121233948371263,0.387702625738806
symmetry,0.5846392724280821,0.051380289791235434
symmetry,0.6121562195553807,0.38780742367330334
symmetry,0.5839477711293702,0.05145907875191358
symmetry,0.6121887345296926,0.3879112042396324
symmetry,0.5832547745639146,0.051537733589312684
symmetry,0.6122209390756869,0.3880139668731785
symmetry,0.5825602807738002,0.05161624326500658
symmetry,0.6122528563523786,0.3881159748910445
symmetry,0.5818642885732692,0.05169460637775025
symmetry,0.6122844676867505,0.38821701458153673
symmetry,0.5811668084409005,0.05177294780827513
symmetry,0.6123157677758708,0.38831703284387886
symmetry,0.5804678300932752,0.051851161705249726
symmetry,0.6123467559520843,0.38841602906781875
symmetry,0.5797673506914937,0.05192922859472038
symmetry,0.6123774315539484,0.3885140026330667
symmetry,0.5790653715388216,0.052007172584963235
symmetry,0.612407793926212,0.3886109529092362
symmetry,0.5783619024453661,0.05208509983124454
symmetry,0.612437842419797,0.38870687925582015
symmetry,0.5776569295952041,0.05216287895874583
symmetry,0.6124675763917783,0.3888017810221382
symmetry,0.5769504516934996,0.052240508116270234
symmetry,0.6124970114604831,0.38889580845562766
symmetry,0.5762424804087118,0.0523181059840887
symmetry,0.6125261457414072,0.3889889404583036
symmetry,0.5755330078452493,0.052395603809605285
symmetry,0.6125549645960752,0.38908104366098295
symmetry,0.5748220274035126,0.05247294979143935
symmetry,0.6125834673924156,0.38917211735344426
symmetry,0.5741095469396361,0.052550222611737585
symmetry,0.6126116535042024,0.3892621608149124
symmetry,0.5733955683363452,0.052627443764275306
symmetry,0.6126395223110397,0.3893511733140702
symmetry,0.5726800789373444,0.05270451067685822
symmetry,0.6126670731983485,0.3894391541090865
symmetry,0.5719630852422521,0.05278148671849148
symmetry,0.6126943055573568,0.3895261024476551
symmetry,0.571244594171412,0.05285843415431668
symmetry,0.6127212187850939,0.38961201756706326
symmetry,0.570524589285398,0.05293522448561239
symmetry,0.6127478255877719,0.3896970029922665
symmetry,0.5698030786498482,0.05301193028287521
symmetry,0.6127741307267743,0.38978109382753356
symmetry,0.5690800685469077,0.05308860543304683
symmetry,0.5683555414973392,0.053165120196559945
symmetry,0.5676295105167822,0.053241580647424236
symmetry,0.5669019746484205,0.05331798355585249
symmetry,0.5661729185813147,0.05339422242559411
symmetry,0.5654423641202102,0.053470460883504045
symmetry,0.5647102955558928,0.053546590336631006
symmetry,0.5639767055991882,0.053622566808236405
symmetry,0.5632416225710869,0.053698590133949176
symmetry,0.56250501415794,0.053774443783022985
symmetry,0.5617668954204051,0.05385023532564015
symmetry,0.5610272687339551,0.053925983935991795
symmetry,0.5602861130748155,0.054001558412798634
symmetry,0.5595434630173313,0.05407718469274736
symmetry,0.5587992851551222,0.05415265452669449
symmetry,0.5580535929614027,0.054228057862541146
symmetry,0.5573063908300403,0.05430342497853857
symmetry,0.556557654586656,0.05437861462816718
symmetry,0.5558074261001078,0.05445388063733547
symmetry,0.5550556608747108,0.054528963415990006
symmetry,0.5543023870196577,0.05460403178407025
symmetry,0.5535475912458023,0.054679012394623916
symmetry,0.5527912696883396,0.05475388813377813
symmetry,0.5520334411823344,0.05482876750894894
symmetry,0.5512740702430096,0.054903458856948806
symmetry,0.5505132067880979,0.054978237668731444
symmetry,0.5497507981727103,0.055052823106772175
symmetry,0.5489868841929901,0.05512743127370445
symmetry,0.548221436114584,0.05520191393938323
symmetry,0.5474544695458483,0.05527635623341476
symmetry,0.5466859796637052,0.055350736252828936
symmetry,0.5459159590076197,0.05542501998654126
symmetry,0.5451444249380499,0.05549929727337888
symmetry,0.5443713487448674,0.05557342951972266
symmetry,0.5435967680587139,0.05564760378786149
symmetry,0.5428206349236009,0.05572159138591959
symmetry,0.5420430051439733,0.055795662161754245
symmetry,0.5412638161614945,0.055869523162708656
symmetry,0.5404831323036627,0.055943478356858645
symmetry,0.5397008891594225,0.05601723236271683
symmetry,0.5389171456338713,0.05609105794858349
symmetry,0.5381318457009171,0.05616470412491292
symmetry,0.5373450412119523,0.05623840614286124
symmetry,0.5365566818104063,0.05631194351059643
symmetry,0.5357668150918415,0.05638552779272077
symmetry,0.5349753934876715,0.056458955239444664
symmetry,0.5341824632996868,0.05653242741453268
symmetry,0.533387976703697,0.05660574370556826
symmetry,0.5325919818297796,0.05667910920395414
symmetry,0.5317944273968205,0.056752312993272325
symmetry,0.5309953666407938,0.05682557705158342
symmetry,0.5301947414691901,0.05689866689254097
symmetry,0.5293926136523253,0.0569718345583442
symmetry,0.5285889147835212,0.05704480891425978
symmetry,0.5277837187417331,0.05711788505061299
symmetry,0.5269769463611571,0.05719075469011248
symmetry,0.5261686777412825,0.057263731595108114
symmetry,0.5253588349711678,0.057336517885880345
symmetry,0.5245474864355859,0.05740937701354343
symmetry,0.5237345721565582,0.05748208438784508
symmetry,0.5229201405593434,0.05755482389706834
symmetry,0.5221041536572998,0.057627456616581085
symmetry,0.5212866357953838,0.05770007462049809
symmetry,0.5204675751590278,0.05777263678054223
symmetry,0.5196469677730011,0.05784513135634406
symmetry,0.5188248322914616,0.05791762689002489
symmetry,0.5180011320665914,0.05798999608865696
symmetry,0.5171759206271207,0.058062428770945584
symmetry,0.5163491259503076,0.058134676660894335
symmetry,0.5155208356803386,0.05820704407843702
symmetry,0.5146909630569879,0.05827923579074479
symmetry,0.5138595729065765,0.05835147431027343
symmetry,0.5130266212280923,0.05842361324485568
symmetry,0.5121921277020332,0.05849572082012511
symmetry,0.5113560958501366,0.058567810231355266
symmetry,0.5105184954035538,0.058639784830651354
symmetry,0.5096793822483126,0.05871182783120599
symmetry,0.5088386814031275,0.05878369965788821
symmetry,0.5079964756867739,0.05885566701108613
symmetry,0.5071526915921014,0.058927498169302095
symmetry,0.5063073713692198,0.0589993286361189
symmetry,0.5054605028747837,0.05907112189831809
symmetry,0.5046120644397769,0.0591428134824451
symmetry,0.5037621103768835,0.059214571491302825
symmetry,0.5029105652688787,0.05928616825570965
symmetry,0.5020575091640761,0.059357847521717244
symmetry,0.5012028765357803,0.05942941410712277
symmetry,0.500346694243559,0.05950095050234527
symmetry,0.4994889728886941,0.05957248923650005
symmetry,0.49862966056590385,0.05964388089737627
symmetry,0.4977688492537973,0.0597153939897509
symmetry,0.49690644371834713,0.05978675514308762
symmetry,0.49604250050140164,0.059858128679643574
symmetry,0.4951770030139785,0.05992946863906634
symmetry,0.4943099214484738,0.06000069359754279
symmetry,0.4934413307252542,0.060072014282084085
symmetry,0.49257114345386177,0.060143189504552774
symmetry,0.49169942158903057,0.06021439224652303
symmetry,0.4908261390437445,0.06028555222274912
symmetry,0.48995127029360896,0.060356602711786334
symmetry,0.48907489112699326,0.06042774908668791
symmetry,0.4881969131617202,0.06049875620821832
symmetry,0.48731739431381493,0.060569780192288314
symmetry,0.4864363176285799,0.06064077734011031
symmetry,0.485553643172144,0.0607116456661283
symmetry,0.48466946634620806,0.06078263422706809
symmetry,0.483783688529536,0.060853489477686984
symmetry,0.48289635380831003,0.0609243269447266
symmetry,0.4820074736754315,0.060995176853044675
symmetry,0.48111699111741235,0.061065897251041834
symmetry,0.48022499052202927,0.061136701334683075
symmetry,0.47933140342968494,0.061207419415103215
symmetry,0.47843623345998754,0.061278063034332586
symmetry,0.47753954028058554,0.06134877979623887
symmetry,0.4766412425646218,0.06141937259744368
symmetry,0.4757413959948555,0.06148997850409332
symmetry,0.4748399898718952,0.06156057265556847
symmetry,0.4739369778480968,0.06163104645468054
symmetry,0.473032448698498,0.06170161202310975
symmetry,0.4721263258900144,0.061772089635561134
symmetry,0.4712186132913047,0.06184249093023231
symmetry,0.47030937799145517,0.06191297300368037
symmetry,0.46939853472148857,0.06198333988633076
symmetry,0.4684861283459754,0.062053696833448524
symmetry,0.4675721700820873,0.062124070310954904
symmetry,0.4666566025325353,0.062194332015448106
symmetry,0.4657394960724454,0.06226464205126758
symmetry,0.4648208109545003,0.06233491229281429
symmetry,0.46390051525706116,0.0624050741178781
symmetry,0.46297870227477034,0.06247533469195676
symmetry,0.46205528635728865,0.06254550680944249
symmetry,0.46113027060523587,0.06261559977518694
symmetry,0.4602037325189069,0.06268578240060396
symmetry,0.4592755817930915,0.06275586126257016
symmetry,0.4583458478232855,0.06282590155653178
symmetry,0.457414572122973,0.06289599238796462
symmetry,0.4564816825089451,0.06296598262437525
symmetry,0.4555472236325455,0.06303596796447164
symmetry,0.4546112061482928,0.06310597145893904
symmetry,0.4536735734874211,0.06317587746601505
symmetry,0.45273438291295626,0.06324580565509441
symmetry,0.45179361939120977,0.06331572604066527
symmetry,0.4508512394385321,0.06338555198576701
symmetry,0.4499073102795185,0.06345542092953349
symmetry,0.4489617963756508,0.06352526221020005
symmetry,0.44801466479238594,0.0635950120367541
symmetry,0.44706599007549735,0.06366481976116511
symmetry,0.44611572134641764,0.06373458572175583
symmetry,0.44516383369256757,0.06380426315422616
symmetry,0.44421040636633496,0.06387400782235042
symmetry,0.4432553782631856,0.06394370203347943
symmetry,0.44229872999022685,0.06401331058237225
symmetry,0.4413405429342465,0.06408299051068345
symmetry,0.44038075079518424,0.0641526163337317
symmetry,0.43941933723884125,0.06422215930063357
symmetry,0.4384563832734715,0.06429177297472743
symmetry,0.4374918223165282,0.06436133356685003
symmetry,0.4365256386896315,0.06443081404948836
symmetry,0.4355579105861518,0.06450036013920324
symmetry,0.43458857590217254,0.06456985845835395
symmetry,0.43361761728759,0.06463927935568003
symmetry,0.43264510777880577,0.0647087567296073
symmetry,0.43167099432445727,0.06477819553957842
symmetry,0.43069525566809974,0.06484755955685995
symmetry,0.42971795745935853,0.0649169672962232
symmetry,0.4287390600502028,0.06498634917169077
symmetry,0.4277585361540949,0.06505565882561104
symmetry,0.42677644193469716,0.06512499623750745
symmetry,0.4257927552383251,0.06519432356907517
symmetry,0.4248074407537341,0.06526358119282982
symmetry,0.4238205432087065,0.06533284782281146
symmetry,0.42283206173792354,0.06540212282204783
symmetry,0.42184195115854073,0.06547133057043264
symmetry,0.42085024298074764,0.06554052621442086
symmetry,0.41985696108679943,0.06560975091887888
symmetry,0.4188620487419651,0.06567891077336108
symmetry,0.4178655226445313,0.06574803548887997
symmetry,0.4168674345103675,0.06581721176709521
symmetry,0.41586771455832783,0.06588632554085938
symmetry,0.41486636328734017,0.06595537965757681
symmetry,0.41386346292089976,0.06602450921403402
symmetry,0.4128589293420887,0.06609357855699749
symmetry,0.4118527624787405,0.06616258956863963
symmetry,0.4108450269170665,0.06623164706662976
symmetry,0.40983567350739825,0.06630067347041535
symmetry,0.40882468540823413,0.0663696437776451
symmetry,0.40781210678370716,0.06643862911040188
symmetry,0.40679792714787205,0.06650761391326565
symmetry,0.40578211138379433,0.0665765448012916
symmetry,0.40476468249179376,0.06664545912763198
symmetry,0.40374567003653644,0.06671440351933344
symmetry,0.40272501997767407,0.06678329612580836
symmetry,0.4017027336985159,0.06685214091470282
symmetry,0.40067888162589044,0.06692104594131332
symmetry,0.39965339043484144,0.06698990126118398
symmetry,0.39862626015118263,0.06705870875273323
symmetry,0.3975975410480194,0.06712754486722505
symmetry,0.3965672016730499,0.06719636375750715
symmetry,0.39553522166551425,0.06726513684451163
symmetry,0.39450162711470543,0.06733390403595318
symmetry,0.3934664322828891,0.06740268722042886
symmetry,0.39242959523269855,0.06747142657755478
symmetry,0.3913911183174694,0.06754012725189695
symmetry,0.39035106052774654,0.06760887532572424
symmetry,0.3893093588851015,0.06767758150013081
symmetry,0.3882660134873427,0.06774624764917658
symmetry,0.3872210643436204,0.06781493183294496
symmetry,0.3861744903206438,0.06788360524883474
symmetry,0.3851262708714527,0.06795224051668713
symmetry,0.3840764213387154,0.06802086059815671
symmetry,0.3830249669022746,0.06808950156122129
symmetry,0.3819718653132491,0.06815810620792206
symmetry,0.3809171167214415,0.06822667640982427
symmetry,0.37986076565714016,0.06829527428750826
symmetry,0.3788027735843414,0.06836384846016252
symmetry,0.37774313273783505,0.06843238997130885
symmetry,0.37668186327537345,0.0685009274013435
symmetry,0.3756189721118119,0.06856947113837075
symmetry,0.37455443034169295,0.0686379839541037
symmetry,0.37348823816393123,0.06870646771647193
symmetry,0.37242043697636434,0.06877497824489964
symmetry,0.3713509853399252,0.06884346225731663
symmetry,0.3702798814102773,0.06891191891077941
symmetry,0.3692071439099213,0.06898037392826051
symmetry,0.3681327731826982,0.06904882893024067
symmetry,0.36705674820795703,0.06911725822737824
symmetry,0.3659790692308015,0.06918566368315815
symmetry,0.36489976896015586,0.06925408818004797
symmetry,0.36381881335401317,0.06932248977949396
symmetry,0.3627362017300759,0.06939086914880965
symmetry,0.36165194739841117,0.06945924437855266
symmetry,0.3605660512729124,0.06952761784876704
symmetry,0.3594784970384694,0.06959597066274903
symmetry,0.3583892849834254,0.06966430467906237
symmetry,0.35729843601141004,0.0697326468909425
symmetry,0.3562059288889789,0.06980097259561757
symmetry,0.35511176178512605,0.06986928103687684
symmetry,0.3540159412324824,0.069937581540639
symmetry,0.35291847062155285,0.07000587950043224
symmetry,0.35181933778531765,0.07007416169687453
symmetry,0.3507185430523985,0.07014242998346976
symmetry,0.3496160951756261,0.07021069611629549
symmetry,0.34851198558733903,0.07027895132139705
symmetry,0.34740621177990727,0.0703471940806163
symmetry,0.34629877508151524,0.07041542737121465
symmetry,0.3451896773752479,0.07048365476490148
symmetry,0.3440789130366836,0.07055187114578476
symmetry,0.3429664824317498,0.07062007836250428
symmetry,0.3418523849035181,0.07068827707574632
symmetry,0.3407366182167046,0.07075646615837461
symmetry,0.33961918276250325,0.07082464747765493
symmetry,0.3385000789354947,0.07089282288058152
symmetry,0.3373792982614524,0.07096098429552367
symmetry,0.33625684567038844,0.0710291387039591
symmetry,0.33513272211244005,0.0710972885667358
symmetry,0.33400692364622414,0.07116543093204408
symmetry,0.33287944124330937,0.0712335573545051
symmetry,0.3317502851761233,0.07130168057654551
symmetry,0.33061945587207875,0.07136980244099123
symmetry,0.32948693907514054,0.07143790894177571
symmetry,0.32835273731649517,0.07150600436497878
symmetry,0.32721685952050183,0.07157409975000617
symmetry,0.32607930614099334,0.07164219693820484
symmetry,0.32494004719843406,0.07171026558701832
symmetry,0.32379910719881355,0.07177833325768757
symmetry,0.32265648870645114,0.07184640402756626
symmetry,0.32151218294144956,0.07191447009492435
symmetry,0.3203661665908456,0.07198250876515633
symmetry,0.319218468721036,0.07205055181101383
symmetry,0.318069089814241,0.07211860107123991
symmetry,0.3169180047976551,0.07218663226947264
symmetry,0.3157652128305749,0.07225464623828393
symmetry,0.3146107366802341,0.0723226676792652
symmetry,0.3134545768530991,0.07239069843037083
symmetry,0.3122966870566106,0.07245869345270473
symmetry,0.3111370983443488,0.07252668566037779
symmetry,0.3099758226829712,0.07259468842010641
symmetry,0.3088128567676688,0.07266269978605144
symmetry,0.3076481396817966,0.07273066130455619
symmetry,0.30648173224155206,0.07279863460367075
symmetry,0.3053136349773766,0.07286662152121348
symmetry,0.30414382486514613,0.07293460108612215
symmetry,0.30297226918461506,0.07300254341702939
symmetry,0.3017990201363838,0.07307050058430553
symmetry,0.30062407827304294,0.07313847442622212
symmetry,0.2994473964104345,0.07320642147549716
symmetry,0.2982689784358854,0.07327434733890814
symmetry,0.29708886395690326,0.07334229108736334
symmetry,0.29590705354758795,0.07341025456007755
symmetry,0.2947234714141722,0.07347816853882805
symmetry,0.29353816646323083,0.07354608059993062
symmetry,0.2923511617397141,0.07361401359137576
symmetry,0.2911624578386248,0.07368196935389593
symmetry,0.289971945876605,0.07374984985283095
symmetry,0.28877972823300524,0.07381775073453756
symmetry,0.28758580740894435,0.07388567559244696
symmetry,0.2863901613476799,0.07395360589331057
symmetry,0.2851927115558096,0.07402147300935069
symmetry,0.2839935544153087,0.07408936530533972
symmetry,0.2827926905380216,0.07415728462813953
symmetry,0.2815900692234238,0.07422518758597141
symmetry,0.28038565571770246,0.07429304563826011
symmetry,0.279179531130486,0.07436093192646642
symmetry,0.2779716960926224,0.07442884830128482
symmetry,0.2767620670759523,0.0744967238786467
symmetry,0.2755506608661056,0.07456457543037043
symmetry,0.2743375396753398,0.07463245828697879
symmetry,0.27312270415299644,0.07470037430391924
symmetry,0.2719060336178336,0.07476822253831206
symmetry,0.2706876044509551,0.07483607016055055
symmetry,0.2694674562271192,0.07490395217455809
symmetry,0.26824558961369105,0.0749718704415584
symmetry,0.2670218422617564,0.07503969142467404
symmetry,0.26579635855254313,0.07510753771128653
symmetry,0.2645691515231322,0.07517542149970413
symmetry,0.2633402035684185,0.07524332969392672
symmetry,0.26210936078349445,0.07531113851372129
symmetry,0.26087678953945237,0.07537898609693144
symmetry,0.259642490513606,0.0754468743207144
symmetry,0.2584064110680234,0.07551476228281429
symmetry,0.257168450956459,0.07558257192216578
symmetry,0.25592875769760126,0.07565042348894385
symmetry,0.254687331985163,0.07571831886974523
symmetry,0.2534440814247201,0.07578618675474413
symmetry,0.2521989681550245,0.07585399993308783
symmetry,0.2509521168275147,0.07592185824243697
symmetry,0.24970352815197883,0.0759897635803013
symmetry,0.2484530648363198,0.07605761150269319
symmetry,0.24720076092346988,0.07612543102314562
symmetry,0.24594671380661481,0.07619329892441346
symmetry,0.2446909242113613,0.07626121711653999
symmetry,0.2434332043010553,0.07632904512338012
symmetry,0.24217367050702188,0.07639687389174377
symmetry,0.24091238811296,0.07646475434411243
symmetry,0.23964935786011043,0.07653268840483574
symmetry,0.2383843351147622,0.07660049644757538
symmetry,0.23711753034107608,0.07666833749263169
symmetry,0.23584897130642524,0.07673623358594345
symmetry,0.23457864220466196,0.076804174601171
symmetry,0.23330628432263556,0.07687197457317896
symmetry,0.2320321654941887,0.07693983106845265
symmetry,0.23075628646284518,0.07700774604556576
symmetry,0.22947858098039453,0.07707567362920381
symmetry,0.22819887012071316,0.0771434889016393
symmetry,0.22691739205989903,0.07721136418884456
symmetry,0.22563414755608446,0.07727930146973822
symmetry,0.2243490121389341,0.07734721515568099
symmetry,0.2230619012016224,0.07741504917837616
symmetry,0.22177301649182135,0.07748294679278728
symmetry,0.22048235878237277,0.077550910000666
symmetry,0.21918973652084872,0.07761880910429442
symmetry,0.2178951760384391,0.07768666553796488
symmetry,0.2165988348757315,0.07775458923599016
symmetry,0.21530071382051774,0.07782258222568345
symmetry,0.21400054412202563,0.07789046580951248
symmetry,0.21269848209969777,0.07795834855496053
symmetry,0.21139463213157017,0.07802630234424751
symmetry,0.21008899502077893,0.07809432923323711
symmetry,0.20878121324623555,0.07816219607127906
symmetry,0.20747159498769363,0.07823010930139118
symmetry,0.2061601811373419,0.07829809747383315
symmetry,0.2048469372139352,0.07836613987556251
symmetry,0.20353150957360577,0.07843401121714993
symmetry,0.20221427749113008,0.07850195941210064
symmetry,0.2008952417658042,0.07856998658018571
symmetry,0.19957427878771983,0.0786380161794476
symmetry,0.19825118513502604,0.07870592317319286
symmetry,0.19692627854197042,0.07877391115934856
symmetry,0.19559955982361454,0.07884198229635464
symmetry,0.1942708003978605,0.07890999684227445
symmetry,0.19293997718114053,0.07897794454521295
symmetry,0.19160733206492553,0.07904597753830156
symmetry,0.19027286588114556,0.07911409802293268
symmetry,0.18893622680910915,0.07918209482280153
symmetry,0.18759760693297112,0.0792500887121434
symmetry,0.18625715570636125,0.07931817236535488
symmetry,0.18491487397952178,0.07938634803151329
symmetry,0.18357026564447876,0.07945432390868595
symmetry,0.18222377819933355,0.07952236993378298
symmetry,0.1808754494275352,0.0795905103915851
symmetry,0.17952518320579558,0.07965869115925078
symmetry,0.17817260587923467,0.07972669883479355
symmetry,0.17681817584404913,0.07979480347547718
symmetry,0.17546189394483036,0.07986300743406877
symmetry,0.17410350438533495,0.07993116711467985
symmetry,0.17274291616829007,0.07999923542051574
symmetry,0.1713804640834119,0.0800674057528456
symmetry,0.17001614899708228,0.0801356805283307
symmetry,0.1686495257062941,0.08020381430627183
symmetry,0.16728084298490686,0.08027195072961174
symmetry,0.165910284591405,0.08034019450027735
symmetry,0.1645378514170983,0.08040854810585918
symmetry,0.16316287453630463,0.08047665050250263
symmetry,0.16178600854521274,0.08054486325683968
symmetry,0.160407254386689,0.08061318896768177
symmetry,0.15902639342435454,0.0806815131571762
symmetry,0.15764315210329782,0.08074969502861024
symmetry,0.15625800848900895,0.08081799314650928
symmetry,0.15487096347133067,0.08088641015092601
symmetry,0.15348153625096117,0.080954698009159
symmetry,0.15208993094543788,0.08102296900991746
symmetry,0.15069640928266714,0.08109136244921306
symmetry,0.14930097081003435,0.08115988035938981
symmetry,0.14790282751453487,0.08122812491152226
symmetry,0.14650275204925034,0.08129649565853247
symmetry,0.14510074530433836,0.0813649954243641
symmetry,0.14369649145795593,0.08143346920061745
symmetry,0.14228978057189168,0.08150181835986381
symmetry,0.14088112163043054,0.08157030061227355
symmetry,0.1394705155651884,0.08163891889789493
symmetry,0.1380572696315977,0.0817073391693997
symmetry,0.13664187103798786,0.08177580552088826
symmetry,0.1352245075041918,0.08184441233671735
symmetry,0.13380497866601804,0.0819130667598188
symmetry,0.13238274763614344,0.08198151913380264
symmetry,0.13095853275922875,0.08205011668553125
symmetry,0.12953233498295502,0.08211886260385298
symmetry,0.12810348824255435,0.08218745055540133
symmetry,0.12667232226015934,0.08225604142348658
symmetry,0.12523915325099289,0.08232478581037772
symmetry,0.12380381066984625,0.08239360905032628
symmetry,0.12236558740067283,0.08246219623625856
symmetry,0.12092533968953567,0.08253094244397174
symmetry,0.1194830685150392,0.08259985116716934
symmetry,0.11803801804834979,0.08266859107194074
symmetry,0.11659057704053144,0.08273734296223484
symmetry,0.11514108971459858,0.08280626341647424
symmetry,0.113689280298649,0.08287523620942805
symmetry,0.11223452359633501,0.0829439982201492
symmetry,0.11077769618997779,0.08301293528447001
symmetry,0.10931879911487041,0.08308205127293727
symmetry,0.1078568105736476,0.08315091956452314
symmetry,0.1063925104526815,0.08321987881853526
symmetry,0.10492611457040213,0.08328902417286144
symmetry,0.10345703913014737,0.08335811894909684
symmetry,0.10198512408144256,0.08342710677005483
symmetry,0.10051108534611441,0.0834962884301701
symmetry,0.09903477696419383,0.08356560907502142
symmetry,0.09755509420855801,0.08363463275163285
symmetry,0.09607325783148613,0.08370385863324975
symmetry,0.09458926894634723,0.08377329131039579
symmetry,0.09310193949988455,0.0838424714290616
symmetry,0.09161213880939345,0.08391175056740335
symmetry,0.0901201534460484,0.08398124584533978
symmetry,0.08862513553922557,0.08405063875641677
symmetry,0.08712719068456065,0.08411998147621808
symmetry,0.08562702656267884,0.0841895504984051
symmetry,0.08412410950927318,0.08425915226497654
symmetry,0.08261782598253353,0.08432857038248864
symmetry,0.08110928591451316,0.0843982258883238
symmetry,0.07959823403818356,0.08446803141969561
symmetry,0.07808340098314037,0.084537538483896
symmetry,0.07656627115086478,0.08460729506755393
symmetry,0.0750468200521276,0.08467729806099039
symmetry,0.07352320832250947,0.08474690964309017
symmetry,0.0719972562988912,0.08481678406438237
symmetry,0.07046896536041869,0.08488692778640133
symmetry,0.06893646836024725,0.0849567109977643
symmetry,0.06740144082974264,0.08502672255753907
symmetry,0.06586402727922669,0.08509701860716218
symmetry,0.06432231906117014,0.08516697372425064
symmetry,0.06277793918389163,0.08523714472039917
symmetry,0.06123112215687321,0.08530761702541756
symmetry,0.059679804081176346,0.08537773399893728
symmetry,0.05812576843340955,0.08544809028377837
symmetry,0.056569240026901335,0.08551876657997542
symmetry,0.05500785867063618,0.0855890342164844
symmetry,0.05344383367992234,0.08565960588259453
symmetry,0.05187705356484462,0.08573045679880659
symmetry,0.0503052929109985,0.08580092454404459
symmetry,0.04873091068575286,0.08587174677411624
symmetry,0.047153223933582566,0.08594273071178399
symmetry,0.04557077167430468,0.08601346491881284
symmetry,0.49813161651140414,-0.0017451413841156616
symmetry,0.49807867674054124,-0.003760655113163522
symmetry,0.49810152414339,-0.005741493388964361
symmetry,0.4981740286001974,-0.007686610294919197
symmetry,0.49828050480120445,-0.009596195777894806
symmetry,0.4984120417595609,-0.011471231481677419
symmetry,0.4985629741074457,-0.013312975150895218
symmetry,0.4987288139392552,-0.01512264388989737
symmetry,0.4989073385203176,-0.016901678982538526
symmetry,0.4990956746835148,-0.018651211737254758
symmetry,0.4992923799426531,-0.020372501616597205
symmetry,0.49949595330888047,-0.022066661531635043
symmetry,0.4997056971214311,-0.02373485440527634
symmetry,0.49992021587732327,-0.025377990242235
symmetry,0.5001389813766715,-0.026997070348363503
symmetry,0.5003614163356254,-0.028593004070253114
symmetry,0.5005869417397435,-0.030166625854949156
symmetry,0.5008150014980199,-0.031718707185521985
symmetry,0.5010450740698159,-0.03324996522978389
symmetry,0.5012772494533577,-0.03476120563928109
symmetry,0.5015107145100237,-0.03625297139963819
symmetry,0.5017455944058256,-0.037725982238938444
symmetry,0.5019814913303757,-0.039180791317694946
symmetry,0.5022181670202754,-0.040617951135060115
symmetry,0.502455477149288,-0.04203800219145325
symmetry,0.5026932754841131,-0.04344145234670807
symmetry,0.5029314168209125,-0.04482877982127205
symmetry,0.5031697589221642,-0.04620043577834544
symmetry,0.5034081637382813,-0.047556846563622746
symmetry,0.5036464981194411,-0.04889841566252501
symmetry,0.5038849221754286,-0.05022560375877819
symmetry,0.5041230663172762,-0.05153870823002088
symmetry,0.5043608668087511,-0.05283808878396953
symmetry,0.5045985073551047,-0.05412415678885696
symmetry,0.5048355626996082,-0.05539713692821602
symmetry,0.5050723931009237,-0.05665745912128495
symmetry,0.5053085651872775,-0.057905313523508195
symmetry,0.5055442922599407,-0.05914106117704343
symmetry,0.5057794365322366,-0.06036494940644996
symmetry,0.5060138804191501,-0.06157721822565737
symmetry,0.5062477543530073,-0.0627781699136567
symmetry,0.5064809845575263,-0.06396803570656431
symmetry,0.5067134683099868,-0.06514702723697863
symmetry,0.5069451985683102,-0.06631537525751816
symmetry,0.507176166885012,-0.06747330116026862
symmetry,0.5074063636670295,-0.06862101750345978
symmetry,0.5076358336867202,-0.06975874608501181
symmetry,0.5078644938160651,-0.07088666062564258
symmetry,0.5080923256649174,-0.072004947709091
symmetry,0.5083193178518579,-0.07311378919728204
symmetry,0.5085454585307609,-0.07421336020023225
symmetry,0.5087707354778721,-0.07530382941037417
symmetry,0.5089951762863585,-0.07638537284216465
symmetry,0.5092187745929797,-0.07745814976092782
symmetry,0.5094414892314463,-0.07852230218633438
symmetry,0.509663306490056,-0.07957797600757197
symmetry,0.5098842125680754,-0.08062531206917567
symmetry,0.5101041935918897,-0.08166444639169526
symmetry,0.5103232585300786,-0.08269551841879019
symmetry,0.5105415379158684,-0.08371870644182286
symmetry,0.5107588657513955,-0.08473408039340524
symmetry,0.5109752276452068,-0.08574175895981606
symmetry,0.5111906876703072,-0.08674188532696026
symmetry,0.5114053250525735,-0.08773460531043983
symmetry,0.5116189673946858,-0.08871996973744042
symmetry,0.5118316780327035,-0.08969811147979947
symmetry,0.5120435784975592,-0.09066918260093013
symmetry,0.5122544532404207,-0.09163320692981677
symmetry,0.5124644892140326,-0.09259035517499747
symmetry,0.5126735992718153,-0.09354069290734743
symmetry,0.5128817373532593,-0.09448429780402773
symmetry,0.5130890732189612,-0.0954213277313393
symmetry,0.5132953530336661,-0.09635177525348251
symmetry,0.5135009028977577,-0.09727585470179331
symmetry,0.5137053596756025,-0.09819351006260629
symmetry,0.513909109703661,-0.0991049764086959
symmetry,0.5141117748040729,-0.10001018556014438
symmetry,0.5143137093461299,-0.10090935759533598
symmetry,0.514514610696403,-0.10180244858237644
symmetry,0.5147147124411074,-0.10268962774131152
symmetry,0.5149138749027393,-0.10357091192730342
symmetry,0.5151121249866983,-0.104446383396643
symmetry,0.5153095706617723,-0.10531615657419743
symmetry,0.5155060136978176,-0.1061802174254955
symmetry,0.5157016972296735,-0.10703873369379382
symmetry,0.5158964613077793,-0.10789170360237016
symmetry,0.5160902544332678,-0.10873916829971417
symmetry,0.5162833511747422,-0.10958130653318929
symmetry,0.5164754972610792,-0.11041807063092837
symmetry,0.5166667005234855,-0.11124952246203842
symmetry,0.5168571850638237,-0.11207581694676075
symmetry,0.5170467680621214,-0.11289693149533583
symmetry,0.517235433262998,-0.11371291383775847
symmetry,0.5174232754321142,-0.11452385959337233
symmetry,0.5176103426027778,-0.11532984330198937
symmetry,0.517796514271083,-0.11613086310989548
symmetry,0.5179818000098051,-0.11692697355021894
symmetry,0.5181662711964149,-0.11771825625363577
symmetry,0.5183499873635559,-0.11850478711824283
symmetry,0.5185328365943757,-0.11928656277938096
symmetry,0.5187148272752711,-0.12006363332605141
symmetry,0.5188959674917308,-0.12083604781316457
symmetry,0.5190763227439117,-0.12160388128693816
symmetry,0.5192559231193197,-0.12236719189610731
symmetry,0.5194346884533245,-0.12312598503894087
symmetry,0.5196126258462983,-0.12388030590493934
symmetry,0.5197897421469341,-0.12463019878192261
symmetry,0.5199660439613993,-0.12537570707980122
symmetry,0.5201415376619973,-0.12611687335347518
symmetry,0.5203162949139944,-0.12685377119437438
symmetry,0.5204902803047962,-0.12758642181649732
symmetry,0.5206634688166433,-0.12831485041834353
symmetry,0.5208358660413317,-0.12903909633393368
symmetry,0.5210074773701154,-0.1297591981439212
symmetry,0.5211783080000432,-0.13047519369396454
symmetry,0.5213483629399639,-0.1311871201124497
symmetry,0.5215176470162135,-0.13189501382758628
symmetry,0.5216861648780078,-0.13259891058390508
symmetry,0.5218539210025473,-0.13329884545817572
symmetry,0.5220209196998586,-0.13399485287477272
symmetry,0.5221871651173771,-0.13468696662050342
symmetry,0.5223526612442896,-0.13537521985892284
symmetry,0.522517411915647,-0.13605964514415542
symmetry,0.5226814208162571,-0.1367402744342359
symmetry,0.5228446914843702,-0.13741713910399292
symmetry,0.5230072273151642,-0.13809026995748674
symmetry,0.5231690315640435,-0.13875969724002066
symmetry,0.5233301073497536,-0.13942545064973821
symmetry,0.5234904576573256,-0.14008755934882086
symmetry,0.5236500853408539,-0.1407460519743002
symmetry,0.5238089931261165,-0.1414009566484987
symmetry,0.5239671836130431,-0.14205230098910512
symmetry,0.5241246592780381,-0.1427001121189058
symmetry,0.5242814224761634,-0.14334441667517533
symmetry,0.5244374754431866,-0.14398524081873737
symmetry,0.5245928202975012,-0.144622610242712
symmetry,0.5247474590419183,-0.14525655018094918
symmetry,0.524901393565342,-0.14588708541616818
symmetry,0.5250546256443249,-0.1465142402878008
symmetry,0.525207156944511,-0.14713803869955527
symmetry,0.525358989021971,-0.14775850412670244
symmetry,0.5255101701665907,-0.14837568646743685
symmetry,0.5256607049758064,-0.14898961062630112
symmetry,0.5258105501114008,-0.14960027346152863
symmetry,0.5259597067111754,-0.15020769685496652
symmetry,0.5261081758107966,-0.1508119022942178
symmetry,0.526255958344535,-0.15141291087845507
symmetry,0.5264030551459162,-0.1520107433240047
symmetry,0.5265494669482786,-0.15260541996970253
symmetry,0.5266952887761338,-0.15319701698379581
symmetry,0.5268404703132428,-0.15378552434226764
symmetry,0.5269849740094663,-0.15437093882029715
symmetry,0.5271288002270086,-0.15495327936094905
symmetry,0.527271949231781,-0.15553256455531117
symmetry,0.5274144211934753,-0.15610881264663487
symmetry,0.527556328035137,-0.1566821100301958
symmetry,0.5276976136134062,-0.15725244069374203
symmetry,0.5278382277088488,-0.1578197913725471
symmetry,0.5279781701436542,-0.15838417903112584
symmetry,0.528117440645463,-0.158945620306189
symmetry,0.5282561426406136,-0.1595041965575585
symmetry,0.5283942596563077,-0.16005991459257735
symmetry,0.5285317090708679,-0.16061273894181313
symmetry,0.5286684902779029,-0.16116268504372133
symmetry,0.5288046025764712,-0.16170976802490775
symmetry,0.5289402515823274,-0.16225413504805705
symmetry,0.5290752392477914,-0.1627956754416621
symmetry,0.5292095611826677,-0.1633344012942359
symmetry,0.5293432163593905,-0.16387032660000075
symmetry,0.5294763883705905,-0.1644035856488908
symmetry,0.5296089406354936,-0.16493410469681932
symmetry,0.5297408284466026,-0.16546186870124638
symmetry,0.5298720504532745,-0.16598689056865104
symmetry,0.5300028347395798,-0.16650933547841115
symmetry,0.5301329732873998,-0.16702907995019287
symmetry,0.5302624474934515,-0.16754612485792414
symmetry,0.5303913309518431,-0.1680605327580396
symmetry,0.5305197364831038,-0.16857239343046446
symmetry,0.5306474785399125,-0.16908159504610512
symmetry,0.5307745552254276,-0.169588148721325
symmetry,0.5309011977129932,-0.17009222515914102
symmetry,0.5310272215154352,-0.1705937114277081
symmetry,0.5311525800117232,-0.1710925875443968
symmetry,0.5312774310342383,-0.17158897481874782
symmetry,0.5314017487908005,-0.17208286817841156
symmetry,0.531525400739387,-0.17257418725436652
symmetry,0.5316485051524928,-0.17306302643151583
symmetry,0.5317711274464858,-0.1735494440099545
symmetry,0.53189308287265,-0.17403332130486698
symmetry,0.5320144836655198,-0.1745147489796277
symmetry,0.532135419507969,-0.174993802772052
symmetry,0.5322556868707824,-0.17547034845897544
symmetry,0.5323754252819091,-0.17594449697473513
symmetry,0.5324946821565787,-0.1764162940044523
symmetry,0.5326132683911382,-0.17688561332399264
symmetry,0.5327313840166275,-0.17735261097960262
symmetry,0.5328489679175376,-0.17781725344183902
symmetry,0.5329658784697128,-0.17827944683973218
symmetry,0.5330824093648654,-0.1787394180843403
symmetry,0.5331983248265639,-0.17919700347390277
symmetry,0.5333136196755395,-0.17965220859085185
symmetry,0.5334285464553741,-0.18010523233931275
symmetry,0.533542796576136,-0.1805558535625229
symmetry,0.5336565689499467,-0.18100423136139845
symmetry,0.5337698361842499,-0.1814503551464524
symmetry,0.5338824226422756,-0.18189410061764266
symmetry,0.5339947068096922,-0.18233576611261706
symmetry,0.5341063153298762,-0.18277507561034603
symmetry,0.534217431876626,-0.1832121790102678
symmetry,0.5343280674081047,-0.18364709431321205
symmetry,0.5344380339568932,-0.18407968435263142
symmetry,0.5345477011052141,-0.18451024618208367
symmetry,0.5346566809577957,-0.18493848566268778
symmetry,0.5347652378333427,-0.18536461870954993
symmetry,0.5348732523970678,-0.18578856023597828
symmetry,0.5349806982136048,-0.18621029747217713
symmetry,0.5350877512643561,-0.1866299791393516
symmetry,0.535194109671671,-0.1870473722593983
symmetry,0.5353001970973418,-0.18746282509028336
symmetry,0.5354055958000272,-0.18787600976060348
symmetry,0.535510608696516,-0.1882871789962667
symmetry,0.5356150506758174,-0.18869619078814148
symmetry,0.5357190041462533,-0.18910311999475948
symmetry,0.5358224920817549,-0.18950799353077658
symmetry,0.5359254008348393,-0.1899107254912346
symmetry,0.536027937110465,-0.19031149446040063
symmetry,0.5361298154735046,-0.19071007119539907
symmetry,0.5362314021830394,-0.1911067683672083
symmetry,0.5363322785828577,-0.19150124332753266
symmetry,0.5364329030666459,-0.19189388839311333
symmetry,0.536532829057594,-0.19228433453417654
symmetry,0.5366324548912308,-0.19267292606344938
symmetry,0.5367314318279813,-0.1930593738007701
symmetry,0.5368300721653423,-0.1934439513169961
symmetry,0.5369281011249207,-0.19382643018326495
symmetry,0.5370257687911117,-0.19420703253437688
symmetry,0.5371228505762442,-0.1945855711887326
symmetry,0.5372195580784095,-0.1949622365648498
symmetry,0.5373156932204115,-0.19533686280114115
symmetry,0.5374114527582061,-0.19570962875152953
symmetry,0.5375066415194025,-0.19608036950554647
symmetry,0.537601464995149,-0.19644927295505304
symmetry,0.5376957073708273,-0.19681615431072985
symmetry,0.5377896063993779,-0.1971812315757145
symmetry,0.5378829021192592,-0.19754427877027952
symmetry,0.5379758880375857,-0.19790556557407768
symmetry,0.538068236566809,-0.1982648030021374
symmetry,0.5381603204433354,-0.1986223344900726
symmetry,0.5382517209829378,-0.19897778570660213
symmetry,0.5383429136266378,-0.1993315964605763
symmetry,0.5384334219312106,-0.19968333653892673
symmetry,0.5385236770827897,-0.20003340823547394
symmetry,0.5386133117215104,-0.20038147840907178
symmetry,0.5387026198004725,-0.2007278251921885
symmetry,0.5387913909088696,-0.20107225867468353
symmetry,0.5388797502691023,-0.20141490134865786
symmetry,0.538967667753315,-0.20175573083747972
symmetry,0.5390550764854198,-0.2020946893747354
symmetry,0.5391421500303748,-0.20243194706401751
symmetry,0.539228605959311,-0.20276724060198187
symmetry,0.5393148450367491,-0.2031009581951812
symmetry,0.5394004394649757,-0.20343269542153125
symmetry,0.539485759595201,-0.20376281375403765
symmetry,0.539570534868307,-0.2040910574240986
symmetry,0.5396549000586415,-0.20441756195200494
symmetry,0.5397388650855621,-0.2047423425702879
symmetry,0.5398222723133814,-0.20506524969327955
symmetry,0.5399054358164909,-0.20538659731456876
symmetry,0.5399879783922947,-0.20570601845405412
symmetry,0.5400702523040903,-0.20602386681823887
symmetry,0.5401520073864916,-0.20633989903219824
symmetry,0.5402333193359936,-0.2066541949499247
symmetry,0.5403142951481326,-0.20696686718936835
symmetry,0.5403946666739696,-0.2072776500453628
symmetry,0.5404748458484645,-0.20758696508823254
symmetry,0.5405544512755351,-0.20789443038601224
symmetry,0.5406336632104283,-0.20820023360448686
symmetry,0.5407125103052999,-0.20850440925400365
symmetry,0.540790768775664,-0.20880673121401166
symmetry,0.5408688468917773,-0.20910762584551934
symmetry,0.5409463594043692,-0.20940669900506165
symmetry,0.5410234637177309,-0.20970411806589084
symmetry,0.5411002376234502,-0.20999996935330295
symmetry,0.5411764376386758,-0.21029400130274017
symmetry,0.5412524055380048,-0.21058657849986268
symmetry,0.5413278785824445,-0.2108774279380211
symmetry,0.541402864804942,-0.21116656138050616
symmetry,0.5414776178533834,-0.21145425431083176
symmetry,0.541551810865128,-0.21174016096924536
symmetry,0.5416256565418784,-0.21202451369589836
symmetry,0.5416991405115408,-0.21230730179757984
symmetry,0.5417720735602938,-0.21258832346453932
symmetry,0.5418447768468473,-0.21286793271404597
symmetry,0.541917011392678,-0.21314587295312232
symmetry,0.5419887199434908,-0.21342208398998264
symmetry,0.5420602624103619,-0.21369696742028038
symmetry,0.5421312664763297,-0.21397011554151235
symmetry,0.542201826128478,-0.2142416354612715
symmetry,0.5422721480576914,-0.21451176260749255
symmetry,0.5423419399046407,-0.21478017316802395
symmetry,0.5424113475228196,-0.21504703427959643
symmetry,0.5424804668094825,-0.21531245894080958
symmetry,0.5425490640421633,-0.2155761853426496
symmetry,0.5426173160381916,-0.21583841817283983
symmetry,0.542685249938859,-0.21609919301539432
symmetry,0.542752669532209,-0.21635828753682695
symmetry,0.5428197618663766,-0.21661592081883058
symmetry,0.5428865270249956,-0.21687209740720403
symmetry,0.542952785349752,-0.21712661123322058
symmetry,0.5430187135298892,-0.21737967188972368
symmetry,0.5430843260031171,-0.21763130071645703
symmetry,0.5431494388508233,-0.21788128396830125
symmetry,0.5432141979288697,-0.21812979708865732
symmetry,0.5432786732108372,-0.21837692760347244
symmetry,0.5433426558183169,-0.21862242936739573
symmetry,0.543406240384116,-0.21886641817825903
symmetry,0.5434695934307006,-0.2191090988164454
symmetry,0.5435324605040551,-0.21935016717175043
symmetry,0.5435948646760491,-0.2195896530004247
symmetry,0.5436571099287195,-0.21982793121058003
symmetry,0.5437188756669236,-0.2200646132570535
symmetry,0.5437801658106363,-0.22029970550327843
symmetry,0.5438412444886593,-0.22053353775789042
symmetry,0.5439019226068005,-0.22076587964269112
symmetry,0.5439621312600776,-0.22099664739987634
symmetry,0.5440220174417213,-0.22122602754677728
symmetry,0.5440816211939539,-0.22145407449087362
symmetry,0.5441407613849792,-0.2216805626467548
symmetry,0.5441994476912042,-0.2219055057703047
symmetry,0.5442579898934653,-0.22212930209452947
symmetry,0.5443160742187397,-0.22235155464298106
symmetry,0.5443737042700059,-0.22257226943858888
symmetry,0.5444310457841564,-0.22279166285265484
symmetry,0.5444880864308542,-0.22300972291923316
symmetry,0.5445446781896801,-0.22322625982644673
symmetry,0.544600824536123,-0.22344127946724257
symmetry,0.5446568133395541,-0.22365516309874006
symmetry,0.5447123784015184,-0.2238675640868667
symmetry,0.5447675031510397,-0.22407846199308679
symmetry,0.5448222689175422,-0.2242879668421517
symmetry,0.5448768185192654,-0.22449627306829734
symmetry,0.5449309327122429,-0.22470309009109063
symmetry,0.544984614770568,-0.22490842358309626
symmetry,0.5450380108309584,-0.22511247360785547
symmetry,0.5450911251765871,-0.22531524981652734
symmetry,0.5451438120244805,-0.22551655598047032
symmetry,0.5451960745333346,-0.2257163976503747
symmetry,0.545248091185871,-0.22591502314291895
symmetry,0.5452997930405926,-0.22611234099733524
symmetry,0.5453510749371888,-0.22630820746006441
symmetry,0.5454019399231057,-0.22650262796252918
symmetry,0.5454525668421069,-0.2266958556780589
symmetry,0.5455028778868304,-0.2268877849379593
symmetry,0.5455527761562198,-0.22707828096468868
symmetry,0.5456022645904783,-0.22726734907285867
symmetry,0.5456514908021242,-0.22745520210394
symmetry,0.5457004316932419,-0.22764181068137396
symmetry,0.5457489666491284,-0.22782700370024855
symmetry,0.5457970985066134,-0.22801078636066957
symmetry,0.5458449123514822,-0.2281932839773546
symmetry,0.5458925027796514,-0.22837463799157415
symmetry,0.5459396937837258,-0.2285545936482014
symmetry,0.5459864881009034,-0.22873315603500333
symmetry,0.5460328884340381,-0.2289103302123076
symmetry,0.5460791359285676,-0.22908647731525222
symmetry,0.546125001448112,-0.22926125952664145
symmetry,0.5461704763802746,-0.22943466509519944
symmetry,0.5462155633329189,-0.22960669897145258
symmetry,0.5462603724841973,-0.22977752969120063
symmetry,0.5463049301490734,-0.2299472006992886
symmetry,0.5463491030270128,-0.23011551123957336
symmetry,0.546392893634372,-0.23028246615466852
symmetry,0.5464363044554608,-0.23044807026081876
symmetry,0.5464795170846946,-0.23061260702088676
symmetry,0.5465224044709166,-0.2307758827105773
symmetry,0.5465649150124556,-0.23093781840158756
symmetry,0.5466070511064498,-0.23109841880447884
symmetry,0.5466488151192241,-0.23125768860397233
symmetry,0.5466904139301907,-0.23141595806103143
symmetry,0.5467316599852691,-0.2315729327151328
symmetry,0.5467725366640679,-0.23172858717249356
symmetry,0.5468130462499229,-0.2318829260142346
symmetry,0.5468531909965458,-0.23203595379612135
symmetry,0.5468931579167822,-0.2321879761278211
symmetry,0.5469327898596037,-0.23233874090967266
symmetry,0.5469720594455024,-0.23248820464535508
symmetry,0.547010968849244,-0.2326363717889927
symmetry,0.547049520217123,-0.2327832467698111
symmetry,0.5470878362780525,-0.23292903518100921
symmetry,0.5471258797250814,-0.2330736782365772
symmetry,0.5471635674096729,-0.2332170387608366
symmetry,0.5472009014030852,-0.2333591210832206
symmetry,0.5472378837492236,-0.2334999295086903
symmetry,0.5472745289056663,-0.23363948956930547
symmetry,0.5473110079951821,-0.23377809612864603
symmetry,0.5473471375155217,-0.2339154380515736
symmetry,0.5473829194393472,-0.23405151954503123
symmetry,0.5474183557130474,-0.23418634479187672
symmetry,0.547453448256988,-0.23431991795095952
symmetry,0.5474882460962129,-0.23445232602610383
symmetry,0.547522839856807,-0.23458373115849235
symmetry,0.5475570917423285,-0.23471389303208956
symmetry,0.5475910036063854,-0.2348428157097427
symmetry,0.5476245772775981,-0.23497050323063484
symmetry,0.5476578145598563,-0.23509695961038402
symmetry,0.5476907377739535,-0.2352222260332436
symmetry,0.5477234804628439,-0.235346546812438
symmetry,0.547755888413115,-0.23546964486343636
symmetry,0.5477879633662273,-0.23559152410779738
symmetry,0.5478197070399051,-0.2357121884438207
symmetry,0.5478511211283763,-0.2358316417466232
symmetry,0.5478822073026103,-0.23594988786821214
symmetry,0.5479130645502186,-0.23606711311621292
symmetry,0.5479436599127351,-0.23618325889294806
symmetry,0.5479739287909781,-0.23629820543317265
symmetry,0.5480038727984204,-0.2364119564970084
symmetry,0.5480334935262321,-0.23652451582174622
symmetry,0.5480627925435138,-0.23663588712192152
symmetry,0.5480917713975263,-0.23674607408938259
symmetry,0.5481205255765841,-0.23685526289441916
symmetry,0.548149017137483,-0.23696338298241676
symmetry,0.548177189770008,-0.23707032623622054
symmetry,0.5482050449686859,-0.2371760962579939
symmetry,0.5482325842071165,-0.23728069662745327
symmetry,0.5482598089382039,-0.23738413090195315
symmetry,0.5482867205943666,-0.23748640261652532
symmetry,0.5483133330458709,-0.23758754037154806
symmetry,0.5483397607816956,-0.23768777699438565
symmetry,0.5483658765078558,-0.23778685813473383
symmetry,0.5483916816086769,-0.23788478724032308
symmetry,0.548417177448879,-0.23798156773678986
symmetry,0.5484423653737924,-0.238077203027735
symmetry,0.5484672467095729,-0.23817169649478548
symmetry,0.5484918227634084,-0.23826505149764166
symmetry,0.548516094823734,-0.23835727137414314
symmetry,0.5485401717178129,-0.23844858659497042
symmetry,0.5485639624157275,-0.23853880818299877
symmetry,0.5485874499930175,-0.23862790120519678
symmetry,0.5486106356958449,-0.23871586891515956
symmetry,0.5486335207524475,-0.2388027145448094
symmetry,0.5486561063733294,-0.23888844130441644
symmetry,0.5486783937514796,-0.23897305238268385
symmetry,0.5487003840625576,-0.2390565509467586
symmetry,0.5487220784651068,-0.23913894014231174
symmetry,0.5487435570316256,-0.23922039816272495
symmetry,0.5487647725871665,-0.23930082330280716
symmetry,0.5487856929565811,-0.2393801451658279
symmetry,0.5488063192618855,-0.23945836681708005
symmetry,0.5488266526087529,-0.23953549130053303
symmetry,0.5488466940866982,-0.2396115216388493
symmetry,0.5488664447692788,-0.2396864608334453
symmetry,0.5488859057142709,-0.23976031186449126
symmetry,0.5489050779638678,-0.23983307769097018
symmetry,0.5923071355092033,7.027721922148178e-05
symmetry,0.5926127169093736,0.00029630860172802365
symmetry,0.5929188715355304,0.000526128297909545
symmetry,0.5932255822046134,0.0007595908174405919
symmetry,0.5935328317151827,0.0009965545634230688
symmetry,0.5938406028550941,0.0012368817278373134
symmetry,0.5941488784087763,0.001480438189797706
symmetry,0.5944576411641249,0.0017270934165470875
symmetry,0.5947668739190338,0.001976720367121154
symmetry,0.5950765594875742,0.0022291953986047774
symmetry,0.5953866807058409,0.0024843981749261834
symmetry,0.5956972204374775,0.002742211578109388
symmetry,0.5960081615788959,0.003002521621934484
symmetry,0.5963194870642021,0.0032652173679310614
symmetry,0.5966311798698434,0.0035301908436520257
symmetry,0.5969427905075253,0.003795689450385331
symmetry,0.5972486330653208,0.004040183297746247
symmetry,0.5975547574118835,0.00428682555899762
symmetry,0.5978611478788115,0.004535520226284895
symmetry,0.5981677888458726,0.004786173813667416
symmetry,0.5984746647443033,0.005038695290207285
symmetry,0.598781760059907,0.005292996014868212
symmetry,0.5990890593359603,0.0055489896731723
symmetry,0.5993940128487514,0.005797402506844684
symmetry,0.5996989131774404,0.0060466359413653414
symmetry,0.6000039781030888,0.00629745785222513
symmetry,0.600309192508111,0.006549788402039014
symmetry,0.6006145413460942,0.0068035498486129775
symmetry,0.6009197843116058,0.007057873212924948
symmetry,0.601223413904495,0.007307474301782135
symmetry,0.6015271471354297,0.007558411675600896
symmetry,0.6018309691450393,0.007810612841643083
symmetry,0.6021348651580866,0.008064007215822566
symmetry,0.6024387892400513,0.00831841918649212
symmetry,0.6027413037336954,0.008568942852366757
symmetry,0.6030438654362731,0.008820572963470052
symmetry,0.6033464597107352,0.009073243458722069
symmetry,0.6036490720153915,0.009326890024759504
symmetry,0.6039512353140771,0.009579944324244138
symmetry,0.6042526677437596,0.009831484954618941
symmetry,0.6045540935768065,0.01008392143727388
symmetry,0.6048554983984787,0.010337193472751527
symmetry,0.6051568011580579,0.01059102510051868
symmetry,0.6054571665651752,0.010842704023484528
symmetry,0.6057574875810368,0.01109514186250693
symmetry,0.6060577499150981,0.011348282028705858
symmetry,0.606357934354227,0.011602053402891777
symmetry,0.6066572546557933,0.011853954684540424
symmetry,0.6069564936512976,0.012106484998624323
symmetry,0.6072556371812338,0.012359591221303923
symmetry,0.6075545780511773,0.012612930907353714
symmetry,0.6078528491333505,0.01286505092112955
symmetry,0.6081510025873031,0.013117676704212156
symmetry,0.608449024396447,0.013370758389769533
symmetry,0.6087466644428208,0.01362352503223907
symmetry,0.6090438641884548,0.013875804085570986
symmetry,0.6093409104078887,0.014128471911249774
symmetry,0.6096377892418089,0.014381481717114841
symmetry,0.6099341081050368,0.014633652283178478
symmetry,0.6102302012835692,0.01488599384955136
symmetry,0.6105261053659329,0.01513861315768672
symmetry,0.6108216523826305,0.015391010587940124
symmetry,0.6111168045798107,0.01564307895830619
symmetry,0.61141174602599,0.01589536204283548
symmetry,0.6117064329644719,0.016147729855805926
symmetry,0.6120006481523814,0.016399552196942557
symmetry,0.612294630933987,0.016651527465858518
symmetry,0.6125883677289965,0.01690361490770742
symmetry,0.6128816713752291,0.01715527866923594
symmetry,0.6131746930087298,0.017406954727693935
symmetry,0.6134674470284647,0.01765868394597614
symmetry,0.6137598198805445,0.017910145995204796
symmetry,0.6140518726397528,0.018161516034772562
symmetry,0.6143436361058519,0.018412881476190135
symmetry,0.6146350423159821,0.018664053740857667
symmetry,0.6149261141273717,0.01891509879968245
symmetry,0.6152168749010254,0.01916608277916554
symmetry,0.6155072883015399,0.01941690699551124
symmetry,0.6157973634221245,0.019667598434331968
symmetry,0.6160871056895096,0.019918173608383993
symmetry,0.6163765071228146,0.02016861245570778
symmetry,0.6166655666652398,0.02041891387533823
symmetry,0.616954271468379,0.02066904515719037
symmetry,0.617242646888644,0.02091907605849963
symmetry,0.617530669236601,0.02116894481060172
symmetry,0.6178183148932069,0.021418590878831245
symmetry,0.6181056539885507,0.02166820158948768
symmetry,0.6183926151319594,0.021917589985324337
symmetry,0.6186791909600539,0.022166739431432436
symmetry,0.6189654727477475,0.022415889912191456
symmetry,0.6192513465582519,0.02266474620311465
symmetry,0.6195368565423615,0.022913425453993885
symmetry,0.6198220452147325,0.02316203859686239
symmetry,0.6201068036761043,0.02341030777948716
symmetry,0.6203912451617432,0.02365852498352794
symmetry,0.6206753110393253,0.023906541806940074
symmetry,0.6209589244433182,0.024154166291686208
symmetry,0.6212422955486505,0.02440193085873965
symmetry,0.6215252074133172,0.02464929035123198
symmetry,0.6218077338822265,0.02489643317849921
symmetry,0.6220899438129228,0.0251435322450273
symmetry,0.6223716690550428,0.025390171841467413
symmetry,0.6226531116134857,0.025636854095477002
symmetry,0.622934123476073,0.02588321492739054
symmetry,0.6232146906662227,0.026129223360470077
symmetry,0.6234949867731941,0.026375304968985436
symmetry,0.6237747655227456,0.0266208616293937
symmetry,0.6240542395030328,0.026866411591002448
symmetry,0.6243332889292524,0.02711166628443762
symmetry,0.6246118634806476,0.02735650791936639
symmetry,0.6248901795278531,0.02760145619105603
symmetry,0.6251679451554972,0.027845815862904355
symmetry,0.6254454194575381,0.0280902055855089
symmetry,0.6257224362954104,0.02833423266857893
symmetry,0.6259989916953433,0.028577891003413014
symmetry,0.6262752542326526,0.02882157782110406
symmetry,0.62655093296567,0.029064614367392383
symmetry,0.6268263820134827,0.02930782830464629
symmetry,0.6271012894129999,0.029550495757988515
symmetry,0.6273758032295846,0.029792962597432804
symmetry,0.6276499325024006,0.03003525065753032
symmetry,0.6279235018898444,0.030276960320620994
symmetry,0.6281968457208674,0.03051885757611983
symmetry,0.6284695609596829,0.030760025536516022
symmetry,0.6287420128920751,0.031001295968684395
symmetry,0.6290139235926864,0.031242041206012927
symmetry,0.6292854180825329,0.03148254598779332
symmetry,0.6295565158385926,0.03172285512561668
symmetry,0.6298270455220614,0.031962588279260795
symmetry,0.6300973214804204,0.03220244708702147
symmetry,0.6303669233906628,0.032441500643535015
symmetry,0.6306363244158044,0.032680797270792206
symmetry,0.6309050836647383,0.03291936646027627
symmetry,0.6311735085970964,0.03315788609972914
symmetry,0.6314414153834524,0.03339595521263683
symmetry,0.6317088579799112,0.03363369411687711
symmetry,0.6319759021112081,0.03387124677987674
symmetry,0.6322423564787437,0.03410820188399111
symmetry,0.6325085273855311,0.03434522110883986
symmetry,0.632773987928545,0.03458138989706905
symmetry,0.6330392746774525,0.03481785812554128
symmetry,0.6333038177559837,0.03505341185680777
symmetry,0.6335681273571121,0.03528913766153552
symmetry,0.6338317629972758,0.03552410406709572
symmetry,0.6340950686638143,0.03575903939273117
symmetry,0.6343577851568045,0.0359934000001243
symmetry,0.6346200816798917,0.03622754278870444
symmetry,0.6348818669916014,0.03646127868262572
symmetry,0.6351431493078374,0.0366946270708981
symmetry,0.6354039910888627,0.03692771892648328
symmetry,0.6356642542502771,0.0371602711783946
symmetry,0.6359241398453956,0.03739269929244049
symmetry,0.636183378992399,0.037624453740129016
symmetry,0.6364422954496213,0.03785619806050722
symmetry,0.636700505786537,0.038087153052621
symmetry,0.6369584398658009,0.03831819320608165
symmetry,0.63721561663865,0.03854834706244881
symmetry,0.6374725548202194,0.038778662380987816
symmetry,0.6377286932964759,0.03900801335280668
symmetry,0.6379846217891041,0.03923758289875745
symmetry,0.638239717239175,0.039466129133585603
symmetry,0.6384946219880756,0.039694931723559645
symmetry,0.6387486696683115,0.039922671234517204
symmetry,0.6390025363629821,0.04015068546231748
symmetry,0.6392555315000362,0.040377616100978564
symmetry,0.6395083455819643,0.040604820359576355
symmetry,0.6397602833583549,0.04083093979210628
symmetry,0.6400120300286477,0.04105731229478271
symmetry,0.640262905569398,0.041282617980957115
symmetry,0.6405135697963459,0.04150813678166476
symmetry,0.6407633781565935,0.041732625956431346
symmetry,0.6410129446832058,0.04195726896946361
symmetry,0.6412616808366862,0.042180938626779185
symmetry,0.6415101341882039,0.04240468364578098
symmetry,0.6417577930165317,0.04262753052447299
symmetry,0.6420051175079418,0.04285035524085823
symmetry,0.6422516937906189,0.04307237581230983
symmetry,0.6424978735341766,0.04329425783311669
symmetry,0.6427433619392748,0.043515448290594616
symmetry,0.6429883808520482,0.0437363651558178
symmetry,0.6432327759275058,0.04395672140527651
symmetry,0.6434766177389479,0.04417665060470555
symmetry,0.6437199139044509,0.0443961682569497
symmetry,0.6439625621640037,0.04461508724653296
symmetry,0.6442047537034018,0.0448337616105966
symmetry,0.6444461917881388,0.04505164782836013
symmetry,0.644687272842376,0.045269473906018654
symmetry,0.6449274839646828,0.04548630478754723
symmetry,0.6451674485252111,0.045703277268863585
symmetry,0.6454064957039207,0.04591917478512919
symmetry,0.6456452576431548,0.04613514352218129
symmetry,0.6458831806950934,0.04635018555869763
symmetry,0.6461206767769383,0.04656504419845531
symmetry,0.646357469403793,0.04677922474570606
symmetry,0.646593682199307,0.04699295055205277
symmetry,0.6468293379288248,0.047206263270186066
symmetry,0.6470642498779938,0.04741883357203691
symmetry,0.6472987620593765,0.047631271790536944
symmetry,0.6475323554791197,0.04784266399530668
symmetry,0.6477657172787974,0.04805422071332166
symmetry,0.6479981531376307,0.04826472457699682
symmetry,0.6482301787687849,0.04847508020731495
symmetry,0.6484614559119459,0.04868469860418534
symmetry,0.6486921214139547,0.04889382021774702
symmetry,0.6489222326196944,0.049102545369089645
symmetry,0.6491515198067805,0.04931041048070961
symmetry,0.6493804576539639,0.04951823427482738
symmetry,0.6496084644364015,0.04972501920168715
symmetry,0.6498361051184294,0.04993173453305755
symmetry,0.6500629296305209,0.05013761267427741
symmetry,0.6502891488333504,0.05034301517912154
symmetry,0.6505147832145938,0.05054797761976426
symmetry,0.6507395623418933,0.05075204508722608
symmetry,0.6509639985201221,0.05095608258449802
symmetry,0.6511874987506072,0.051159094094901714
symmetry,0.6514105486067993,0.051361895973840666
symmetry,0.6516328410106026,0.05156397554495862
symmetry,0.6518544062697861,0.05176538606777514
symmetry,0.6520754822945123,0.05196652364789389
symmetry,0.6522956188653325,0.05216664446564634
symmetry,0.6525153949207496,0.052366706257656714
symmetry,0.6527343049498397,0.05256587694973791
symmetry,0.652952550958433,0.05276449114035242
symmetry,0.6531702253868646,0.052962700847229205
symmetry,0.6533869568583486,0.053159902274338755
symmetry,0.6536033517801914,0.053357083545690465
symmetry,0.6538188368912842,0.053553314683074116
symmetry,0.6540336555020906,0.05374899238369735
symmetry,0.6542478846658357,0.053944241573031904
symmetry,0.6544611672919077,0.054138490137432216
symmetry,0.6546740711049517,0.054332649955788015
symmetry,0.6548860863748824,0.05452590607856911
symmetry,0.6550973669202518,0.05471850683365209
symmetry,0.6553081047024754,0.05491075807413559
symmetry,0.6555178922107978,0.05510201544113125
symmetry,0.6557271925575008,0.05529301285441379
symmetry,0.6559356904743847,0.05548325364815565
symmetry,0.6561433200338538,0.05567263718057003
symmetry,0.6563505176716625,0.05586184820154738
symmetry,0.6565567610682781,0.05605007112973115
symmetry,0.6567623434926508,0.05623776564830274
symmetry,0.6569672737719835,0.056424945917339264
symmetry,0.6571712475506628,0.05661114252196653
symmetry,0.6573747433751264,0.056797096288342286
symmetry,0.6575773907742402,0.05698223662718416
symmetry,0.6577791390285225,0.05716648870667096
symmetry,0.6579804484550942,0.05735055838862013
symmetry,0.6581807969602473,0.0575336485602882
symmetry,0.658380389386329,0.05771607415257629
symmetry,0.6585793858666513,0.0578980788802842
symmetry,0.6587774189422041,0.05807910757717161
symmetry,0.6589748145361158,0.0582596546215387
symmetry,0.6591714810724905,0.05843958236975033
symmetry,0.6593671816320272,0.058618537203820154
symmetry,0.6595623388074484,0.05879715351285947
symmetry,0.6597566578373163,0.05897499117731786
symmetry,0.6599500082158087,0.05915185867232947
symmetry,0.6601428848372184,0.05932849199076151
symmetry,0.6603348382065863,0.05950422538231126
symmetry,0.660525830403402,0.05967900608009874
symmetry,0.6607163735526995,0.05985358903390314
symmetry,0.6609059424907712,0.06002720287466684
symmetry,0.6610945817736189,0.060199916127618214
symmetry,0.6612827241603041,0.060372361491340454
symmetry,0.6614698892554334,0.06054383941303576
symmetry,0.6616561324361441,0.0607144334243106
symmetry,0.6618418541403062,0.06088472414495266
symmetry,0.6620265953174209,0.061054048689454965
symmetry,0.6622103988163326,0.0612224718326177
symmetry,0.6623936792478599,0.061390589778427374
symmetry,0.6625759757474934,0.061557742400658866
symmetry,0.6627572956411,0.061723943287173566
symmetry,0.6629381135205908,0.061889869252812646
symmetry,0.6631179438797296,0.06205483032613218
symmetry,0.6632967865982131,0.062218829388069996
symmetry,0.663475069293114,0.06238247158874183
symmetry,0.663652411328068,0.06254522041299482
symmetry,0.6638287619325436,0.06270700712053873
symmetry,0.6640044572187989,0.06286830405537303
symmetry,0.6641792880103131,0.06302881886776585
symmetry,0.6643531233641207,0.0631883710180598
symmetry,0.6645261862990913,0.06334727226605508
symmetry,0.6646984821799773,0.06350553025508848
symmetry,0.6648697783840902,0.06366282458934647
symmetry,0.6650401639207237,0.0638192802807534
symmetry,0.6652099004662522,0.06397525760338241
symmetry,0.6653786328499277,0.06413026982463971
symmetry,0.6655463609299752,0.06428431935592349
symmetry,0.6657134479224083,0.0644379025173778
symmetry,0.6658795910370305,0.06459060731184502
symmetry,0.6660447250762015,0.06474234738622275
symmetry,0.6662090280828784,0.06489336529742445
symmetry,0.6663725556992883,0.06504373635964211
symmetry,0.6665350691882066,0.06519314020133155
symmetry,0.666696568376031,0.06534157897150339
symmetry,0.6668574281388467,0.0654895551273792
symmetry,0.6670172937757972,0.06563659499384195
symmetry,0.6671761397246003,0.06578266667929789
symmetry,0.6673341082851469,0.06592796076138402
symmetry,0.66749129798229,0.06607260797805492
symmetry,0.6676474622908497,0.06621628342024027
symmetry,0.6678026009766564,0.06635898895643089
symmetry,0.6679569796775183,0.06650107453689297
symmetry,0.668110433158115,0.06664232368282652
symmetry,0.6682628549314806,0.06678259869588138
symmetry,0.668414244737461,0.06692190129505604
symmetry,0.6685649482560292,0.0670606813225052
symmetry,0.6687146228165021,0.0671984944182053
symmetry,0.668863258911646,0.06733533022475519
symmetry,0.6690109024777634,0.06747124972391161
symmetry,0.6691577987701567,0.06760656871257426
symmetry,0.6693036497377893,0.06774090503865488
symmetry,0.6694484550043613,0.06787426010217334
symmetry,0.6695922760513395,0.06800671392186697
symmetry,0.6697353097443584,0.06813851734724408
symmetry,0.6698772904172929,0.06826933347046144
symmetry,0.6700182176364662,0.06839916352090436
symmetry,0.6701581307605353,0.06852805875512658
symmetry,0.6702972536199423,0.06865630135820844
symmetry,0.6704353152197935,0.06878355117220308
symmetry,0.6705723150563001,0.06890980924705148
symmetry,0.6707082526644,0.069035076640515
symmetry,0.6708433969736157,0.06915968888550694
symmetry,0.6709774886143851,0.06928332366971635
symmetry,0.6711105095856551,0.06940596017410972
symmetry,0.6712424593378502,0.06952759926753221
symmetry,0.6713735008234528,0.06964844267273146
symmetry,0.6715035695010432,0.0697684111733709
symmetry,0.671632557967998,0.06988737396345657
symmetry,0.6717604655735393,0.07000533171042311
symmetry,0.6718873210334839,0.07012232074769886
symmetry,0.6720133116408398,0.07023856928522343
symmetry,0.6721382118256605,0.070353803779383
symmetry,0.6722620208176868,0.07046802468240365
symmetry,0.6723847378870832,0.0705812324589718
symmetry,0.6725064642014569,0.0706935498023219
symmetry,0.6726272182384072,0.07080499912541538
symmetry,0.6727468700293913,0.07091542538600781
symmetry,0.6728654187025089,0.07102482881655342
symmetry,0.672982863428145,0.071133209664972
symmetry,0.6730993204551544,0.07124070678694067
symmetry,0.6732147544344476,0.07134727849638117
symmetry,0.673329073331128,0.07145281673281056
symmetry,0.6734422761472914,0.0715573214916671
symmetry,0.6735543619280684,0.07166079278567505
symmetry,0.6736654124297664,0.07176332725848844
symmetry,0.6737754382777841,0.07186493759134738
symmetry,0.6738843351023446,0.0719655026051449
symmetry,0.6739921017503764,0.07206502203676673
symmetry,0.6740987371110236,0.07216349564059188
symmetry,0.6742042484994208,0.0722609328578373
symmetry,0.6743087735759447,0.07235749294157945
symmetry,0.6744121544975872,0.07245299438812569
symmetry,0.674514389922032,0.07254743665006858
focal,0.5253125,0.0
focal,0.5345349557302851,-0.00024940242915042626
focal,0.539560121856776,-0.0005552184802540064
focal,0.543891144983613,-0.0008973371141505204
focal,0.5478602303367432,-0.0012684848055847867
focal,0.5515958865719257,-0.0016644076735322713
focal,0.555163927369722,-0.0020822015405037864
focal,0.5586033879434459,-0.0025197090226667662
focal,0.5619396579519191,-0.0029752385524739883
focal,0.5651903395472594,-0.003447412780396217
focal,0.568368221996057,-0.003935078427036776
focal,0.5714829381598607,-0.004437248793289772
focal,0.5745419532830326,-0.004953065103493637
focal,0.5775511881804879,-0.0054817694079760115
focal,0.580515429574225,-0.006022684939489764
focal,0.5834386101950586,-0.006575201472839506
focal,0.5863240058526357,-0.007138764156364261
focal,0.5891743777015572,-0.007712864821243767
focal,0.5919920772477235,-0.008297035102199285
focal,0.5947791253654755,-0.008890840910234787
focal,0.5975372727766177,-0.009493877933078113
focal,0.6002680470426845,-0.010105767929424636
focal,0.6029727895718884,-0.010726155645126995
focal,0.6056526851163025,-0.011354706222942546
focal,0.6083087855408422,-0.011991103008477
focal,0.6109420291668209,-0.01263504567749682
focal,0.6135532566566454,-0.013286248626390357
focal,0.6161432241662929,-0.013944439579972434
focal,0.6187126143184855,-0.014609358380232973
focal,0.6212620454219558,-0.015280755926822515
focal,0.6237920792674636,-0.01595839324564538
focal,0.6263032277600068,-0.01664204066628583
focal,0.6287959585925967,-0.01733147709242991
focal,0.6312707001254785,-0.018026489352179265
focal,0.6337278456025748,-0.018726871617347873
focal,0.6361677568118712,-0.01943242488260105
focal,0.6385907672767344,-0.020142956496739722
focal,0.6409971850495263,-0.02085827973960916
focal,0.6433872951664021,-0.021578213439085864
focal,0.6457613618121398,-0.02230258162339782
focal,0.6481196302357529,-0.023031213204706164
focal,0.6504623284510365,-0.0237639416904335
focal,0.6527896687508078,-0.024500604919300478
focal,0.6551018490591578,-0.025241044819424963
focal,0.6573990541423852,-0.025985107186182105
focal,0.6596814566962192,-0.026732641477805796
focal,0.6619492183244219,-0.027483500626964252
focal,0.6642024904217221,-0.028237540866748595
focal,0.6664414149722491,-0.028994621569698675
focal,0.6686661252731368,-0.029754605098648162
focal,0.6708767465916672,-0.030517356668304157
focal,0.6730733967632642,-0.03128274421660024
focal,0.6752561867366953,-0.032050638284961436
focal,0.6774252210720604,-0.03282091190671266
focal,0.6795805983964577,-0.033593440502940025
focal,0.6817224118216314,-0.034368101785187594
focal,0.6838507493273971,-0.03514477566442925
focal,0.685965694114202,-0.035923344165814164
focal,0.6880673249277925,-0.03670369134873078
focal,0.6901557163586326,-0.03748570323177694
focal,0.6922309391184223,-0.038269267722262496
focal,0.6942930602958127,-0.03905427454990615
focal,0.6963421435931925,-0.03984061520441576
focal,0.6983782495462183,-0.04062818287667075
focal,0.7004014357276019,-0.041416872403251204
focal,0.702411756936493,-0.04220658021407486
focal,0.7044092653746867,-0.04299720428292991
focal,0.7063940108107442,-0.0437886440807039
focal,0.7083660407330189,-0.04458080053112759
focal,0.7103254004924866,-0.04537357596886776
focal,0.712272133436185,-0.04616687409981354
focal,0.7142062810320068,-0.046960599963417116
focal,0.7161278829855056,-0.047754659896954765
focal,0.7180369773493298,-0.04854896150158983
focal,0.7199336006258381,-0.049343413610125564
focal,0.7218177878633957,-0.050137926256342946
focal,0.7236895727468221,-0.05093241064582796
focal,0.7255489876824042,-0.05172677912820056
focal,0.727396063877867,-0.05252094517066047
focal,0.7292308314176519,-0.05331482333277343
focal,0.7310533193338322,-0.05410832924242778
focal,0.732863555672959,-0.05490137957289162
focal,0.7346615675591168,-0.055693892020910685
focal,0.7364473812534394,-0.056485785285787904
focal,0.7382210222103199,-0.057276979049389776
focal,0.7399825151305289,-0.0580673939570297
focal,0.7417318840114402,-0.058856951599180196
focal,0.7434691521945487,-0.05964557449396907
focal,0.7451943424104466,-0.060433186070418365
focal,0.7469074768214208,-0.06121971065238768
focal,0.7486085770618109,-0.06200507344318218
focal,0.7502976642762691,-0.0627892005107949
focal,0.7519747591560422,-0.06357201877374696
focal,0.7536398819733964,-0.06435345598749825
focal,0.7552930526142926,-0.06513344073139732
focal,0.75693429060941,-0.0659119023961452
focal,0.7585636151636187,-0.06668877117174721
focal,0.7601810451839807,-0.06746397803592741
focal,0.7617865993063687,-0.0682374547429846
focal,0.7633802959207752,-0.069009133813068
focal,0.764962153195383,-0.06977894852185157
focal,0.7665321890994681,-0.07054683289058866
focal,0.7680904214251896,-0.07131272167652852
focal,0.7696368678083343,-0.07207655036367666
focal,0.771171545748065,-0.07283825515388509
focal,0.7726944726257244,-0.07359777295825476
focal,0.7742056657227464,-0.07435504138883653
focal,0.7757051422377136,-0.07510999875061602
focal,0.7771929193026115,-0.07586258403377161
focal,0.7786690139983129,-0.07661273690618986
focal,0.7801334433693345,-0.07736039770622899
focal,0.7815862244378965,-0.07810550743571731
focal,0.7830273742173239,-0.07884800775317818
focal,0.7844569097248172,-0.07958784096726879
focal,0.785874847993623,-0.08032495003042461
focal,0.7872812060846333,-0.08105927853270084
focal,0.788676001097438,-0.08179077069579954
focal,0.7900592501808598,-0.08251937136727772
focal,0.791430970542987,-0.0832450260149245
focal,0.7927911794607362,-0.08396768072130384
focal,0.7941398942889593,-0.08468728217845162
focal,0.7954771324691159,-0.08540377768272328
focal,0.7968029115375321,-0.08611711512978387
focal,0.7981172491332621,-0.08682724300973477
focal,0.799420163005568,-0.08753411040237014
focal,0.8007116710210377,-0.08823766697255936
focal,0.8019917911703536,-0.08893786296574824
focal,0.803260541574725,-0.08963464920357345
focal,0.8045179404920031,-0.09032797707958756
focal,0.8057640063224851,-0.09101779855508735
focal,0.8069987576144265,-0.09170406615504212
focal,0.8082222130692684,-0.09238673296411792
focal,0.8094343915465921,-0.09306575262279143
focal,0.810635312068815,-0.09374107932355336
focal,0.8118249938256327,-0.0944126678071931
focal,0.8130034561782206,-0.0950804733591637
focal,0.8141707186632063,-0.09574445180602426
focal,0.815326800996413,-0.09640455951195309
focal,0.8164717230763939,-0.0970607533753326
focal,0.8176055049877561,-0.0977129908253982
focal,0.818728167004287,-0.09836122981895401
focal,0.8198397295918897,-0.09900542883714636
focal,0.8209402134113312,-0.0996455468822966
focal,0.822029639320816,-0.10028154347478979
focal,0.8231080283783857,-0.10091337865001515
focal,0.8241754018441548,-0.10154101295535817
focal,0.825231781182385,-0.10216440744724015
focal,0.8262771880634091,-0.10278352368820448
focal,0.8273116443654032,-0.1033983237440459
focal,0.828335172176018,-0.10400877018098292
focal,0.8293477937938706,-0.10461482606286904
focal,0.8303495317299026,-0.10521645494844306
focal,0.8313404087086118,-0.1058136208886149
focal,0.8323204476691561,-0.10640628842378641
focal,0.8332896717663401,-0.10699442258120517
focal,0.8342481043714839,-0.10757798887235043
focal,0.8351957690731797,-0.10815695329034641
focal,0.836132689677941,-0.10873128230740775
focal,0.8370588902107465,-0.10930094287230846
focal,0.8379743949154823,-0.10986590240787908
focal,0.8388792282552858,-0.11042612880852687
focal,0.8397734149127963,-0.11098159043778
focal,0.8406569797903132,-0.11153225612585294
focal,0.8415299480098647,-0.1120780951672341
focal,0.8423923449131916,-0.11261907731829102
focal,0.8432441960616489,-0.11315517279489706
focal,0.8440855272360261,-0.11368635227007362
focal,0.8449163644362898,-0.1142125868716507
focal,0.8457367338812511,-0.11473384817994203
focal,0.8465466620081625,-0.11525010822543658
focal,0.8473461754722418,-0.1157613394865038
focal,0.8481353011461282,-0.11626751488711079
focal,0.8489140661192751,-0.1167686077945555
focal,0.8496824976972754,-0.11726459201720757
focal,0.8504406234011289,-0.117755441802264
focal,0.851188470966447,-0.11824113183351315
focal,0.8519260683426015,-0.11872163722910906
focal,0.8526534436918176,-0.1191969335393564
focal,0.8533706253882112,-0.11966699674450182
focal,0.8540776420167758,-0.12013180325253509
focal,0.8547745223723175,-0.12059132989699678
focal,0.8554612954583417,-0.12104555393479388
focal,0.8561379904858939,-0.1214944530440219
focal,0.85680463687235,-0.12193800532179166
focal,0.857461264240169,-0.12237618928206417
focal,0.8581079024155984,-0.1228089838534886
focal,0.8587445814273387,-0.12323636837724622
focal,0.8593713315051691,-0.12365832260489806
focal,0.8599881830785354,-0.12407482669623793
focal,0.8605951667750975,-0.12448586121714766
focal,0.8611923134192452,-0.12489140713745683
focal,0.8617796540305749,-0.12529144582880553
focal,0.8623572198223348,-0.12568595906250857
focal,0.8629250421998398,-0.12607492900742495
focal,0.8634831527588511,-0.12645833822782737
focal,0.8640315832839288,-0.1268361696812737
focal,0.8645703657467535,-0.12720840671648237
focal,0.8650995323044213,-0.12757503307120693
focal,0.8656191152977112,-0.1279360328701139
focal,0.8661291472493282,-0.12829139062266043
focal,0.866629660862118,-0.12864109122097434
focal,0.8671206890172608,-0.12898511993773276
focal,0.8676022647724416,-0.12932346242404524
focal,0.868074421359997,-0.12965610470733296
focal,0.8685371921850419,-0.12998303318921167
focal,0.8689906108235759,-0.1303042346433736
focal,0.8694347110205697,-0.13061969621347047
focal,0.8698695266880331,-0.1309294054109948
focal,0.8702950919030641,-0.13123335011316245
focal,0.8707114409058834,-0.1315315185607962
focal,0.8711186080978501,-0.1318238993562068
focal,0.8715166280394622,-0.13211048146107468
focal,0.8719055354483438,-0.1323912541943329
focal,0.8722853651972169,-0.13266620723004724
focal,0.8726561523118597,-0.132935330595298
focal,0.8730179319690532,-0.13319861466805982
focal,0.8733707394945145,-0.13345605017508244
focal,0.8737146103608199,-0.13370762818977017
focal,0.8740495801853162,-0.13395334013006016
focal,0.8743756847280227,-0.1341931777563024
focal,0.8746929598895239,-0.1344271331691373
focal,0.8750014417088512,-0.13465519880737298
focal,0.8753011663613597,-0.13487736744586326
focal,0.8755921701565944,-0.135093632193383
focal,0.8758744895361497,-0.13530398649050607
focal,0.8761481610715245,-0.1355084241074797
focal,0.8764132214619683,-0.13570693914210086
focal,0.8766697075323233,-0.13589952601759092
focal,0.8769176562308617,-0.13608617948047042
focal,0.8771571046271158,-0.13626689459843255
focal,0.8773880899097097,-0.13644166675822006
focal,0.877610649384181,-0.13661049166349593
focal,0.8778248204708028,-0.13677336533271867
focal,0.878030640702404,-0.13693028409701657
focal,0.8782281477221845,-0.13708124459806076
focal,0.8784173792815311,-0.13722624378593873
focal,0.878598373237831,-0.1373652789170291
focal,0.8787711675522845,-0.13749834755187407
focal,0.8789358002877172,-0.13762544755305567
focal,0.8790923096063937,-0.1377465770830687
focal,0.879240733767828,-0.13786173460219564
focal,0.879381111126599,-0.13797091886638352
focal,0.8795134801301647,-0.138074128925119
focal,0.8796378793166775,-0.13817136411930453
focal,0.8797543473128027,-0.13826262407913625
focal,0.8798629228315391,-0.1383479087219821
focal,0.8799636446700407,-0.13842721825026066
focal,0.8800565517074436,-0.13850055314932092
focal,0.880141682902695,-0.13856791418532477
focal,0.8802190772923838,-0.1386293024031265
focal,0.8802887739885799,-0.1386847191241597
focal,0.8803508121766728,-0.13873416594431953
focal,0.8804052311132166,-0.13877764473184995
focal,0.8804520701237823,-0.1388151576252324
focal,0.8804913686008111,-0.13884670703107466
focal,0.8805231660014744,-0.13887229562200143
focal,0.8805475018455422,-0.13889192633454994
focal,0.8805644157132524,-0.13890560236706206
focal,0.880573947243193,-0.13891332717758453
focal,0.8805761361301833,-0.1389151044817663
focal,0.880571022123167,-0.13891093825076184
focal,0.8805586450231114,-0.138900832709133
focal,0.8805390446809134,-0.1388847923327592
focal,0.8805122609953105,-0.1388628218467431
focal,0.8804783339108054,-0.13883492622332466
focal,0.8804373034155921,-0.13880111067979511
focal,0.8803892095394946,-0.13876138067641502
focal,0.8803340923519115,-0.1387157419143349
focal,0.8802719919597705,-0.1386642003335184
focal,0.8802029485054917,-0.13860676211067052
focal,0.880127002164959,-0.13854343365716748
focal,0.8800441931455006,-0.13847422161699052
focal,0.8799545616838809,-0.1383991328646632
focal,0.8798581480442988,-0.13831817450319306
focal,0.8797549925163988,-0.13823135386201651
focal,0.8796451354132899,-0.1381386784949471
focal,0.8795286170695751,-0.13804015617812881
focal,0.8794054778393923,-0.1379357949079923
focal,0.8792757580944631,-0.13782560289921653
focal,0.8791394982221563,-0.13770958858269466
focal,0.8789967386235567,-0.13758776060350236
focal,0.8788475197115486,-0.137460127818873
focal,0.8786918819089112,-0.13732669929617708
focal,0.8785298656464203,-0.1371874843109045
focal,0.8783615113609664,-0.1370424923446545
focal,0.8781868594936809,-0.1368917330831273
focal,0.8780059504880763,-0.1367352164141244
focal,0.8778188247881957,-0.1365729524255509
focal,0.8776255228367749,-0.13640495140342335
focal,0.8774260850734181,-0.1362312238298865
focal,0.8772205519327837,-0.13605178038123006
focal,0.8770089638427823,-0.13586663192591492
focal,0.8767913612227864,-0.135675789522603
focal,0.8765677844818563,-0.13547926441819458
focal,0.8763382740169727,-0.13527706804586903
focal,0.8761028702112863,-0.13506921202313377
focal,0.8758616134323772,-0.13485570814987724
focal,0.8756145440305294,-0.13463656840642974
focal,0.8753617023370147,-0.13441180495162897
focal,0.875103128662395,-0.134181430120892
focal,0.8748388632948298,-0.13394545642429545
focal,0.8745689464984049,-0.13370389654465825
focal,0.8742934185114672,-0.13345676333563544
focal,0.8740123195449778,-0.13320406981981492
focal,0.8737256897808757,-0.13294582918682307
focal,0.873433569370454,-0.13268205479143574
focal,0.8731359984327525,-0.13241276015169723
focal,0.8728330170529601,-0.1321379589470449
focal,0.872524665280834,-0.13185766501644225
focal,0.8722109831291296,-0.13157189235651767
focal,0.8718920105720452,-0.1312806551197117
focal,0.8715677875436805,-0.13098396761242925
focal,0.8712383539365078,-0.13068184429320295
focal,0.8709037495998583,-0.13037429977085951
focal,0.8705640143384197,-0.13006134880269632
focal,0.8702191879107493,-0.1297430062926645
focal,0.8698693100278014,-0.12941928728956043
focal,0.8695144203514664,-0.12909020698522383
focal,0.8691545584931253,-0.12875578071274396
focal,0.8687897640122169,-0.12841602394467344
focal,0.8684200764148197,-0.12807095229125065
focal,0.8680455351522479,-0.12772058149862914
focal,0.8676661796196592,-0.12736492744711547
focal,0.8672820491546792,-0.12700400614941482
focal,0.8668931830360378,-0.12663783374888454
focal,0.8664996204822201,-0.12626642651779674
focal,0.8661014006501311,-0.12588980085560791
focal,0.8656985626337752,-0.12550797328723795
focal,0.8652911454629462,-0.12512096046135568
focal,0.8648791881019368,-0.12472877914867453
focal,0.8644627294482563,-0.12433144624025672
focal,0.8640418083313669,-0.1239289787458242
focal,0.8636164635114302,-0.1235213937920791
focal,0.8631867336780685,-0.12310870862103285
focal,0.8627526574491424,-0.12269094058834396
focal,0.8623142733695393,-0.12226810716166436
focal,0.8618716199099763,-0.12184022591899346
focal,0.8614247354658175,-0.12140731454704218
focal,0.8609736583559064,-0.12096939083960612
focal,0.8605184268214078,-0.12052647269594524
focal,0.8600590790246686,-0.1200785781191755
focal,0.859595653048089,-0.11962572521466625
focal,0.8591281868930081,-0.11916793218844929
focal,0.8586567184786034,-0.11870521734563533
focal,0.8581812856408042,-0.11823759908883924
focal,0.8577019261312183,-0.11776509591661577
focal,0.8572186776160713,-0.11728772642190255
focal,0.8567315776751623,-0.11680550929047406
focal,0.8562406638008286,-0.11631846329940276
focal,0.8557459733969286,-0.11582660731553063
focal,0.8552475437778351,-0.11532996029395015
focal,0.8547454121674424,-0.11482854127649267
focal,0.854239615698188,-0.114322369390229
focal,0.8537301914100863,-0.11381146384597518
focal,0.8532171762497758,-0.11329584393681202
focal,0.8527006070695806,-0.11277552903661059
focal,0.8521805206265831,-0.11225053859856782
focal,0.8516569535817118,-0.1117208921537527
focal,0.8511299424988404,-0.11118660930966007
focal,0.8505995238439022,-0.11064770974877536
focal,0.8500657339840143,-0.1101042132271467
focal,0.8495286091866181,-0.10955613957296917
focal,0.8489881856186295,-0.10900350868517528
focal,0.8484444993456053,-0.10844634053203817
focal,0.847897586330919,-0.10788465514978085
focal,0.8473474824349514,-0.1073184726411982
focal,0.8467942234142936,-0.10674781317428572
focal,0.8462378449209605,-0.10617269698087861
focal,0.8456783825016223,-0.1055931443553022
focal,0.8451158715968402,-0.10500917565302814
focal,0.8445503475403225,-0.10442081128934289
focal,0.8439818455581873,-0.10382807173802477
focal,0.8434104007682421,-0.10323097753003185
focal,0.8428360481792713,-0.10262954925219558
focal,0.842258822690338,-0.10202380754592866
focal,0.8416787590900996,-0.10141377310593858
focal,0.8410958920561304,-0.10079946667895245
focal,0.8405102561542633,-0.10018090906245236
focal,0.8399218858379358,-0.099558121103417
focal,0.8393308154475534,-0.09893112369707546
focal,0.838737079209862,-0.09829993778567014
focal,0.8381407112373338,-0.09766458435722747
focal,0.8375417455275622,-0.09702508444434033
focal,0.8369402159626719,-0.0963814591229587
focal,0.8363361563087361,-0.09573372951118853
focal,0.8357296002152093,-0.09508191676810396
focal,0.8351205812143688,-0.09442604209256367
focal,0.8345091327207683,-0.09376612672204099
focal,0.8338952880307029,-0.09310219193146196
focal,0.8332790803216843,-0.09243425903205127
focal,0.832660542651928,-0.09176234937019001
focal,0.8320397079598524,-0.09108648432628152
focal,0.8314166090635848,-0.09040668531362628
focal,0.8307912786604841,-0.08972297377730687
focal,0.8301637493266683,-0.08903537119308202
focal,0.8295340535165576,-0.0883438990662897
focal,0.8289022235624256,-0.08764857893076028
focal,0.82826829167396,-0.08694943234773733
focal,0.8276322899378368,-0.08624648090480969
focal,0.8269942503173024,-0.08553974621485061
focal,0.8263542046517676,-0.0848292499149691
focal,0.825712184656409,-0.08411501366546648
focal,0.8250682219217855,-0.08339705914880524
focal,0.8244223479134596,-0.08267540806858642
focal,0.8237745939716319,-0.08195008214853516
focal,0.8231249913107846,-0.08122110313149566
focal,0.8224735710193343,-0.08048849277843584
focal,0.8218203640592956,-0.07975227286746
focal,0.8211654012659539,-0.07901246519283289
focal,0.8205087133475468,-0.07826909156400808
focal,0.8198503308849571,-0.07752217380467141
focal,0.8191902843314134,-0.07677173375178725
focal,0.8185286040122002,-0.07601779325465874
focal,0.817865320124379,-0.07526037417399412
focal,0.8172004627365161,-0.07449949838098158
focal,0.8165340617884219,-0.07373518775637611
focal,0.8158661470908966,-0.07296746418958966
focal,0.815196748325488,-0.07219634957779808
focal,0.8145258950442557,-0.0714218658250465
focal,0.8138536166695445,-0.07064403484137383
focal,0.8131799424937671,-0.0698628785419374
focal,0.8125049016791964,-0.06907841884615307
focal,0.8118285232577638,-0.0682906776768385
focal,0.8111508361308677,-0.06749967695936776
focal,0.8104718690691909,-0.06670543862083522
focal,0.809791650712524,-0.06590798458922476
focal,0.8091102095696,-0.06510733679259129
focal,0.808427574017935,-0.06430351715824767
focal,0.8077437723036769,-0.06349654761196144
focal,0.8070588325414643,-0.06268645007716023
focal,0.8063727827142904,-0.06187324647414394
focal,0.8056856506733769,-0.06105695871930705
focal,0.8049974641380545,-0.06023760872436823
focal,0.8043082506956518,-0.059415218395607816
focal,0.8036180378013908,-0.05858980963311433
focal,0.8029268527782922,-0.057761404330038624
focal,0.8022347228170847,-0.05693002437185679
focal,0.8015416749761249,-0.056095691635639766
focal,0.8008477361813229,-0.05525842798933245
focal,0.8001529332260744,-0.05441825529103961
focal,0.799457292771202,-0.05357519538832112
focal,0.7987608413449026,-0.05272927011749351
focal,0.7980636053427002,-0.05188050130294075
focal,0.7973656110274097,-0.051028910756432455
focal,0.7966668845291018,-0.05017452027644842
focal,0.7959674518450802,-0.049317351647514385
focal,0.795267338839862,-0.048457426639541334
focal,0.7945665712451659,-0.0475947670071758
focal,0.7938651746599076,-0.04672939448915603
focal,0.7931631745501988,-0.04586133080767563
focal,0.7924605962493567,-0.044990597667756704
focal,0.7917574649579178,-0.04411721675662794
focal,0.791053805743656,-0.043241209743111964
focal,0.7903496435416111,-0.04236259827701905
focal,0.7896450031541185,-0.041481403988548715
focal,0.7889399092508506,-0.040597648487699756
focal,0.7882343863688581,-0.03971135336368481
focal,0.7875284589126217,-0.03882254018435438
focal,0.7868221511541076,-0.037931230495627855
focal,0.7861154872328289,-0.03703744582093127
focal,0.785408491155913,-0.03614120766064166
focal,0.784701186798175,-0.03524253749153994
focal,0.7839935979021951,-0.03434145676626932
focal,0.7832857480784029,-0.033437986912801754
focal,0.7825776608051664,-0.03253214933391013
focal,0.7818693594288868,-0.03162396540664991
focal,0.7811608671640982,-0.03071345648184509
focal,0.7804522070935713,-0.029800643883579947
focal,0.7797434021684254,-0.028885548908703207
focal,0.7790344752082418,-0.027968192826331673
focal,0.7783254489011843,-0.027048596877366493
focal,0.7776163458041239,-0.026126782274012106
focal,0.7769071883427681,-0.025202770199303837
focal,0.7761979988117967,-0.024276581806642272
focal,0.7754887993749989,-0.02334823821933174
focal,0.774779612065419,-0.022417760530129116
focal,0.7740704587855024,-0.0214851698007944
focal,0.773361361307251,-0.020550487061652745
focal,0.772652341272378,-0.0196137333111579
focal,0.7719434201924713,-0.018674929515466343
focal,0.7712346194491577,-0.017734096608013394
focal,0.7705259602942744,-0.0167912554891001
focal,0.7698174638500427,-0.015846427025482335
focal,0.7691091511092459,-0.014899632049967915
focal,0.7684010429354126,-0.013950891361020124
focal,0.7676931600630019,-0.013000225722365255
focal,0.7669855230975953,-0.012047655862609474
focal,0.766278152516089,-0.0110932024748579
focal,0.7655710686668935,-0.010136886216342345
focal,0.7648642917701348,-0.009178727708053835
focal,0.7641578419178586,-0.008218747534380011
focal,0.7634517390742408,-0.007256966242751295
focal,0.7627460030757999,-0.006293404343287956
focal,0.762040653631612,-0.00532808230845927
focal,0.7613357103235314,-0.0043610205727412366
focal,0.760631192606413,-0.0033922395322859566
focal,0.7599271198083376,-0.002421759544592228
focal,0.7592235111308435,-0.001449600928184358
focal,0.7585203856491574,-0.0004757839622957505
focal,0.7578177623124304,0.0004996711134437337
focal,0.7571156599439777,0.0014767440993118663
focal,0.7564140972415202,0.0024554148357962546
focal,0.7557130927774292,0.0034356632038886614
focal,0.7550126649989741,0.004417469125374773
focal,0.7543128322285745,0.005400812563120305
focal,0.7536136126640519,0.006385673521349222
focal,0.7529150243788875,0.00737203204591963
focal,0.7522170853224803,0.008359868224591782
focal,0.7515198133204102,0.009349162187293425
focal,0.7508232260747003,0.01033989410637981
focal,0.7501273411640863,0.011332044196886382
focal,0.749432176044284,0.012325592716780576
focal,0.7487377480482618,0.013320519967204847
focal,0.7480440743865149,0.014316806292717477
focal,0.7473511721473425,0.015314432081527163
focal,0.7466590582971265,0.016313377765723946
focal,0.7459677496806125,0.017313623821504476
focal,0.7452772630211933,0.018315150769393385
focal,0.7445876149211946,0.019317939174459897
focal,0.7438988218621632,0.020321969646528104
focal,0.7432109002051563,0.021327222840386795
focal,0.7425238661910326,0.02233367945599085
focal,0.741837735940748,0.023341320238659535
focal,0.7411525254556495,0.024350125979270665
focal,0.7404682506177744,0.02536007751445024
focal,0.7397849271901482,0.02637115572675819
focal,0.7391025708170869,0.027383341544868323
focal,0.7384211970244992,0.02839661594374654
focal,0.737740821220193,0.029410959944821014
focal,0.737061458694179,0.030426354616153728
focal,0.7363831246189813,0.031442781072601456
focal,0.7357058340499452,0.032460220475978296
focal,0.7350296019255493,0.03347865403521033
focal,0.7343544430677176,0.034498063006488056
focal,0.7336803721821337,0.03551842869341526
focal,0.7330074038585562,0.03653973244715136
focal,0.7323355525711358,0.03756195566655407
focal,0.731664832678733,0.03858507979831316
focal,0.7309952584252375,0.039609086337085375
focal,0.73032684393989,0.040633956825620765
focal,0.7296596032376019,0.041659672854890584
focal,0.7289935502192812,0.04268621606420597
focal,0.728328698672154,0.043713568141336756
focal,0.7276650622700918,0.04474171082262579
focal,0.7270026545739361,0.04577062589309866
focal,0.7263414890318278,0.046800295186570584
focal,0.7256815789795332,0.04783070058575012
focal,0.7250229376407759,0.04886182402233852
focal,0.7243655781275644,0.049893647477126435
focal,0.7237095134405251,0.0509261529800864
focal,0.7230547564692336,0.05195932261046332
focal,0.7224013199925464,0.05299313849685927
focal,0.7217492166789365,0.05402758281731779
focal,0.721098459086826,0.055062637799402125
focal,0.7204490596649213,0.05609828572027287
focal,0.7198010307525489,0.05713450890676042
focal,0.7191543845799917,0.058171289735435394
focal,0.7185091332688258,0.05920861063267413
focal,0.7178652888322574,0.06024645407472484
focal,0.7172228631754618,0.06128480258776592
focal,0.7165818680959208,0.06232363874796498
focal,0.7159423152837618,0.06336294518153296
focal,0.7153042163220982,0.06440270456477593
focal,0.7146675826873673,0.06544289962414351
focal,0.7140324257496722,0.06648351313627532
focal,0.7133987567731215,0.06752452792804309
focal,0.7127665869161699,0.06856592687659124
focal,0.7121359272319601,0.06960769290937441
focal,0.7115067886686641,0.07064980900419127
focal,0.7108791820698235,0.07169225818921665
focal,0.7102531181746932,0.07273502354303074
focal,0.709628607618582,0.07377808819464582
focal,0.7090056609331965,0.07482143532352792
focal,0.7083842885469809,0.07586504815962136
focal,0.7077645007854612,0.07690890998336442
focal,0.7071463078715878,0.07795300412570638
focal,0.706529719926077,0.07899731396812038
focal,0.7059147469677545,0.08004182294261564
focal,0.7053013989138965,0.08108651453174465
focal,0.7046896855805745,0.08213137226860923
focal,0.7040796166829957,0.08317637973686542
focal,0.7034712018358461,0.08422152057072307
focal,0.7028644505536334,0.08526677845494579
focal,0.7022593722510282,0.08631213712484753
focal,0.7016559762432066,0.0873575803662856
focal,0.7010542717461916,0.08840309201565488
focal,0.7004542678771956,0.08944865595987561
focal,0.6998559736549603,0.09049425613638207
focal,0.6992593980000996,0.09153987653310713
focal,0.6986645497354396,0.09258550118846676
focal,0.698071437586359,0.09363111419133963
focal,0.6974800701811297,0.09467669968104786
focal,0.6968904560512577,0.0957222418473318
focal,0.696302603631821,0.09676772493032693
focal,0.6957165212618104,0.0978131332205362
focal,0.6951322171844673,0.09885845105879998
focal,0.694549699547623,0.09990366283626695
focal,0.6939689764040365,0.10094875299435901
focal,0.6933900557117318,0.10199370602473745
focal,0.6928129453343355,0.1030385064692666
focal,0.6922376530414127,0.10408313891997378
focal,0.691664186508804,0.1051275880190109
focal,0.6910925533189611,0.10617183845860989
focal,0.6905227609612805,0.10721587498104057
focal,0.6899548168324401,0.10825968237856365
focal,0.6893887282367315,0.10930324549338377
focal,0.6888245023863939,0.11034654921759945
focal,0.688262146401947,0.11138957849315312
focal,0.6877016673125228,0.11243231831177869
focal,0.6871430720561971,0.11347475371494586
focal,0.6865863674803203,0.11451686979380549
focal,0.6860315603418479,0.11555865168913171
focal,0.6854786573076688,0.11660008459126336
focal,0.6849276649549352,0.11764115374004291
focal,0.6843785897713903,0.11868184442475438
focal,0.6838314381556952,0.11972214198405962
focal,0.683286216417755,0.12076203180593459
focal,0.6827429307790454,0.12180149932760131
focal,0.682201587372937,0.12284053003545992
focal,0.68166219224502,0.12387910946502101
focal,0.6811247513534269,0.12491722320083232
focal,0.6805892705691547,0.12595485687640962
focal,0.6800557556763878,0.12699199617416057
focal,0.6795242123728175,0.12802862682531124
focal,0.6789946462699623,0.1290647346098307
focal,0.6784670628934875,0.13010030535635175
focal,0.677941467683522,0.131135324942094
focal,0.6774178659949772,0.1321697792927834
focal,0.6768962630978618,0.1332036543825712
focal,0.6763766641775983,0.13423693623395117
focal,0.6758590743353365,0.13526961091767742
focal,0.6753434985882676,0.13630166455267823
focal,0.6748299418699366,0.13733308330597127
focal,0.6743184090305538,0.13836385339257662
focal,0.673808904837305,0.13939396107542867
focal,0.6733014339746614,0.14042339266528647
focal,0.6727960010446882,0.14145213452064453
focal,0.6722926105673518,0.1424801730476416
focal,0.6717912669808266,0.14350749469996715
focal,0.6712919746417998,0.14453408597877004
focal,0.6707947378257769,0.14555993343256268
focal,0.6702995607273838,0.14658502365712683
focal,0.66980644746067,0.14760934329541708
focal,0.669315402059409,0.14863287903746375
focal,0.668826428477399,0.14965561762027468
focal,0.6683395305887617,0.15067754582773757
focal,0.6678547121882398,0.15169865049051806
focal,0.6673719769914939,0.15271891848596136
focal,0.666891328635399,0.1537383367379883
focal,0.6664127706783377,0.15475689221699568
focal,0.6659363066004942,0.15577457193975053
focal,0.6654619398041463,0.15679136296928864
focal,0.6649896736139568,0.15780725241480698
focal,0.6645195112772632,0.1588222274315606
focal,0.664051455964366,0.15983627522075572
focal,0.6635855107688163,0.16084938302944207
focal,0.6631216787077036,0.16186153815040516
focal,0.6626599627219382,0.1628727279220586
focal,0.6622003656765376,0.163882939728335
focal,0.6617428903609079,0.16489216099857507
focal,0.661287539489126,0.16590037920741757
focal,0.6608343157002192,0.16690758187468951
focal,0.6603832215584449,0.16791375656529223
focal,0.6599342595535678,0.16891889088909073
focal,0.659487432101137,0.16992297250079963
focal,0.6590427415427613,0.1709259890998705
focal,0.6586001901463826,0.17192792843037719
focal,0.6581597801065499,0.17292877828090059
focal,0.6577215135446896,0.17392852648441504
focal,0.6572853925093765,0.1749271609181705
focal,0.6568514189766028,0.17592466950357794
focal,0.6564195948500455,0.1769210402060915
focal,0.6559899219613332,0.17791626103509156
focal,0.6555624020703107,0.17891032004376745
focal,0.6551370368653031,0.1799032053289984
focal,0.654713827963379,0.1808949050312348
focal,0.6542927769106108,0.1818854073343794
focal,0.6538738851823348,0.18287470046566878
focal,0.6534571541834102,0.183862772695551
focal,0.6530425852484762,0.18484961233756786
focal,0.6526301796422076,0.18583520774823176
focal,0.6522199385595704,0.1868195473269062
focal,0.6518118631260741,0.1878026195156835
focal,0.6514059543980238,0.1887844127992625
focal,0.6510022133627716,0.18976491570482856
focal,0.6506006409389651,0.1907441168019275
focal,0.6502012379767959,0.19172200470234552
focal,0.6498040052582452,0.1926985680599851
focal,0.6494089434973307,0.1936737955707417
focal,0.6490160533403488,0.1946476759723792
focal,0.6486253353661185,0.19562019804440683
focal,0.6482367900862215,0.1965913506079543
focal,0.6478504179452422,0.19756112252564773
focal,0.6474662193210069,0.1985295027014845
focal,0.6470841945248199,0.19949648008070792
focal,0.6467043438017,0.2004620436496823
focal,0.6463266673306138,0.20142618243576843
focal,0.6459511652247099,0.20238888550719542
focal,0.6455778375315491,0.2033501419729375
focal,0.6452066842333355,0.20430994098258642
focal,0.644837705247145,0.20526827172622591
focal,0.644470900425153,0.20622512343430432
focal,0.6441062695548594,0.20718048537750983
focal,0.6437438123593143,0.20813434686664195
focal,0.6433835284973408,0.20908669725248547
focal,0.6430254175637568,0.2100375259256842
focal,0.6426694790895949,0.21098682231661242
focal,0.6423157125423228,0.2119345758952491
focal,0.6419641173260594,0.21288077617104967
focal,0.6416146927817918,0.21382541269281974
focal,0.64126743818759,0.2147684750485861
focal,0.6409223527588204,0.21570995286547084
focal,0.6405794356483572,0.21664983580956293
focal,0.6402386859467939,0.21758811358579022
focal,0.6399001026826519,0.2185247759377934
focal,0.6395636848225879,0.2194598126477964
focal,0.6392294312716014,0.22039321353647934
focal,0.638897340873239,0.22132496846285138
focal,0.6385674124097969,0.22225506732412276
focal,0.6382396446025252,0.22318350005557602
focal,0.6379140361118266,0.22411025663043932
focal,0.6375905855374568,0.2250353270597587
focal,0.6372692914187221,0.22595870139226948
focal,0.6369501522346754,0.22688036971426961
focal,0.636633166404312,0.2278003221494907
focal,0.6363183322867625,0.22871854885897197
focal,0.6360056481814856,0.22963504004093144
focal,0.6356951123284584,0.23054978593063857
focal,0.6353867229083658,0.23146277680028754
focal,0.6350804780427888,0.23237400295886906
focal,0.6347763757943903,0.23328345475204326
focal,0.6344744141671012,0.23419112256201263
focal,0.6341745911063029,0.2350969968073946
focal,0.6338769044990107,0.2360010679430946
focal,0.6335813521740534,0.23690332646017964
focal,0.633287931902254,0.23780376288575023
focal,0.6329966413966063,0.23870236778281467
focal,0.6327074783124529,0.2395991317501624
focal,0.632420440247659,0.24049404542223707
focal,0.6321355247427869,0.24138709946901027
focal,0.6318527292812683,0.24227828459585576
focal,0.6315720512895746,0.24316759154342293
focal,0.631293488137387,0.2440550110875115
focal,0.6310170371377639,0.24494053403894445
focal,0.630742695547308,0.24582415124344464
focal,0.6304704605663315,0.2467058535815071
focal,0.6302003293390191,0.2475856319682757
focal,0.6299322989535914,0.24846347735341645
focal,0.6296663664424653,0.24933938072099415
focal,0.6294025287824132,0.25021333308934646
focal,0.6291407828947218,0.25108532551096036
focal,0.628881125645348,0.25195534907234757
focal,0.6286235538450747,0.2528233948939199
focal,0.6283680642496647,0.25368945412986715
focal,0.6281146535600125,0.25455351796803066
focal,0.6278633184222957,0.25541557762978334
focal,0.6276140554281249,0.2562756243699037
focal,0.6273668611146911,0.25713364947645356
focal,0.6271217319649132,0.2579896442706571
focal,0.6268786644075827,0.258843600106776
focal,0.6266376548175085,0.2596955083719886
focal,0.6263986995156584,0.26054536048626803
focal,0.6261617947693008,0.26139314790225987
focal,0.6259269367921444,0.2622388621051611
focal,0.6256941217444763,0.263082494612599
focal,0.6254633457332988,0.26392403697451
focal,0.6252346048124652,0.2647634807730195
focal,0.6250078949828137,0.26560081762232124
focal,0.6247832121923003,0.2664360391685568
focal,0.6245605523361291,0.26726913708969763
focal,0.6243399112568835,0.2681001030954232
focal,0.6241212847446537,0.2689289289270035
focal,0.6239046685371643,0.26975560635718
focal,0.6236900583198995,0.2705801271900455
focal,0.6234774497262274,0.27140248326092953
focal,0.6232668383375235,0.2722226664362759
focal,0.6230582196832912,0.27304066861352827
focal,0.6228515892412823,0.27385648172101246
focal,0.6226469424376156,0.274670097717818
focal,0.6224442746468948,0.2754815085936827
focal,0.6222435811923228,0.2762907063688768
focal,0.622044857345818,0.27709768309408545
focal,0.6218480983281258,0.277902430850295
focal,0.6216532993089313,0.27870494174867594
focal,0.6214604554069696,0.27950520793046896
focal,0.6212695616901338,0.2803032215668708
focal,0.6210806131755834,0.2810989748589187
focal,0.6208936048298502,0.28189246003737783
focal,0.6207085315689429,0.2826836693626273
focal,0.6205253882584506,0.2834725951245466
focal,0.6203441697136447,0.2842592296424037
focal,0.6201648706995793,0.2850435652647423
focal,0.6199874859311909,0.28582559436926924
focal,0.6198120100733961,0.2866053093627438
focal,0.6196384377411875,0.28738270268086635
focal,0.6194667634997296,0.28815776678816624
focal,0.6192969818644516,0.28893049417789324
focal,0.6191290873011405,0.28970087737190603
focal,0.6189630742260319,0.29046890892056265
focal,0.6187989370058992,0.2912345814026123
focal,0.6186366699581418,0.291997887425085
focal,0.6184762673508727,0.29275881962318395
focal,0.618317723403003,0.2935173706601769
focal,0.6181610322843263,0.2942735332272892
focal,0.6180061881156017,0.29502730004359634
focal,0.6178531849686351,0.29577866385591595
focal,0.6177020168663585,0.2965276174387028
focal,0.6175526777829095,0.29727415359394255
focal,0.6174051616437081,0.29801826515104535
focal,0.6172594623255326,0.2987599449667412
focal,0.6171155736565945,0.29949918592497504
focal,0.6169734894166108,0.3002359809368028
focal,0.6168332033368767,0.300970322940287
focal,0.6166947091003359,0.3017022049003936
focal,0.6165580003416488,0.3024316198088884
focal,0.6164230706472613,0.30315856068423563
focal,0.616289913555471,0.30388302057149447
focal,0.6161585225564914,0.30460499254221807
focal,0.6160288910925167,0.30532446969435256
focal,0.615901012557783,0.30604144515213527
focal,0.61577488029863,0.3067559120659954
focal,0.6156504876135603,0.30746786361245354
focal,0.615527827753298,0.30817729299402197
focal,0.6154068939208447,0.3088841934391065
focal,0.6152876792715362,0.3095885582019074
focal,0.6151701769130955,0.31029038056232083
focal,0.6150543799056871,0.3109896538258423
focal,0.6149402812619671,0.31168637132346905
focal,0.6148278739471338,0.31238052641160285
focal,0.6147171508789769,0.3130721124719549
focal,0.6146081049279248,0.31376112291144864
focal,0.6145007289170903,0.31444755116212597
focal,0.6143950156223156,0.3151313906810514
focal,0.6142909577722161,0.31581263495021833
focal,0.614188548048222,0.3164912774764548
focal,0.6140877790846191,0.3171673117913305
focal,0.6139886434685885,0.31784073145106395
focal,0.6138911337402444,0.31851153003642935
focal,0.6137952423926707,0.3191797011526661
focal,0.613700961871957,0.3198452384293858
focal,0.6136082845772318,0.3205081355204827
focal,0.6135172028606959,0.32116838610404197
focal,0.6134277090276531,0.3218259838822515
focal,0.6133397953365411,0.32248092258131084
focal,0.6132534539989595,0.323133195951343
focal,0.613168677179697,0.3237827977663061
focal,0.6130854569967584,0.3244297218239054
focal,0.6130037855213882,0.32507396194550514
focal,0.6129236547780945,0.3257155119760437
focal,0.6128450567446712,0.32635436578394394
focal,0.6127679833522177,0.32699051726103107
focal,0.6126924264851596,0.3276239603224438
focal,0.612618377981266,0.3282546889065521
focal,0.6125458296316657,0.3288826969748713
focal,0.6124747731808635,0.32950797851197894
focal,0.6124052003267538,0.330130527525431
focal,0.612337102720633,0.3307503380456799
focal,0.6122704719672111,0.3313674041259912
focal,0.6122052996246217,0.3319817198423628
focal,0.612141577204431,0.3325932792934437
focal,0.6120792961716442,0.33320207660045104
focal,0.6120184479447127,0.3338081059070945
focal,0.6119590238955378,0.33441136137949173
focal,0.6119010153494746,0.33501183720609257
focal,0.6118444135853336,0.3356095275975995
focal,0.6117892098353821,0.3362044267868891
focal,0.6117353952853425,0.33679652902893503
focal,0.6116829610743914,0.33738582860073124
focal,0.6116318982951551,0.33797231980121517
focal,0.6115821979937063,0.33855599695119243
focal,0.6115338511695568,0.3391368543932603
focal,0.6114868487756511,0.33971488649173465
focal,0.6114411817183573,0.34029008763257435
focal,0.611396840857457,0.3408624522233082
focal,0.6113538170061348,0.3414319746929612
focal,0.6113121009309641,0.3419986494919832
focal,0.6112716833518947,0.34256247109217536
focal,0.6112325549422364,0.3431234339866201
focal,0.6111947063286427,0.3436815326896086
focal,0.6111581280910929,0.3442367617365719
focal,0.6111228107628723,0.34478911568401077
focal,0.6110887448305523,0.3453385891094256
focal,0.6110559207339673,0.34588517661124896
focal,0.6110243288661921,0.3464288728087763
focal,0.610993959573517,0.34696967234209947
focal,0.6109648031554217,0.3475075698720391
focal,0.6109368498645477,0.34804256008007867
focal,0.61091008990667,0.348574637668298
focal,0.6108845134406663,0.34910379735930863
focal,0.6108601105784869,0.34963003389618913
focal,0.6108368713851199,0.3501533420424202
focal,0.610814785878559,0.35067371658182256
focal,0.6107938440297667,0.35119115231849213
focal,0.6107740357626383,0.35170564407673965
focal,0.6107553509539633,0.3522171867010276
focal,0.6107377794333857,0.3527257750559093
focal,0.6107213109833636,0.35323140402596875
focal,0.6107059353391266,0.3537340685157599
focal,0.6106916421886324,0.35423376344974755
focal,0.6106784211725216,0.3547304837722488
focal,0.6106662618840716,0.35522422444737456
focal,0.6106551538691488,0.35571498045897176
focal,0.6106450866261597,0.35620274681056646
focal,0.6106360496060002,0.35668751852530783
focal,0.6106280322120041,0.35716929064591074
focal,0.6106210237998901,0.3576480582346033
focal,0.6106150136777068,0.3581238163730696
focal,0.6106099911057773,0.3585965601623964
focal,0.6106059452966415,0.3590662847230208
focal,0.6106028654149981,0.35953298519467586
focal,0.610600740577644,0.35999665673633996
focal,0.6105995598534132,0.36045729452618364
focal,0.6105993122631141,0.3609148937615201
focal,0.6105999867794654,0.36136944965875356
focal,0.6106015723270302,0.36182095745333065
focal,0.6106040577821495,0.3622694123996904
focal,0.6106074319728739,0.36271480977121645
focal,0.6106116836788936,0.36315714486018874
focal,0.6106168016314678,0.3635964129777364
focal,0.6106227745133518,0.36403260945379157
focal,0.6106295909587232,0.36446572963704266
focal,0.6106372395531069,0.36489576889488956
focal,0.6106457088332984,0.36532272261339904
focal,0.6106549872872855,0.36574658619725964
focal,0.610665063354169,0.36616735506974046
focal,0.6106759254240817,0.36658502467264575
focal,0.6106875618381061,0.3669995904662749
focal,0.6106999608881912,0.36741104792937945
focal,0.6107131108170666,0.3678193925591235
focal,0.6107269998181563,0.36822461987104266
focal,0.6107416160354908,0.36862672539900443
focal,0.6107569475636179,0.3690257046951706
focal,0.6107729824475112,0.36942155332995724
focal,0.6107897086824788,0.3698142668919988
focal,0.6108071142140686,0.3702038409881099
focal,0.610825186937974,0.37059027124325006
focal,0.610843914699937,0.37097355330048754
focal,0.61086328529565,0.3713536828209648
focal,0.6108832864706569,0.37173065548386436
focal,0.6109039059202512,0.3721044669863744
focal,0.6109251312893752,0.3724751130436576
focal,0.6109469501725144,0.37284258938881676
focal,0.6109693501135935,0.37320689177286537
focal,0.6109923186058692,0.37356801596469574
focal,0.611015843091822,0.3739259577510485
focal,0.6110399109630463,0.3742807129364843
focal,0.6110645095601399,0.37463227734335425
focal,0.6110896261725904,0.3749806468117721
focal,0.6111152480386619,0.3753258171995867
focal,0.611141362345279,0.3756677843823558
focal,0.6111679562279098,0.37600654425331964
focal,0.611195016770447,0.37634209272337626
focal,0.6112225310050885,0.37667442572105636
focal,0.6112504859122148,0.37700353919249907
focal,0.6112788684202668,0.37732942910143114
focal,0.6113076654056204,0.37765209142914136
focal,0.6113368636924611,0.3779715221744619
focal,0.6113664500526558,0.3782877173537444
focal,0.6113964112056235,0.37860067300084266
focal,0.6114267338182051,0.3789103851670915
focal,0.6114574045045308,0.37921684992128796
focal,0.611488409825886,0.37952006334967403
focal,0.6115197362905767,0.379820021555919
focal,0.6115513703537917,0.3801167206611029
focal,0.6115832984174648,0.38041015680370094
focal,0.6116155068301348,0.38070032613956833
focal,0.611647981886803,0.38098722484192604
focal,0.6116807098287914,0.3812708491013471
focal,0.6117136768435967,0.38155119512574426
focal,0.6117468690647446,0.38182825914035756
focal,0.611780272571642,0.3821020373877437
focal,0.6118138733894272,0.3823725261277647
focal,0.6118476574888185,0.3826397216375791
focal,0.6118816107859626,0.38290362021163243
focal,0.6119157191422789,0.3831642181616498
focal,0.6119499683643044,0.3834215118166275
focal,0.6119843442035358,0.38367549752282754
focal,0.6120188323562707,0.38392617164377113
focal,0.6120534184634463,0.38417353056023434
focal,0.6120880881104771,0.3844175706702436
focal,0.6121228268270911,0.38465828838907223
focal,0.6121576200871631,0.3848956801492381
focal,0.6121924533085488,0.3851297424005022
focal,0.6122273118529141,0.3853604716098669
focal,0.6122621810255653,0.3855878642615771
focal,0.6122970460752764,0.38581191685711946
focal,0.612331892194115,0.38603262591522564
focal,0.6123667045172662,0.3862499879718731
focal,0.6124014681228556,0.3864639995802896
focal,0.6124361680317695,0.38667465731095685
focal,0.6124707892074741,0.3868819577516148
focal,0.6125053165558334,0.38708589750726885
focal,0.612539734924924,0.3872864732001952
focal,0.6125740291048488,0.3874836814699489
focal,0.6126081838275503,0.3876775189733722
focal,0.6126421837666199,0.3878679823846041
focal,0.6126760135371069,0.38805506839508974
focal,0.612709657695325,0.3882387737135921
focal,0.6127431007386579,0.38841909506620376
focal,0.6127763271053621,0.3885960291963591
focal,0.6128093211743686,0.388769572864849
focal,0.6128420672650824,0.3889397228498345
focal,0.6128745496371808,0.3891064759468633
focal,0.6129067524904087,0.38926982896888496
focal,0.6129386599643738,0.3894297787462689
focal,0.6129702561383378,0.3895863221268229
focal,0.6130015250310082,0.3897394559758118
focal,0.6130324506003259,0.3898891771759778
focal,0.6130630167432529,0.3900354826275616
focal,0.6130932072955566,0.3901783692483244
focal,0.6131230060315935,0.39031783397357045
focal,0.6131523966640897,0.3904538737561716
focal,0.6131813628439208,0.3905864855665917
focal,0.6132098881598889,0.3907156663929128
focal,0.6132379561384982,0.3908414132408617
focal,0.6132655502437289,0.3909637231338378
focal,0.613292653876808,0.3910825931129423
focal,0.6133192503759797,0.3911980202370073
focal,0.6133453230162726,0.391310001582627
focal,0.6133708550092661,0.3914185342441898
focal,0.6133958295028532,0.3915236153339104
focal,0.6134202295810033,0.3916252419818644
focal,0.6134440382635208,0.3917234113360222
focal,0.6134672385058041,0.3918181205622864
focal,0.6134898131986004,0.391909366844527
focal,0.61351174516776,0.391997147384621
focal,0.6135330171739873,0.39208145940249
focal,0.6135536119125913,0.3921623001361416
focal,0.6135735120132324,0.39223966684171
focal,0.613592700039668,0.392313556793498
focal,0.6136111584894963,0.3923839672840208
focal,0.613628869793897,0.39245089562405044
focal,0.6136458163173707,0.39251433914266115
focal,0.6136619803574763,0.3925742951872761
focal,0.6136773441445652,0.39263076112371503
focal,0.6136918898415143,0.39268373433624354
focal,0.6137055995434572,0.3927332122276229
focal,0.6137184552775116,0.39277919221916113
focal,0.613730439002506,0.3928216717507651
focal,0.6137415326087041,0.39286064828099515
focal,0.6137517179175259,0.39289611928711826
focal,0.6137609766812676,0.3929280822651648
focal,0.6137692905828193,0.39295653472998565
focal,0.6137766412353791,0.3929814742153096
focal,0.613783010182167,0.39300289827380364
focal,0.6137883788961347,0.3930208044771329
focal,0.6137927287796741,0.39303519041602325
focal,0.6137960411643235,0.39304605370032347
focal,0.6137982973104702,0.3930533919590706
focal,0.6137994784070532,0.39305720284055456
focal,0.6137995655712608,0.39305748401238544
focal,0.6137985398482279,0.39305423316156196
focal,0.6137963822107295,0.39304744799453967
focal,0.6137930735588736,0.39303712623730364
focal,0.6137885947197889,0.39302326563543766
focal,0.6137829264473129,0.3930058639542004
focal,0.6137760494216762,0.3929849189785979
focal,0.6137679442491837,0.39296042851346025
focal,0.6137585914618952,0.39293239038351985
focal,0.6137479715173014,0.3929008024334879
focal,0.6137360647979991,0.3928656625281362
focal,0.613722851611363,0.39282696855237786
focal,0.6137083121892142,0.39278471841135
focal,0.6136924266874888,0.392738910030498
focal,0.6136751751859004,0.39268954135566103
focal,0.6136565376876031,0.3926366103531595
focal,0.6136364941188494,0.3925801150098824
focal,0.6136150243286477,0.3925200533333784
focal,0.6135921080884149,0.39245642335194636
focal,0.6135677250916286,0.39238922311472857
focal,0.6135418549534747,0.39231845069180454
focal,0.6135144772104931,0.3922441041742875
focal,0.6134855713202212,0.392166181674421
focal,0.6134551166608334,0.3920846813256779
focal,0.6134230925307791,0.3919996012828613
focal,0.6133894781484167,0.3919109397222056
focal,0.6133542526516461,0.39181869484148035
focal,0.6133173950975371,0.39172286486009544
focal,0.6132788844619558,0.39162344801920734
focal,0.613238699639188,0.3915204425818278
focal,0.613196819441559,0.3914138468329333
focal,0.6131532225990518,0.3913036590795769
focal,0.6131078877589211,0.3911898776510009
focal,0.6130607934853046,0.3910725008987521
focal,0.6130119182588327,0.3909515271967981
focal,0.6129612404762326,0.39082695494164543
focal,0.6129087384499319,0.39069878255245977
focal,0.6128543904076575,0.39056700847118686
focal,0.6127981744920326,0.3904316311626768
focal,0.6127400687601692,0.39029264911480815
focal,0.6126800511832587,0.39015006083861575
focal,0.6126180996461599,0.39000386486841876
focal,0.6125541919469807,0.38985405976195164
focal,0.6124883057966609,0.3897006441004961
focal,0.6124204188185486,0.38954361648901514
focal,0.6123505085479743,0.3893829755562897
focal,0.6122785524318227,0.3892187199550559
focal,0.6122045278280994,0.38905084836214543
focal,0.6121284120054958,0.3888793594786267
focal,0.6120501821429501,0.38870425202994885
focal,0.6119698153292042,0.38852552476608726
focal,0.6118872885623589,0.38834317646169075
focal,0.6118025787494237,0.38815720591623243
focal,0.611715662705865,0.3879676119541594
focal,0.6116265171551492,0.3877743934250481
focal,0.6115351187282828,0.3875775492037581
focal,0.6114414439633507,0.38737707819059247
focal,0.6113454693050469,0.3871729793114546
focal,0.6112471711042061,0.3869652515180125
focal,0.611146525617329,0.3867538937878616
focal,0.6110435090061037,0.3865389051246912
focal,0.6109380973369257,0.38632028455845346
focal,0.6108302665804115,0.3860980311455332
focal,0.6107199926109103,0.38587214396892133
focal,0.6106072512060108,0.3856426221383891
focal,0.6104920180460449,0.38540946479066684
focal,0.6103742687135878,0.38517267108962255
focal,0.6102539786929522,0.38493224022644335
focal,0.6101311233696816,0.38468817141982153
focal,0.6100056780300367,0.3844404639161394
focal,0.6098776178604801,0.3841891169896598
focal,0.6097469179471562,0.3839341299427162
focal,0.6096135532753655,0.3836755021059076
focal,0.6094774987290379,0.3834132328382947
focal,0.6093387290901984,0.3831473215275982
focal,0.6091972190384316,0.3828777675904011
focal,0.6090529431503404,0.38260457047235186
focal,0.608905875899,0.3823277296483711
focal,0.6087559916534093,0.38204724462286105
focal,0.6086032646779365,0.3817631149299168
focal,0.6084476691317606,0.38147534013354073
focal,0.6082891790683095,0.38118391982786015
focal,0.6081277684346921,0.38088885363734654
focal,0.6079634110711264,0.3805901412170377
focal,0.6077960807103646,0.38028778225276466
focal,0.607625750977111,0.3799817764613776
focal,0.6074523953874367,0.3796721235909787
focal,0.6072759873481903,0.3793588234211549
focal,0.6070965001564028,0.37904187576321496
focal,0.606913906998687,0.3787212804604291
focal,0.6067281809506344,0.3783970373882718
focal,0.6065392949762055,0.37806914645466705
focal,0.6063472219271155,0.37773760760023745
focal,0.6061519345422155,0.3774024207985559
focal,0.6059534054468674,0.3770635860563993
focal,0.6057516071523161,0.3767211034140089
focal,0.6055465120550547,0.3763749729453493
focal,0.6053380924361846,0.3760251947583733
focal,0.6051263204607714,0.3756717689952908
focal,0.604911168177195,0.37531469583283794
focal,0.6046926075164943,0.3749539754825526
focal,0.6044706102917063,0.37458960819105097
focal,0.6042451481972007,0.3742215942403096
focal,0.6040161928080082,0.3738499339479493
focal,0.6037837155791439,0.3734746276675231
focal,0.6035476878449234,0.3730956757888074
focal,0.6033080808182769,0.37271307873809806
focal,0.603064865590053,0.3723268369785075
focal,0.6028180131283205,0.3719369510102685
focal,0.6025674942776622,0.3715434213710393
focal,0.6023132797584638,0.3711462486362128
focal,0.6020553401661969,0.37074543341923194
focal,0.6017936459706947,0.37034097637190516
focal,0.6015281675154239,0.3699328781847285
focal,0.601258875016748,0.3695211395872106
focal,0.6009857385631862,0.36910576134820194
focal,0.6007087281146651,0.36868674427622794
focal,0.6004278135017649,0.3682640892198256
focal,0.6001429644249576,0.367837797067886
focal,0.5998541504538408,0.36740786874999865
focal,0.5995613410263633,0.36697430523680197
focal,0.5992645054480449,0.3665371075403373
focal,0.5989636128911892,0.36609627671440637
focal,0.5986586323940895,0.3656518138549354
focal,0.5983495328602286,0.36520372010034097
focal,0.5980362830574709,0.3647519966319026
focal,0.597718851617247,0.36429664467413836
focal,0.5973972070337333,0.36383766549518626
focal,0.5970713176630221,0.3633750604071895
focal,0.5967411517222854,0.3629088307666861
focal,0.5964066772889322,0.3624389779750055
focal,0.5960678622997564,0.36196550347866624
focal,0.5957246745500795,0.3614884087697828
focal,0.5953770816928841,0.3610076953864741
focal,0.5950250512379398,0.36052336491327874
focal,0.5946685505509227,0.360035418981575
focal,0.5943075468525251,0.35954385927000576
focal,0.5939420072175586,0.3590486875049089
focal,0.5935718985740489,0.358549905460753
focal,0.5931971877023221,0.35804751496057796
focal,0.5928178412340828,0.35754151787644217
focal,0.5924338256514845,0.3570319161298743
focal,0.5920451072861906,0.3565187116923305
focal,0.5916516523184274,0.35600190658565806
focal,0.5912534267760284,0.35548150288256447
focal,0.5908503965334696,0.35495750270709187
focal,0.5904425273108962,0.3544299082350987
focal,0.5900297846731404,0.35389872169474557
focal,0.5896121340287293,0.3533639453669879
focal,0.5891895406288845,0.3528255815860764
focal,0.5887619695665127,0.35228363274006097
focal,0.5883293857751848,0.3517381012713021
focal,0.5878917540281077,0.35118898967698986
focal,0.5874490389370852,0.3506363005096678
focal,0.5870012049514697,0.35008003637776336
focal,0.5865482163571032,0.34952019994612704
focal,0.5860900372752488,0.3489567939365755
focal,0.5856266316615119,0.3483898211284436
focal,0.5851579633047502,0.3478192843591426
focal,0.5846839958259756,0.34724518652472564
focal,0.5842046926772417,0.3466675305804602
focal,0.5837200171405249,0.3460863195414078
focal,0.5832299323265898,0.345501556483011
focal,0.5827344011738488,0.3449132445416893
focal,0.582233386447205,0.3443213869154395
focal,0.5817268507368885,0.3437259868644468
focal,0.5812147564572785,0.3431270477117027
focal,0.5806970658457139,0.3425245728436299
focal,0.5801737409612926,0.3419185657107164
focal,0.5796447436836593,0.3413090298281576
focal,0.5791100357117795,0.34069596877650554
focal,0.5785695785627029,0.34007938620232825
focal,0.5780233335703123,0.33945928581887647
focal,0.5774712618840628,0.33883567140675913
focal,0.5769133244677045,0.33820854681462836
focal,0.5763494820979944,0.33757791595987174
focal,0.5757796953633945,0.33694378282931575
focal,0.575203924662756,0.3363061514799367
focal,0.574622130203991,0.33566502603958104
focal,0.5740342720027286,0.33502041070769745
focal,0.5734403098809583,0.3343723097560746
focal,0.5728402034656583,0.33372072752959236
focal,0.5722339121874103,0.3330656684469798
focal,0.5716213952789972,0.3324071370015865
focal,0.5710026117739901,0.3317451377621608
focal,0.5703775205053153,0.3310796753736405
focal,0.5697460801038088,0.33041075455795366
focal,0.5691082489967545,0.3297383801148293
focal,0.5684639854064071,0.3290625569226204
focal,0.5678132473484965,0.3283832899391357
focal,0.5671559926307198,0.327700584202486
focal,0.5664921788512118,0.32701444483193753
focal,0.5658217633970031,0.3263248770287814
focal,0.5651447034424582,0.325631886077211
focal,0.5644609559476965,0.32493547734521383
focal,0.5637704776569966,0.3242356562854741
focal,0.5630732250971817,0.3235324284362882
focal,0.5623691545759864,0.3228257994224928
focal,0.5616582221804061,0.3221157749564047
focal,0.5609403837750259,0.3214023608387753
focal,0.560215595000331,0.3206855629597561
focal,0.559483811270998,0.3199653872998796
focal,0.558744987774165,0.31924183993105254
focal,0.5579990794676828,0.31851492701756307
focal,0.5572460410783444,0.31778465481710266
focal,0.5564858271000928,0.31705102968179993
focal,0.5557183917922115,0.31631405805927376
focal,0.5549436891774882,0.3155737464936958
focal,0.554161673040358,0.3148301016268708
focal,0.5533722969250272,0.31408313019933254
focal,0.5525755141335693,0.31333283905145304
focal,0.5517712777240011,0.3125792351245706
focal,0.5509595405083355,0.31182232546213134
focal,0.550140255050606,0.3110621172108478
focal,0.5493133736648722,0.3102986176218745
focal,0.5484788484131956,0.30953183405200124
focal,0.5476366311035926,0.30876177396486015
focal,0.5467866732879612,0.3079884449321553
focal,0.5459289262599804,0.3072118546349066
focal,0.5450633410529827,0.3064320108647116
focal,0.5441898684378009,0.3056489215250286
focal,0.5433084589205848,0.30486259463247567
focal,0.5424190627405894,0.3040730383181498
focal,0.5415216298679371,0.3032802608289671
focal,0.540616110001346,0.302484270529019
focal,0.5397024525658315,0.3016850759009534
focal,0.5387806067103751,0.3008826855473722
focal,0.5378505213055629,0.3000771081922522
focal,0.5369121449411913,0.2992683526823865
focal,0.5359654259238409,0.2984564279888478
focal,0.5350103122744156,0.2976413432084733
focal,0.5340467517256515,0.2968231075653735
focal,0.533074691719584,0.29600173041246114
focal,0.5320940794049889,0.295177221233008
focal,0.5311048616347785,0.2943495896422205
focal,0.5301069849633676,0.2935188453888435
focal,0.5291003956439969,0.29268499835678624
focal,0.5280850396260222,0.2918480585667758
focal,0.5270608625521604,0.291008036178034
focal,0.5260278097556992,0.29016494148998173
focal,0.5249858262576627,0.28931878494397056
focal,0.5239348567639375,0.2884695771250401
focal,0.5228748456623542,0.2876173287637049
focal,0.5218057370197273,0.28676205073776695
focal,0.5207274745788488,0.28590375407416113
focal,0.5196400017554363,0.28504244995082617
focal,0.5185432616350352,0.28417814969860766
focal,0.5174371969698739,0.28331086480319245
focal,0.516321750175668,0.28244060690707207
focal,0.5151968633283763,0.2815673878115399
focal,0.5140624781609058,0.28069121947872133
focal,0.5129185360597635,0.27981211403363476
focal,0.5117649780616553,0.2789300837662888
focal,0.5106017448500316,0.2780451411338142
focal,0.5094287767515735,0.2771572987626284
focal,0.5082460137326257,0.2762665694506412
focal,0.5070533953955678,0.2753729661694918
focal,0.5058508609751267,0.27447650206682705
focal,0.5046383493346276,0.2735771904686179
focal,0.5034157989621812,0.27267504488151345
focal,0.5021831479668076,0.2717700789952372
focal,0.5009403340744927,0.27086230668502365
focal,0.499687294624176,0.2699517420140954
focal,0.4984239665636717,0.26903839923618555
focal,0.4971502864455169,0.268122292798103
focal,0.4958661904227431,0.26720343734234075
focal,0.49457161424458185,0.2662818477097341
focal,0.49326649325208133,0.26535753894216063
focal,0.49195076237365515,0.26443052628529273
focal,0.4906243561205418,0.26350082519139567
focal,0.4892872085821847,0.2625684513221772
focal,0.48793925342152894,0.2616334205516901
focal,0.48658042387022393,0.26069574896928366
focal,0.4852106527237408,0.2597554528826104
focal,0.48382987233639707,0.2588125488206895
focal,0.4824380146162838,0.25786705353702416
focal,0.48103501102009605,0.25691898401277674
focal,0.479620792547864,0.25596835746000407
focal,0.47819528973757924,0.255015191324952
focal,0.4767584326597149,0.25405950329141247
focal,0.47531015091163753,0.2531013112841435
focal,0.4738503736119056,0.2521406334723533
focal,0.47237902939445253,0.2511774882732532
focal,0.47089604640265054,0.2502118943556752
focal,0.46940135228325275,0.24924387064376274
focal,0.4678948741802078,0.2482734363207304
focal,0.4663765387283462,0.24730061083269922
focal,0.4648462720469286,0.24632541389260382
focal,0.46330399973306385,0.24534786548418153
focal,0.4617496468549765,0.24436798586603553
focal,0.460183137945133,0.24338579557578316
focal,0.4586043969932154,0.24240131543428511
focal,0.4570133474389377,0.2414145665499604
focal,0.4554099121647043,0.24042557032319012
focal,0.4537940134881011,0.23943434845081102
focal,0.4521655731542131,0.23844092293069924
focal,0.45052451232777085,0.2374453160664532
focal,0.4488707515851074,0.23644755047216898
focal,0.4472042109059348,0.23544764907732102
focal,0.44552480966491725,0.23444563513174183
focal,0.4438324666230493,0.23344153221070824
focal,0.4421270999188249,0.23243536422013872
focal,0.4404086270591889,0.23142715540189995
focal,0.43867696491026864,0.23041693033922883
focal,0.4369320296878739,0.2294047139622728
focal,0.43517373694776185,0.228390531553754
focal,0.4334020015756491,0.22737440875475357
focal,0.43161673777697745,0.22635637157063038
focal,0.4298178590664063,0.2253364463770679
focal,0.42800527825703905,0.2243146599262602
focal,0.42617890744936215,0.22329103935323819
focal,0.4243386580198883,0.22226561218233798
focal,0.4224844406094991,0.2212384063338227
focal,0.42061616511146915,0.22020945013065463
focal,0.41873374065916213,0.21917877230542687
focal,0.4168370756133855,0.21814640200745833
focal,0.4149260775493951,0.21711236881005724
focal,0.41300065324352975,0.2160767027179588
focal,0.4110607086594641,0.21503943417494054
focal,0.4091061489340667,0.21400059407162336
focal,0.40713687836284684,0.21296021375346458
focal,0.4051528003849718,0.21191832502894692
focal,0.4031538175678365,0.21087496017797042
focal,0.40113983159117506,0.20983015196045662
focal,0.3991107432306832,0.20878393362516795
focal,0.3970664523411419,0.20773633891875276
focal,0.3950068578390189,0.2066874020950233
focal,0.3929318576845182,0.20563715792447118
focal,0.3908413488630671,0.20458564170403448
focal,0.3887352273662078,0.2035328892671195
focal,0.38661338817186863,0.20247893699388947
focal,0.3844757252239903,0.20142382182182839
focal,0.3823221314114805,0.200367581256591
focal,0.38015249854645716,0.19931025338314667
focal,0.37796671734176346,0.19825187687723178
focal,0.3757646773877058,0.19719249101711667
focal,0.3735462671279943,0.19613213569570553
focal,0.3713113738348338,0.19507085143297492
focal,0.3690598835831378,0.19400867938876726
focal,0.3667916812238191,0.1929456613759542
focal,0.3645066503561101,0.1918818398739799
focal,0.36220467329887307,0.19081725804280236
focal,0.3598856310608435,0.18975195973724635
focal,0.3575494033097636,0.1886859895217881
focal,0.35519586834033556,0.18761939268578043
focal,0.35282490304095704,0.1865522152591484
focal,0.350436382859154,0.18548450402856237
focal,0.3480301817656629,0.18441630655411828
focal,0.3456061722170807,0.18334767118653855
focal,0.34316422511701095,0.1822786470849198
focal,0.34070420977563143,0.18120928423505078
focal,0.33822599386759045,0.18013963346832262
focal,0.3357294433881437,0.1790697464812574
focal,0.33321442260744594,0.17799967585568544
focal,0.33068079402287665,0.1769294750795971
focal,0.32812841830930617,0.17585919856869803
focal,0.325557154267179,0.17478890168870498
focal,0.322966858768286,0.1737186407784096
focal,0.3203573866991035,0.17264847317355375
focal,0.3177285909015416,0.17157845723154486
focal,0.3150803221109587,0.17050865235705925
focal,0.3124124288912802,0.16943911902857428
focal,0.30972475756703455,0.16836991882587005
focal,0.30701715215212644,0.16730111445855417
focal,0.30428945427514575,0.166232769795658
focal,0.3015415031009857,0.16516494989635716
focal,0.2987731352485431,0.1640977210418769
focal,0.29598418470424537,0.16303115076864022
focal,0.2931744827311279,0.16196530790272623
focal,0.2903438577731762,0.1609002625957071
focal,0.28749213535460794,0.15983608636193933
focal,0.28461913797374927,0.15877285211738412
focal,0.28172468499114534,0.15771063422004847
focal,0.27880859251148693,0.1566495085121293
focal,0.27587067325892933,0.15558955236396438
focal,0.2729107364453235,0.15453084471989073
focal,0.2699285876308377,0.1534734661461183
focal,0.2669240285764256,0.1524174988807463
focal,0.2638968570875163,0.15136302688604425
focal,0.2608468668482571,0.15031013590313444
focal,0.2577738472456029,0.1492589135092321
focal,0.25467758318243006,0.14820944917759385
focal,0.25155785487882365,0.14716183434035401
focal,0.2484144376605808,0.14611616245443262
focal,0.245247101733871,0.1450725290707148
focal,0.2420556119449241,0.1440310319067242
focal,0.2388397275234624,0.14299177092302418
focal,0.23559920180848248,0.14195484840360223
focal,0.23233378195486176,0.14092036904052138
focal,0.22904320861906247,0.1398884400231371
focal,0.22572721562206488,0.1388591711322127
focal,0.2223855295874323,0.13783267483929712
focal,0.21901786955217006,0.13680906641175153
focal,0.21562394654781136,0.13578846402386688
focal,0.21220346314882055,0.13477098887453695
focal,0.20875611298509889,0.13375676531201006
focal,0.20528158021498144,0.13274592096629223
focal,0.2017795389546636,0.1317385868898277
focal,0.19824965265950312,0.1307348977071529
focal,0.19469157345207266,0.12973499177429446
focal,0.19110494139114564,0.12873901134875657
focal,0.18748938367506618,0.12774710277104692
focal,0.18384451377204958,0.126759416658791
focal,0.18016993046893048,0.12577610811460208
focal,0.1764652168287002,0.1247973369490217
focal,0.17272993904576683,0.12382326791999088
focal,0.16896364518624163,0.12285407099049792
focal,0.1651658637986655,0.12188992160625858
focal,0.16133610237830054,0.12093100099551354
focal,0.15747384566546474,0.11997749649331019
focal,0.15357855375522966,0.11902960189295622
focal,0.1496496599919831,0.11808751782769422
focal,0.14568656861789653,0.11715145218609938
focal,0.14168865213882065,0.11622162056518948
focal,0.13765524836461906,0.11529824676585865
focal,0.13358565707291947,0.11438156333594393
focal,0.12947913623550444,0.11347181216708177
focal,0.12533489773459217,0.11256924515252403
focal,0.12115210248144337,0.11167412491429132
focal,0.11692985483131701,0.11078672560950309
focal,0.11266719616579302,0.1099073338275019
focal,0.10836309748445361,0.10903624959155225
focal,0.10401645081109623,0.10817378748156159
focal,0.09962605917254352,0.1073202778975651
focal,0.09519062484728791,0.10647606848782362
focal,0.09070873550207181,0.10564152577055122
focal,0.08617884773035156,0.10481703698482742
focal,0.08159926736825085,0.10400301221461997
focal,0.07696812577758205,0.1031998868406416
focal,0.07228335103244321,0.10240812438887914
focal,0.06754263259672155,0.10162821986324469
focal,0.06274337759122994,0.10086070367471592
focal,0.05788265605412335,0.10010614631309561
focal,0.05295713159202731,0.09936516395403128
focal,0.047962972333637,0.0986384252590517
focal,0.04289573485564391,0.09792665971930278
focal,0.03775021028393377,0.0972306680290895
focal,0.032520216261557655,0.09655133517744426
focal,0.027198309433217105,0.09588964725583912
focal,0.021775377716639954,0.09524671347031137
focal,0.016240044349010385,0.09462379564996792
focal,0.010577764841567916,0.09402234891865739
focal,0.004769397384877694,0.09344407967060141
focal,-0.001211186693181432,0.09289103172604844
focal,-0.00740138422935388,0.09236572133290409
focal,-0.01385827236886894,0.09187136404064883
focal,-0.02067742387453686,0.09141229492641723
focal,-0.028044242000789144,0.09099486974487211
focal,-0.03643497849268584,0.09062995942650089
focal,-0.05082836402202351,0.0903476050384234
focal,-0.0566481573733415,0.09042543484948554
focal,-0.05651351865158194,0.09041782225878423
focal,-0.05540293332593138,0.09035482050029497
focal,-0.05379240932266738,0.09024731260242516
focal,-0.05186710745144607,0.09010166634931341
focal,-0.04972235939455927,0.0899222287796129
focal,-0.047415002571299936,0.0897122273368493
focal,-0.04498219543747817,0.08947419009597855
focal,-0.042449829619785606,0.08921017263777928
focal,-0.03983681120830407,0.08892189305095473
focal,-0.037157450289172056,0.08861081808825359
focal,-0.034422890530056205,0.0882782211425637
focal,-0.03164201221635887,0.08792522291904416
focal,-0.02882202819568913,0.08755282094408462
focal,-0.025968891597442756,0.08716191157788278
focal,-0.02308758333936245,0.08675330682260422
focal,-0.02018232015069299,0.08632774741439483
focal,-0.01725670846216476,0.08588591319736344
focal,-0.01431386047133365,0.08542843146775393
focal,-0.011356483180327337,0.08495588377441544
focal,-0.008386947736124029,0.08446881152625094
focal,-0.005407344161608707,0.08396772066440325
focal,-0.0024195250800037593,0.08345308559181772
focal,0.0005748589710257157,0.08292535250631207
focal,0.003574330734264719,0.08238494224952095
focal,0.006577562524220926,0.08183225275916564
focal,0.009583356551242761,0.0812676611934846
focal,0.012590628468091336,0.08069152578255157
focal,0.015598393514554387,0.08010418745040496
focal,0.018605754774067562,0.0795059712435449
focal,0.021611893160428552,0.07889718759481328
focal,0.024616058831848142,0.07827813344650676
focal,0.027617563790414135,0.07764909325246538
focal,0.03061577547212302,0.07701033987558209
focal,0.033610111169493195,0.07636213539451611
focal,0.036600033157752065,0.07570473183122597
focal,0.03958504441864652,0.07503837180916162
focal,0.04256468487430376,0.07436328915049509
focal,0.0455385280583801,0.07367970941955782
focal,0.04850617816374203,0.07298785041864045
focal,0.05146726741565355,0.0722879226414698
focal,0.05442145372745599,0.07158012968896638
focal,0.057368418602314564,0.07086466865127869
focal,0.06030786525001208,0.0701417304595923
focal,0.06323951689234719,0.06941150021076495
focal,0.06616311523441853,0.0686741574674746
focal,0.06907841908228862,0.06792987653624605
focal,0.07198520309015755,0.06717882672544451
focal,0.07488325662245454,0.06642117258508826
focal,0.07777238271814357,0.06565707413012822
focal,0.0806523971461981,0.06488668704865497
focal,0.08352312754256608,0.06411016289634638
focal,0.08638441262015029,0.06332764927832507
focal,0.089236101444363,0.06253929001947461
focal,0.09207805276768088,0.06174522532416302
focal,0.09491013441740537,0.060945591926220566
focal,0.0977322227315005,0.06014052322994126
focal,0.10054420203793812,0.0593301494428041
focal,0.10334596417351061,0.05851459770054088
focal,0.10613740803849736,0.05769399218512272
focal,0.1089184391839415,0.056868454236188304
focal,0.11168896942868245,0.05603810245637958
focal,0.11444891650351963,0.055203052811025055
focal,0.11719820372020606,0.05436341872255929
focal,0.11993675966317496,0.053519311160041216
focal,0.12266451790209976,0.0526708387241043
focal,0.12538141672360392,0.05181810772763837
focal,0.1280873988805682,0.050961222272484286
focal,0.13078241135763435,0.050100284322400546
focal,0.1334664051516612,0.049235393772531444
focal,0.136139335065957,0.04836664851560396
focal,0.1388011595172578,0.04749414450504852
focal,0.14145184035449898,0.04661797581523175
focal,0.144091342688496,0.04573823469897606
focal,0.14671963473175775,0.04485501164252306
focal,0.1493366876476938,0.04396839541809017
focal,0.151942475408551,0.04307847313416163
focal,0.15453697466147487,0.0421853302836353
focal,0.15712016460213174,0.04128905078995154
focal,0.15969202685537287,0.04038971705131161
focal,0.16225254536247635,0.03948740998308978
focal,0.16480170627451696,0.03858220905853729
focal,0.16733949785147784,0.037674192347866176
focal,0.16986591036671828,0.03676343655580072
focal,0.1723809360164592,0.03585001705767232
focal,0.17488456883397419,0.03493400793413476
focal,0.1773768046081846,0.03401548200456678
focal,0.17985764080638833,0.033094510859230264
focal,0.18232707650087732,0.0321711648902408
focal,0.18478511229919192,0.031245513321414176
focal,0.18723175027781724,0.030317624237036322
focal,0.18966699391910036,0.02938756460961156
focal,0.19209084805120746,0.02845540032663757
focal,0.19450331879094518,0.027521196216449828
focal,0.19690441348928422,0.026585016073177425
focal,0.19929414067942486,0.025646922680855666
focal,0.20167251002727427,0.024706977836726485
focal,0.20403953228418936,0.023765242373767648
focal,0.2063952192418692,0.022821776182482323
focal,0.20873958368928114,0.021876638231980494
focal,0.21107263937150222,0.02092988659038575
focal,0.2133944009503853,0.019981578444591586
focal,0.21570488396694854,0.01903177011939744
focal,0.21800410480539612,0.018080517096050908
focal,0.2202920806586891,0.017127874030217594
focal,0.22256882949559043,0.01617389476940362
focal,0.2248343700290989,0.015218632369854657
focal,0.2270887216862164,0.014262139112946992
focal,0.22933190457896802,0.013304466521098735
focal,0.231563939476625,0.012345665373210524
focal,0.2337848477790655,0.011385785719661923
focal,0.23599465149121768,0.010424876896876767
focal,0.23819337319853706,0.009462987541474066
focal,0.2403810360434674,0.008500165604019339
focal,0.2425576637028355,0.007536458362395193
focal,0.24472328036614022,0.006571912434800098
focal,0.2468779107146981,0.005606573792390657
focal,0.24902157990159035,0.004640487771584212
focal,0.2511543135323989,0.0036736990860258834
focal,0.25327613764666823,0.0027062518382423018
focal,0.2553870787000897,0.001738189530981038
focal,0.25748716354735024,0.0007695550782594318
focal,0.2595764194256307,-0.0001996091838775138
focal,0.2616548739387239,-0.0011692614868744067
focal,0.2637225550417419,-0.0021393606194508585
focal,0.26577949102638676,-0.0031098659176437837
focal,0.26782571050676784,-0.0040807372551017185
focal,0.26986124240573217,-0.005051935033618671
focal,0.2718861159416942,-0.006023420173902283
focal,0.27390036061594203,-0.006995154106568369
focal,0.27590400620039535,-0.007967098763352443
focal,0.27789708272580704,-0.008939216568535024
focal,0.2798796204703795,-0.009911470430569835
focal,0.28185164994878475,-0.010883823733911224
focal,0.2838132019015709,-0.011856240331034107
focal,0.28576430728493984,-0.012828684534639256
focal,0.28770499726087984,-0.013801121110039893
focal,0.28963530318764164,-0.01477351526772247
focal,0.29155525661054105,-0.015745832656077485
focal,0.29346488925307856,-0.01671803935429439
focal,0.29536423300836456,-0.01769010186541775
focal,0.2972533199308307,-0.0186619871095553
focal,0.2991321822282289,-0.01963366241723874
focal,0.3010008522538977,-0.02060509552293094
focal,0.30285936249928447,-0.021576254558671293
focal,0.304707745586726,-0.022547108047863418
focal,0.3065460342624624,-0.023517624899192457
focal,0.3083742613898892,-0.024487774400675233
focal,0.31019245994302724,-0.025457526213834847
focal,0.31200066300021356,-0.026426850367999022
focal,0.3137989037379937,-0.02739571725471679
focal,0.3155872154252215,-0.028364097622293527
focal,0.31736563141734453,-0.0293319625704348
focal,0.31913418515087855,-0.030299283545003497
focal,0.3208929101380652,-0.031266032332884386
focal,0.32264183996169393,-0.03223218105694731
focal,0.32438100827010097,-0.0331977021711195
focal,0.3261104487723212,-0.03416256845554844
focal,0.3278301952334006,-0.03512675301186752
focal,0.32954028146985814,-0.0360902292585501
focal,0.3312407413452908,-0.03705297092635795
focal,0.33293160876612027,-0.03801495205387634
focal,0.3346129176774766,-0.038976146983136895
focal,0.33628470205920824,-0.03993653035532363
focal,0.33794699592202515,-0.040896077106562956
focal,0.3395998333037553,-0.04185476246379016
focal,0.34124324826572905,-0.042812561940699045
focal,0.34287727488927056,-0.04376945133376292
focal,0.344501947272303,-0.04472540671833308
focal,0.34611729952605985,-0.04568040444480792
focal,0.3477233657719,-0.04663442113487437
focal,0.34932018013822197,-0.04758743367781659
focal,0.35090777675747686,-0.04853941922689331
focal,0.3524861897632723,-0.04949035519578071
focal,0.35405545328757015,-0.0504402192550793
focal,0.35561560145796955,-0.051388989328883194
focal,0.3571666683950766,-0.052336643591411325
focal,0.3587086882099555,-0.053283160463697965
focal,0.36024169500166026,-0.05422851861034239
focal,0.361765722854844,-0.05517269693631416
focal,0.36328080583744005,-0.05611567458381539
focal,0.3647869779984214,-0.05705743092919824
focal,0.3662842733656254,-0.05799794557993393
focal,0.36777272594364785,-0.058937198371634414
focal,0.3692523697118063,-0.05987516936512649
focal,0.3707232386221607,-0.06081183884357266
focal,0.37218536659760637,-0.06174718730964496
focal,0.3736387875300149,-0.06268119548274176
focal,0.3750835352784444,-0.063613844296255
focal,0.37651964366740087,-0.06454511489488152
focal,0.37794714648515443,-0.06547498863197804
focal,0.3793660774821101,-0.06640344706696105
focal,0.38077647036923273,-0.06733047196275027
focal,0.38217835881651735,-0.06825604528325174
focal,0.38357177645151175,-0.06918014919088339
focal,0.384956756857885,-0.0701027660441404
focal,0.3863333335740427,-0.0710238783951993
focal,0.3877015400917859,-0.07194346898756204
focal,0.389061409855015,-0.07286152075373559
focal,0.39041297625847193,-0.07377801681294921
focal,0.39175627264653023,-0.07469294046891012
focal,0.3930913323120157,-0.07560627520759022
focal,0.3944181884950731,-0.0765180046950511
focal,0.3957368743820664,-0.0774281127753017
focal,0.39704742310451624,-0.07833658346818939
focal,0.39834986773807407,-0.07924340096732357
focal,0.39964424130152876,-0.08014854963803175
focal,0.4009305767558451,-0.08105201401534529
focal,0.40220890700324075,-0.08195377880201998
focal,0.4034792648862883,-0.08285382886658149
focal,0.40474168318704956,-0.08375214924140367
focal,0.40599619462624353,-0.08464872512081684
focal,0.4072428318624367,-0.08554354185924035
focal,0.40848162749126765,-0.08643658496934747
focal,0.4097126140446946,-0.08732784012025491
focal,0.41093582399027184,-0.08821729313574034
focal,0.41215128973045245,-0.08910492999248587
focal,0.4133590436019123,-0.08999073681834768
focal,0.4145591178749035,-0.09087469989065039
focal,0.4157515447526303,-0.09175680563450828
focal,0.4169363563706444,-0.09263704062116751
focal,0.41811358479626687,-0.09351539156637573
focal,0.41928326202803134,-0.09439184532877337
focal,0.4204454199951465,-0.09526638890830857
focal,0.42160009055698083,-0.09613900944467502
focal,0.42274730550256795,-0.09700969421577216
focal,0.4238870965501298,-0.09787843063618612
focal,0.42501949534661987,-0.09874520625569405
focal,0.42614453346728554,-0.0996100087577883
focal,0.4272622424152467,-0.10047282595822138
focal,0.4283726536210951,-0.10133364580357246
focal,0.4294757984425058,-0.10219245636983193
focal,0.4305717081638704,-0.10304924586100783
focal,0.4316604139959441,-0.10390400260775001
focal,0.4327419470755068,-0.10475671506599382
focal,0.4338163384650436,-0.10560737181562346
focal,0.4348836191524364,-0.10645596155915138
focal,0.43594382005067106,-0.10730247312041763
focal,0.43699697199756204,-0.10814689544330763
focal,0.4380431057554834,-0.10898921759048397
focal,0.4390822520111216,-0.10982942874213919
focal,0.440114441375236,-0.11066751819476373
focal,0.44113970438243166,-0.11150347535992955
focal,0.4421580714909502,-0.11233728976309248
focal,0.44316957308246396,-0.11316895104240732
focal,0.44417423946188966,-0.11399844894756189
focal,0.4451721008572102,-0.11482577333862515
focal,0.44616318741930644,-0.11565091418491008
focal,0.4471475292218014,-0.11647386156385231
focal,0.44812515626091465,-0.11729460565990318
focal,0.44909609845532705,-0.1181131367634381
focal,0.4500603856460555,-0.11892944526967858
focal,0.4510180475963351,-0.11974352167762664
focal,0.45196911399151507,-0.12055535658901673
focal,0.45291361443896033,-0.12136494070727855
focal,0.45385157846796287,-0.12217226483651344
focal,0.4547830355296622,-0.12297731988048499
focal,0.45570801499697516,-0.12378009684162222
focal,0.45662654616453086,-0.1245805868200352
focal,0.4575386582486169,-0.12537878101254307
focal,0.45844438038713353,-0.12617467071171606
focal,0.4593437416395503,-0.12696824730492678
focal,0.4602367709868774,-0.1277595022734166
focal,0.4611234973316389,-0.12854842719137188
focal,0.46200394949785467,-0.12933501372501244
focal,0.46287815623102985,-0.13011925363169152
focal,0.4637461461981497,-0.13090113875900694
focal,0.4646079479876805,-0.13168066104392312
focal,0.46546359010957966,-0.1324578125119047
focal,0.46631310099530837,-0.1332325852760608
focal,0.4671565089978515,-0.13400497153629848
focal,0.4679938423917445,-0.134774963578489
focal,0.4688251293731042,-0.1355425537736426
focal,0.46965039805966613,-0.13630773457709483
focal,0.47046967649082627,-0.1370704985277007
focal,0.4712829926276884,-0.1378308382470414
focal,0.4720903743531174,-0.1385887464386386
focal,0.47289184947179563,-0.13934421588717966
focal,0.4736874457102853,-0.14009723945775132
focal,0.4744771907170955,-0.14084781009508346
focal,0.475261112062753,-0.14159592082280137
focal,0.4760392372398775,-0.1423415647426875
focal,0.4768115936632623,-0.1430847350339522
focal,0.4775782086699576,-0.1438254249525121
focal,0.47833910951935865,-0.1445636278302796
focal,0.47909432339329666,-0.14529933707445714
focal,0.47984387739613543,-0.14603254616684397
focal,0.48058779855487105,-0.1467632486631485
focal,0.4813261138192328,-0.14749143819230937
focal,0.48205885006179233,-0.1482171084558257
focal,0.4827860340780699,-0.14894025322709298
focal,0.4835076925866501,-0.1496608663507495
focal,0.4842238522292963,-0.15037894174202832
focal,0.4849345395710712,-0.1510944733861183
focal,0.48563978110045725,-0.15180745533753176
focal,0.4863396032294839,-0.15251788171948027
focal,0.48703403229385345,-0.15322574672325673
focal,0.48772309455307256,-0.1539310446076257
focal,0.488406816190586,-0.15463376969822074
focal,0.4890852233139118,-0.15533391638694738
focal,0.4897583419547794,-0.1560314791313956
focal,0.4904261980692707,-0.15672645245425598
focal,0.49108881753796335,-0.15741883094274534
focal,0.49174622616607594,-0.158108609248038
focal,0.4923984496836147,-0.15879578208470285
focal,0.4930455137455246,-0.15948034423014767
focal,0.49368744393183955,-0.16016229052407016
focal,0.49432426574783705,-0.16084161586791462
focal,0.4949560046241934,-0.1615183152243349
focal,0.49558268591714155,-0.16219238361666416
focal,0.4962043349086286,-0.16286381612838896
focal,0.49682097680648,-0.1635326079026328
focal,0.4974326367445586,-0.16419875414164087
focal,0.49803933978293174,-0.1648622501062746
focal,0.4986411109080355,-0.1655230911155101
focal,0.4992379750328422,-0.16618127254594245
focal,0.4998299569970297,-0.16683678983129602
focal,0.5004170815671514,-0.16748963846193987
focal,0.500999373436807,-0.16813981398440875
focal,0.5015768572268168,-0.16878731200093
focal,0.5021495574853942,-0.16943212816895498
focal,0.502717498688322,-0.17007425820069627
focal,0.5032807052391284,-0.17071369786266954
focal,0.5038392014692645,-0.17135044297524166
focal,0.5043930116382832,-0.17198448941218253
focal,0.5049421599340183,-0.17261583310022272
focal,0.5054866704727656,-0.17324447001861615
focal,0.5060265672994642,-0.1738703961987067
focal,0.506561874387879,-0.17449360772350125
focal,0.5070926156407836,-0.17511410072724543
focal,0.507618814890145,-0.17573187139500596
focal,0.5081404958973079,-0.17634691596225666
focal,0.508657682353181,-0.17695923071446928
focal,0.5091703978784224,-0.1775688119867087
focal,0.5096786660236277,-0.17817565616323278
focal,0.5101825102695163,-0.1787797596770968
focal,0.5106819540271209,-0.17938111900976134
focal,0.5111770206379757,-0.1799797306907066
focal,0.5116677333743056,-0.18057559129704792
focal,0.5121541154392167,-0.18116869745315856
focal,0.5126361899668854,-0.1817590458302944
focal,0.5131139800227509,-0.18234663314622418
focal,0.5135875086037052,-0.1829314561648635
focal,0.5140567986382842,-0.1835135116959109
focal,0.5145218729868613,-0.18409279659449235
focal,0.514982754441838,-0.18466930776080442
focal,0.515439465727838,-0.18524304213976595
focal,0.5158920295018993,-0.1858139967206699
focal,0.5163404683536661,-0.18638216853684075
focal,0.5167848048055844,-0.18694755466529678
focal,0.5172250613130946,-0.18751015222641332
focal,0.5176612602648248,-0.1880699583835917
focal,0.5180934239827849,-0.1886269703429312
focal,0.5185215747225611,-0.18918118535290435
focal,0.5189457346735095,-0.1897326007040363
focal,0.5193659259589507,-0.19028121372858736
focal,0.5197821706363638,-0.19082702180023875
focal,0.5201944906975813,-0.1913700223337828
focal,0.5206029080689828,-0.19191021278481518
focal,0.5210074446116897,-0.1924475906494305
focal,0.52140812212176,-0.19298215346392428
focal,0.5218049623303821,-0.1935138988044922
focal,0.5221979869040692,-0.19404282428693925
focal,0.5225872174448539,-0.19456892756638744
focal,0.5229726754904821,-0.19509220633698804
focal,0.5233543825146073,-0.19561265833163827
focal,0.5237323599269846,-0.19613028132169874
focal,0.5241066290736638,-0.19664507311671575
focal,0.5244772112371843,-0.197157031564146
focal,0.5248441276367679,-0.19766615454908376
focal,0.525207399428512,-0.19817243999399264
focal,0.5255670477055836,-0.19867588585843804
focal,0.5259230934984114,-0.19917649013882477
focal,0.5262755577748784,-0.199674250868135
focal,0.5266244614405161,-0.2001691661156726
focal,0.5269698253386943,-0.2006612339868058
focal,0.5273116702508153,-0.20115045262271725
focal,0.5276500168965039,-0.2016368202001526
focal,0.5279848859337999,-0.20212033493117493
focal,0.5283162979593494,-0.20260099506292134
focal,0.5286442735085946,-0.2030787988773599
focal,0.5289688330559646,-0.20355374469105258
focal,0.5292899970150674,-0.2040258308549182
focal,0.5296077857388762,-0.204495055753999
focal,0.5299222195199226,-0.20496141780723026
focal,0.5302333185904825,-0.20542491546721114
focal,0.5305411031227676,-0.2058855472199797
focal,0.5308455932291121,-0.20634331158478836
focal,0.5311468089621603,-0.20679820711388386
focal,0.531444770315056,-0.20725023239228813
focal,0.5317394972216276,-0.20769938603758248
focal,0.5320310095565765,-0.20814566669969392
focal,0.5323193271356615,-0.20858907306068275
focal,0.532604469715887,-0.20902960383453523
focal,0.5328864569956862,-0.20946725776695546
focal,0.5331653086151072,-0.20990203363516124
focal,0.5334410441559972,-0.21033393024768215
focal,0.5337136831421864,-0.21076294644415922
focal,0.5339832450396717,-0.2111890810951474
focal,0.534249749256799,-0.2116123331019198
focal,0.5345132151444467,-0.21203270139627434
focal,0.5347736619962074,-0.212450184940343
focal,0.5350311090485691,-0.2128647827264023
focal,0.5352855754810959,-0.21327649377668584
focal,0.5355370804166094,-0.21368531714320066
focal,0.5357856429213677,-0.2140912519075432
focal,0.5360312820052456,-0.21449429718071955
focal,0.5362740166219125,-0.21489445210296576
focal,0.5365138656690114,-0.21529171584357176
focal,0.5367508479883363,-0.21568608760070657
focal,0.5369849823660094,-0.21607756660124544
focal,0.5372162875326578,-0.21646615210059927
focal,0.5374447821635896,-0.2168518433825452
focal,0.5376704848789688,-0.2172346397590606
focal,0.5378934142439912,-0.21761454057015706
focal,0.5381135887690573,-0.2179915451837181
focal,0.5383310269099472,-0.21836565299533722
focal,0.538545747067993,-0.21873686342815896
focal,0.5387577675902513,-0.21910517593272116
focal,0.5389671067696757,-0.21947058998679908
focal,0.5391737828452872,-0.2198331050952516
focal,0.5393778140023453,-0.2201927207898689
focal,0.5395792183725179,-0.2205494366292221
focal,0.5397780140340507,-0.22090325219851464
focal,0.5399742190119362,-0.22125416710943502
focal,0.5401678512780815,-0.22160218100001233
focal,0.5403589287514761,-0.2219472935344719
focal,0.5405474692983581,-0.22228950440309414
focal,0.5407334907323815,-0.22262881332207374
focal,0.5409170108147807,-0.22296522003338176
focal,0.5410980472545365,-0.22329872430462855
focal,0.541276617708539,-0.22362932592892865
focal,0.5414527397817523,-0.22395702472476686
focal,0.5416264310273774,-0.22428182053586687
focal,0.5417977089470136,-0.2246037132310602
focal,0.5419665909908211,-0.2249227027041576
focal,0.5421330945576817,-0.22523878887382198
focal,0.5422972369953583,-0.22555197168344276
focal,0.5424590356006558,-0.22586225110101082
focal,0.5426185076195791,-0.22616962711899719
focal,0.5427756702474915,-0.22647409975423038
focal,0.5429305406292726,-0.22677566904777857
focal,0.543083135859475,-0.22707433506482966
focal,0.5432334729824798,-0.22737009789457496
focal,0.5433815689926537,-0.22766295765009503
focal,0.5435274408345021,-0.22795291446824456
focal,0.5436711054028245,-0.2282399685095408
focal,0.5438125795428672,-0.2285241199580521
focal,0.5439518800504761,-0.2288053690212889
focal,0.5440890236722492,-0.22908371593009508
focal,0.5442240271056872,-0.22935916093854158
focal,0.5443569069993448,-0.22963170432382068
focal,0.5444876799529801,-0.229901346386142
focal,0.5446163625177044,-0.230168087448631
focal,0.5447429711961298,-0.23043192785722516
focal,0.5448675224425179,-0.23069286798057692
focal,0.5449900326629264,-0.23095090820995284
focal,0.5451105182153556,-0.23120604895913704
focal,0.5452289954098941,-0.23145829066433588
focal,0.5453454805088632,-0.23170763378408155
focal,0.5454599897269621,-0.23195407879914004
focal,0.5455725392314105,-0.23219762621241796
focal,0.5456831451420917,-0.23243827654887272
focal,0.5457918235316952,-0.23267603035542156
focal,0.5458985904258569,-0.23291088820085426
focal,0.5460034618033003,-0.2331428506757448
focal,0.5461064535959768,-0.23337191839236632
focal,0.5462075816892042,-0.23359809198460568
focal,0.5463068619218054,-0.23382137210788045
focal,0.546404310086246,-0.23404175943905614
focal,0.5464999419287713,-0.2342592546763646
focal,0.5465937731495423,-0.23447385853932529
focal,0.546685819402772,-0.23468557176866506
focal,0.5467760962968591,-0.2348943951262415
focal,0.5468646193945226,-0.23510032939496533
focal,0.5469514042129353,-0.23530337537872592
focal,0.5470364662238556,-0.23550353390231699
focal,0.5471198208537602,-0.2357008058113626
focal,0.5472014834839747,-0.23589519197224645
focal,0.5472814694508038,-0.23608669327203957
focal,0.5473597940456615,-0.23627531061843177
focal,0.5474364725151991,-0.23646104493966186
focal,0.5475115200614344,-0.2366438971844511
focal,0.5475849518418779,-0.2368238683219357
focal,0.5476567829696607,-0.23700095934160176
focal,0.5477270285136591,-0.23717517125322118
focal,0.5477957034986207,-0.2373465050867874
focal,0.5478628229052884,-0.23751496189245452
focal,0.5479284016705244,-0.23768054274047462
focal,0.5479924546874325,-0.23784324872113793
focal,0.548054996805481,-0.23800308094471462
focal,0.5481160428306234,-0.238160040541395
focal,0.5481756075254202,-0.2383141286612342
focal,0.5482337056091569,-0.2384653464740938
focal,0.5482903517579653,-0.2386136951695888
focal,0.5483455606049408,-0.23875917595703233
focal,0.5483993467402603,-0.23890179006538304
focal,0.5484517247112988,-0.2390415387431919
focal,0.5485027090227461,-0.2391784232585521
focal,0.5485523141367225,-0.23931244489904874
focal,0.548600554472892,-0.23944360497170836
focal,0.5486474444085784,-0.23957190480295243
focal,0.5486929982788763,-0.23969734573854834
focal,0.5487372303767651,-0.23981992914356398
focal,0.5487801549532203,-0.23993965640232173
focal,0.5488217862173238,-0.24005652891835394
focal,0.5488621383363745,-0.24017054811435995
focal,0.5489012254359983,-0.2402817154321623
focal,0.5489390616002555,-0.2403900323326661
focal,0.5489756608717498,-0.24049550029581673
focal,0.5490110372517346,-0.24059812082056137
focal,0.5490452047002206,-0.24069789542480896
focal,0.5490781771360796,-0.24079482564539184
focal,0.5491099684371515,-0.24088891303802967
focal,0.5491405924403467,-0.24098015917729138
focal,0.5491700629417503,-0.24106856565656082
focal,0.5491983936967244,-0.24115413408800168
focal,0.5492255984200104,-0.24123686610252348
focal,0.5492516907858295,-0.2413167633497489
focal,0.5492766844279833,-0.24139382749798194
focal,0.5493005929399536,-0.24146806023417555
focal,0.549323429875001,-0.24153946326390274
focal,0.5493452087462627,-0.24160803831132577
focal,0.5493659430268504,-0.24167378711916843
focal,0.5493856461499463,-0.24173671144868752
focal,0.549404331508899,-0.24179681307964546
focal,0.5494220124573188,-0.2418540938102856
focal,0.5494387023091718,-0.24190855545730466
focal,0.5494544143388732,-0.24196019985582956
focal,0.5494691617813802,-0.24200902885939385
focal,0.549482957832284,-0.24205504433991304
focal,0.549495815647901,-0.24209824818766462
focal,0.5495077483453632,-0.24213864231126475
focal,0.5495187690027079,-0.24217622863764882
focal,0.5495288906589667,-0.24221100911205135
focal,0.5495381263142535,-0.24224298569798636
focal,0.549546488929852,-0.24227216037723048
focal,0.5495539914283025,-0.2422985351498037
focal,0.5495606466934871,-0.2423221120339542
focal,0.5495664675707159,-0.2423428930661416
focal,0.5495714668668104,-0.2423608803010221
focal,0.5495756573501873,-0.2423760758114336
focal,0.5495790517509416,-0.24238848168838284
focal,0.5495816627609282,-0.24239810004103163
focal,0.5495835030338438,-0.24240493299668525
focal,0.5495845851853067,-0.24240898270078082
focal,0.5495849217929369,-0.24241025131687688
focal,0.5495845253964351,-0.24240874102664284
focal,0.5495834084976606,-0.2424044540298504
focal,0.5495815835607093,-0.24239739254436488
focal,0.5495790630119897,-0.24238755880613716
focal,0.5495758592402995,-0.24237495506919715
focal,0.5495719845968998,-0.2423595836056473
focal,0.5495674513955905,-0.24234144670565672
focal,0.5495622719127831,-0.2423205466774564
focal,0.5495564583875737,-0.24229688584733539
focal,0.5495500230218155,-0.24227046655963708
focal,0.5495429779801895,-0.24224129117675647
focal,0.549535335390275,-0.2422093620791378
focal,0.5495271073426198,-0.24217468166527373
focal,0.5495183058908087,-0.24213725235170402
focal,0.5495089430515321,-0.24209707657301655
focal,0.5494990308046527,-0.24205415678184689
focal,0.549488581093273,-0.24200849544887976
focal,0.5494776058238006,-0.2419600950628525
focal,0.5494661168660131,-0.24190895813055574
focal,0.5494541260531233,-0.24185508717683868
focal,0.5494416451818416,-0.24179848474461174
focal,0.5494286860124394,-0.24173915339485247
focal,0.5494152602688113,-0.2416770957066096
focal,0.5494013796385353,-0.2416123142770112
focal,0.5493870557729342,-0.2415448117212689
focal,0.5493723002871349,-0.24147459067268695
focal,0.5493571247601272,-0.24140165378267048
focal,0.5493415407348217,-0.2413260037207326
focal,0.5493255597181071,-0.24124764317450542
focal,0.5493091931809078,-0.24116657484974907
focal,0.5492924525582372,-0.24108280147036254
focal,0.5492753492492555,-0.2409963257783953
focal,0.5492578946173217,-0.24090715053405892
focal,0.549240099990048,-0.24081527851573958
focal,0.549221976659352,-0.2407207125200112
focal,0.5492035358815089,-0.24062345536164997
focal,0.549184788877202,-0.24052350987364723
focal,0.5491657468315732,-0.24042087890722674
focal,0.5491464208942723,-0.24031556533185816
focal,0.5491268221795059,-0.24020757203527515
focal,0.5491069617660852,-0.24009690192349098
focal,0.5490868506974727,-0.23998355792081671
focal,0.5490664999818285,-0.23986754296987967
focal,0.5490459205920567,-0.23974886003164114
focal,0.5490251234658491,-0.23962751208541722
focal,0.549004119505729,-0.23950350212889737
focal,0.5489829195790954,-0.23937683317816616
focal,0.5489615345182639,-0.23924750826772356
focal,0.5489399751205094,-0.23911553045050732
focal,0.5489182521481063,-0.23898090279791512
focal,0.5488963763283681,-0.23884362839982737
focal,0.548874358353687,-0.23870371036463128
focal,0.5488522088815725,-0.2385611518192447
focal,0.5488299385346878,-0.23841595590914116
focal,0.5488075579008878,-0.23826812579837442
focal,0.5487850775332538,-0.23811766466960543
focal,0.5487625079501298,-0.23796457572412805
focal,0.5487398596351561,-0.23780886218189673
focal,0.5487171430373027,-0.23765052728155373
focal,0.5486943685709025,-0.23748957428045742
focal,0.5486715466156827,-0.2373260064547113
focal,0.5486486875167962,-0.23715982709919337
focal,0.5486258015848519,-0.23699103952758566
focal,0.5486028990959436,-0.23681964707240533
focal,0.5485799902916799,-0.2366456530850356
focal,0.5485570853792102,-0.23646906093575693
focal,0.5485341945312536,-0.23628987401377993
focal,0.5485113278861239,-0.23610809572727737
focal,0.5484884955477551,-0.23592372950341822
focal,0.548465707585727,-0.23573677878840132
focal,0.5484429740352874,-0.23554724704748953
focal,0.5484203048973761,-0.23535513776504463
focal,0.5483977101386472,-0.2351604544445639
focal,0.5483751996914896,-0.23496320060871445
focal,0.5483527834540477,-0.23476337979937173
focal,0.5483304712902416,-0.23456099557765503
focal,0.5483082730297854,-0.23435605152396644
focal,0.5482861984682053,-0.2341485512380283
focal,0.548264257366857,-0.23393849833892244
focal,0.5482424594529421,-0.23372589646512937
focal,0.5482208144195231,-0.23351074927456805
focal,0.5481993319255385,-0.2332930604446366
focal,0.5481780215958169,-0.2330728336722524
focal,0.5481568930210894,-0.23285007267389457
focal,0.5481359557580027,-0.23262478118564567
focal,0.5481152193291292,-0.2323969629632332
focal,0.5480946932229789,-0.2321666217820743
focal,0.5480743868940081,-0.23193376143731775
focal,0.5480543097626288,-0.23169838574388946
focal,0.5480344712152164,-0.2314604985365355
focal,0.5480148806041172,-0.23122010366986856
focal,0.5479955472476542,-0.23097720501841257
focal,0.5479764804301335,-0.23073180647664948
focal,0.5479576894018475,-0.2304839119590656
focal,0.5479391833790805,-0.23023352540019892
focal,0.5479209715441102,-0.22998065075468638
focal,0.5479030630452103,-0.2297252919973123
focal,0.5478854669966519,-0.22946745312305727
focal,0.5478681924787037,-0.22920713814714655
focal,0.5478512485376316,-0.22894435110510064
focal,0.5478346441856974,-0.22867909605278486
focal,0.5478183884011566,-0.2284113770664597
focal,0.5478024901282554,-0.22814119824283285
focal,0.5477869582772267,-0.2278685636991104
focal,0.5477718017242855,-0.22759347757304854
focal,0.5477570293116234,-0.22731594402300687
focal,0.5477426498474016,-0.2270359672280008
focal,0.5477286721057443,-0.22675355138775588
focal,0.5477151048267299,-0.2264687007227611
focal,0.5477019567163819,-0.22618141947432402
focal,0.5476892364466599,-0.22589171190462554
focal,0.5476769526554471,-0.22559958229677562
focal,0.5476651139465404,-0.22530503495486848
focal,0.5476537288896366,-0.22500807420404018
focal,0.5476428060203196,-0.22470870439052476
focal,0.5476323538400454,-0.22440692988171168
focal,0.5476223808161279,-0.22410275506620403
focal,0.547612895381722,-0.22379618435387671
focal,0.5476039059358067,-0.22348722217593497
focal,0.5475954208431678,-0.22317587298497382
focal,0.5475874484343787,-0.22286214125503812
focal,0.5475799970057809,-0.222546031481682
focal,0.5475730748194634,-0.2222275481820295
focal,0.5475666901032417,-0.22190669589483691
focal,0.5475608510506346,-0.22158347918055277
focal,0.5475555658208421,-0.22125790262138073
focal,0.5475508425387208,-0.2209299708213412
focal,0.5475466892947588,-0.22059968840633526
focal,0.5475431141450499,-0.2202670600242072
focal,0.547540125111267,-0.21993209034480843
focal,0.5475377301806343,-0.21959478406006205
focal,0.5475359373058987,-0.21925514588402656
focal,0.5475347544053002,-0.21891318055296238
focal,0.5475341893625416,-0.21856889282539588
focal,0.5475342500267576,-0.2182222874821862
focal,0.5475349442124817,-0.2178733693265914
focal,0.5475362796996137,-0.21752214318433527
focal,0.5475382642333855,-0.2171686139036743
focal,0.5475409055243262,-0.21681278635546564
focal,0.5475442112482259,-0.21645466543323527
focal,0.5475481890460996,-0.21609425605324595
focal,0.5475528465241484,-0.21573156315456676
focal,0.5475581912537218,-0.21536659169914169
focal,0.5475642307712779,-0.21499934667186038
focal,0.5475709725783424,-0.214629833080627
focal,0.547578424141468,-0.21425805595643171
focal,0.5475865928921909,-0.2138840203534218
focal,0.5475954862269891,-0.21350773134897177
focal,0.5476051115072363,-0.21312919404375674
focal,0.5476154760591586,-0.21274841356182317
focal,0.5476265871737866,-0.2123653950506626
focal,0.54763845210691,-0.21198014368128337
focal,0.5476510780790281,-0.21159266464828508
focal,0.5476644722753025,-0.21120296316993187
focal,0.5476786418455055,-0.21081104448822652
focal,0.5476935939039707,-0.2104169138689846
focal,0.5477093355295403,-0.2100205766019101
focal,0.547725873765513,-0.2096220380006702
focal,0.5477432156195898,-0.20922130340297113
focal,0.54776136806382,-0.20881837817063353
focal,0.5477803380345448,-0.20841326768967033
focal,0.5478001324323415,-0.20800597737036142
focal,0.5478207581219655,-0.20759651264733292
focal,0.5478422219322923,-0.2071848789796329
focal,0.5478645306562575,-0.2067710818508106
focal,0.5478876910507968,-0.2063551267689933
focal,0.5479117098367848,-0.20593701926696645
focal,0.5479365936989722,-0.20551676490225085
focal,0.5479623492859225,-0.20509436925718322
focal,0.5479889832099482,-0.20466983793899557
focal,0.5480165020470454,-0.20424317657989444
focal,0.5480449123368273,-0.2038143908371423
focal,0.5480742205824571,-0.20338348639313697
focal,0.5481044332505801,-0.2029504689554943
focal,0.548135556771254,-0.20251534425712703
focal,0.5481675975378794,-0.20207811805632853
focal,0.548200561907128,-0.20163879613685426
focal,0.548234456198871,-0.20119738430800332
focal,0.5482692866961058,-0.2007538884047021
focal,0.5483050596448819,-0.20030831428758605
focal,0.5483417812542256,-0.19986066784308415
focal,0.5483794576960643,-0.19941095498350153
focal,0.5484180951051493,-0.19895918164710324
focal,0.5484576995789773,-0.1985053537982
focal,0.5484982771777118,-0.19804947742722984
focal,0.548539833924103,-0.19759155855084615
focal,0.5485823758034066,-0.19713160321199974
focal,0.5486259087633012,-0.19666961748002665
focal,0.5486704387138063,-0.19620560745073157
focal,0.5487159715271972,-0.19573957924647578
focal,0.5487625130379202,-0.19527153901626182
focal,0.5488100690425067,-0.19480149293582072
focal,0.5488586452994859,-0.19432944720769885
focal,0.5489082475292963,-0.19385540806134388
focal,0.5489588814141972,-0.19337938175319397
focal,0.5490105525981777,-0.19290137456676315
focal,0.5490632666868662,-0.19242139281273085
focal,0.549117029247438,-0.19193944282902914
focal,0.5491718458085214,-0.19145553098093065
focal,0.5492277218601044,-0.19096966366113838
focal,0.5492846628534386,-0.19048184728987322
focal,0.5493426742009432,-0.18999208831496384
focal,0.5494017612761076,-0.18950039321193518
focal,0.5494619294133932,-0.18900676848409903
focal,0.5495231839081333,-0.18851122066264236
focal,0.5495855300164332,-0.18801375630671868
focal,0.5496489729550684,-0.18751438200353737
focal,0.5497135179013828,-0.18701310436845392
focal,0.5497791699931837,-0.18650993004506145
focal,0.5498459343286384,-0.18600486570527974
focal,0.5499138159661681,-0.18549791804944848
focal,0.5499828199243408,-0.18498909380641715
focal,0.5500529511817646,-0.18447839973363578
focal,0.5501242146769775,-0.18396584261724802
focal,0.5501966153083387,-0.18345142927218194
focal,0.5502701579339171,-0.18293516654224218
focal,0.5503448473713795,-0.18241706130020208
focal,0.5504206883978775,-0.18189712044789536
focal,0.5504976857499336,-0.18137535091630969
focal,0.5505758441233264,-0.1808517596656784
focal,0.5506551681729733,-0.1803263536855732
focal,0.5507356625128146,-0.17979913999499741
focal,0.5508173317156942,-0.1792701256424794
focal,0.5509001803132413,-0.17873931770616397
focal,0.5509842127957488,-0.1782067232939079
focal,0.5510694336120526,-0.1776723495433718
focal,0.5511558471694092,-0.1771362036221143
focal,0.5512434578333713,-0.17659829272768524
focal,0.5513322699276639,-0.17605862408772005
focal,0.5514222877340584,-0.1755172049600331
focal,0.5515135154922457,-0.17497404263271205
focal,0.5516059573997083,-0.17442914442421098
focal,0.5516996176115916,-0.17388251768344576
focal,0.5517945002405734,-0.1733341697898882
focal,0.5518906093567338,-0.1727841081536584
focal,0.551987948987422,-0.17223234021562184
focal,0.5520865231171239,-0.17167887344748195
focal,0.5521863356873271,-0.17112371535187476
focal,0.5522873905963863,-0.17056687346246502
focal,0.5523896916993865,-0.17000835534403824
focal,0.552493242808005,-0.16944816859259748
focal,0.5525980476903742,-0.16888632083545668
focal,0.5527041100709406,-0.16832281973133556
focal,0.5528114336303244,-0.16775767297045535
focal,0.5529200220051782,-0.16719088827463174
focal,0.5530298787880439,-0.1666224733973709
focal,0.5531410075272082,-0.1660524361239638
focal,0.5532534117265584,-0.16548078427158058
focal,0.5533670948454356,-0.16490752568936595
focal,0.5534820602984882,-0.164332668258533
focal,0.553598311455523,-0.16375621989245837
focal,0.5537158516413558,-0.16317818853677618
focal,0.5538346841356622,-0.16259858216947398
focal,0.5539548121728239,-0.1620174088009858
focal,0.5540762389417787,-0.16143467647428694
focal,0.5541989675858645,-0.1608503932649888
focal,0.5543230012026663,-0.16026456728143285
focal,0.5544483428438591,-0.15967720666478452
focal,0.5545749955150522,-0.15908831958912784
focal,0.5547029621756302,-0.1584979142615593
focal,0.5548322457385944,-0.15790599892228202
focal,0.5549628490704027,-0.15731258184469887
focal,0.5550947749908085,-0.1567176713355063
focal,0.5552280262726981,-0.15612127573478884
focal,0.5553626056419274,-0.15552340341611143
focal,0.5554985157771577,-0.1549240627866127
focal,0.5556357593096901,-0.15432326228709936
focal,0.5557743388232989,-0.15372101039213704
focal,0.5559142568540635,-0.15311731561014547
focal,0.5560555158902007,-0.1525121864834894
focal,0.556198118371894,-0.15190563158857096
focal,0.5563420666911231,-0.15129765953592317
focal,0.5564873631914917,-0.15068827897030052
focal,0.5566340101680549,-0.15007749857077224
focal,0.556782009867145,-0.14946532705081206
focal,0.5569313644861957,-0.14885177315839127
focal,0.5570820761735673,-0.14823684567606848
focal,0.5572341470283679,-0.14762055342108132
focal,0.557387579100276,-0.14700290524543674
focal,0.5575423743893609,-0.1463839100360006
focal,0.5576985348459023,-0.14576357671458956
focal,0.5578560623702082,-0.1451419142380581
focal,0.5580149588124337,-0.14451893159839074
focal,0.5581752259723958,-0.14389463782278883
focal,0.5583368655993894,-0.14326904197376067
focal,0.5584998793920022,-0.14264215314920953
focal,0.558664268997927,-0.14201398048252173
focal,0.5588300360137742,-0.14138453314265464
focal,0.5589971819848831,-0.14075382033422368
focal,0.5591657084051317,-0.14012185129758942
focal,0.5593356167167461,-0.13948863530894445
focal,0.5595069083101083,-0.13885418168039976
focal,0.5596795845235633,-0.13821849976006928
focal,0.5598536466432247,-0.13758159893215716
focal,0.5600290959027804,-0.13694348861704125
focal,0.5602059334832956,-0.13630417827135877
focal,0.5603841605130163,-0.13566367738808877
focal,0.5605637780671711,-0.13502199549663724
focal,0.5607447871677713,-0.1343791421629203
focal,0.5609271887834123,-0.13373512698944495
focal,0.5611109838290707,-0.13308995961539355
focal,0.561296173165903,-0.13244364971670347
focal,0.5614827576010423,-0.13179620700614997
focal,0.5616707378873941,-0.13114764123342532
focal,0.5618601147234311,-0.13049796218521903
focal,0.562050888752987,-0.1298471796852982
focal,0.5622430605650491,-0.12919530359458548
focal,0.5624366306935507,-0.12854234381123747
focal,0.5626315996171612,-0.12788831027072256
focal,0.5628279677590768,-0.127233212945898
focal,0.5630257354868089,-0.12657706184708645
focal,0.5632249031119719,-0.12591986702215113
focal,0.563425470890071,-0.12526163855657163
focal,0.563627439020287,-0.12460238657351813
focal,0.5638308076452625,-0.12394212123392534
focal,0.5640355768508856,-0.12328085273656475
focal,0.5642417466660724,-0.12261859131811859
focal,0.5644493170625507,-0.12195534725324991
focal,0.5646582879546402,-0.12129113085467386
focal,0.564868659199033,-0.12062595247322888
focal,0.5650804305945732,-0.11995982249794446
focal,0.5652936018820357,-0.11929275135611145
focal,0.5655081727439033,-0.11862474951334784
focal,0.565724142804144,-0.117955827473668
focal,0.5659415116279864,-0.1172859957795469
focal,0.5661602787216946,-0.11661526501198671
focal,0.5663804435323428,-0.11594364579058042
focal,0.5666020054475877,-0.11527114877357619
focal,0.5668249637954412,-0.11459778465793974
focal,0.5670493178440421,-0.11392356417941552
focal,0.567275066801426,-0.1132484981125888
focal,0.5675022098152958,-0.11257259727094437
focal,0.5677307459727894,-0.11189587250692629
focal,0.5679606743002492,-0.11121833471199588
focal,0.5681919937629883,-0.11053999481668819
focal,0.5684247032650571,-0.10986086379066906
focal,0.5686588016490088,-0.10918095264278876
focal,0.5688942876956644,-0.10850027242113713
focal,0.5691311601238765,-0.10781883421309602
focal,0.5693694175902924,-0.10713664914539078
focal,0.5696090586891164,-0.10645372838414208
focal,0.5698500819518718,-0.10577008313491398
focal,0.5700924858471612,-0.10508572464276444
focal,0.5703362687804272,-0.10440066419229038
focal,0.570581429093711,-0.10371491310767661
focal,0.5708279650654116,-0.10302848275273829
focal,0.5710758749100432,-0.10234138453096653
focal,0.571325156777993,-0.10165362988557014
focal,0.5715758087552769,-0.10096523029951748
focal,0.5718278288632956,-0.10027619729557696
focal,0.5720812150585897,-0.09958654243635451
focal,0.5723359652325934,-0.09889627732433304
focal,0.5725920772113899,-0.09820541360190715
focal,0.5728495487554621,-0.09751396295141962
focal,0.573108377559447,-0.09682193709519332
focal,0.573368561251886,-0.0961293477955652
focal,0.573630097394977,-0.0954362068549156
focal,0.5738929834843243,-0.09474252611569894
focal,0.5741572169486893,-0.09404831746047121
focal,0.5744227951497384,-0.0933535928119163
focal,0.5746897153817933,-0.09265836413287193
focal,0.5749579748715781,-0.09196264342635246
focal,0.5752275707779675,-0.09126644273557116
focal,0.5754985001917334,-0.09056977414396189
focal,0.5757707601352918,-0.08987264977519621
focal,0.5760443475624487,-0.0891750817932031
focal,0.5763192593581454,-0.08847708240218244
focal,0.5765954923382043,-0.08777866384662153
focal,0.5768730432490722,-0.08707983841130573
focal,0.5771519087675653,-0.08638061842133204
focal,0.5774320855006126,-0.08568101624211516
focal,0.5777135699849991,-0.08498104427939762
focal,0.5779963586871089,-0.08428071497925443
focal,0.5782804480026664,-0.08358004082809783
focal,0.57856583425648,-0.0828790343526789
focal,0.5788525137021822,-0.08217770812008929
focal,0.5791404825219717,-0.08147607473775875
focal,0.579429736826354,-0.0807741468534523
focal,0.579720272653882,-0.08007193715526628
focal,0.5800120859708965,-0.07936945837162007
focal,0.5803051726712652,-0.07866672327124896
focal,0.5805995285761241,-0.07796374466319117
focal,0.5808951494336148,-0.0772605353967778
focal,0.5811920309186255,-0.0765571083616165
focal,0.5814901686325289,-0.07585347648757518
focal,0.5817895581029211,-0.07514965274476393
focal,0.5820901947833602,-0.07444565014351373
focal,0.5823920740531047,-0.07374148173435358
focal,0.5826951912168514,-0.07303716060798637
focal,0.5829995415044738,-0.07233269989526064
focal,0.5833051200707596,-0.07162811276714315
focal,0.5836119219951492,-0.07092341243468514
focal,0.5839199422814725,-0.07021861214899083
focal,0.5842291758576867,-0.06951372520118126
focal,0.5845396175756152,-0.06880876492235488
focal,0.5848512622106832,-0.06810374468354902
focal,0.5851641044616568,-0.06739867789569559
focal,0.5854781389503799,-0.06669357800957776
focal,0.5857933602215117,-0.06598845851578122
focal,0.5861097627422651,-0.06528333294464506
focal,0.5864273409021441,-0.0645782148662088
focal,0.5867460890126804,-0.06387311789015993
focal,0.5870660013071741,-0.06316805566577383
focal,0.587387071940429,-0.06246304188185686
focal,0.5877092949884928,-0.06175809026668244
focal,0.5880326644483944,-0.061053214587927174
focal,0.5883571742378836,-0.060348428652603925
focal,0.5886828181951688,-0.05964374630699071
focal,0.5890095900786572,-0.05893918143655946
focal,0.589337483566694,-0.05823474796590056
focal,0.5896664922573018,-0.057530459858644134
focal,0.5899966096679208,-0.05682633111738111
focal,0.5903278292351495,-0.05612237578357798
focal,0.5906601443144852,-0.05541860793749198
focal,0.5909935481800656,-0.05471504169808161
focal,0.5913280340244096,-0.05401169122291538
focal,0.5916635949581608,-0.0533085707080761
focal,0.5920002240098285,-0.052605694388064506
focal,0.5923379141255319,-0.05190307653569837
focal,0.5926766581687437,-0.05120073146200782
focal,0.593016448920033,-0.0504986735161318
focal,0.593357279076812,-0.04979691708520528
focal,0.5936991412530797,-0.04909547659424862
focal,0.5940420279791689,-0.04839436650605228
focal,0.5943859317014928,-0.047693601321056656
focal,0.5947308447822917,-0.046993195577231583
focal,0.595076759499382,-0.046293163849950136
focal,0.5954236680459047,-0.04559352075186163
focal,0.5957715625300752,-0.0448942809327591
focal,0.5961204349749336,-0.04419545907944494
focal,0.5964702773180961,-0.04349706991559321
focal,0.5968210814115072,-0.04279912820160736
focal,0.5971728390211932,-0.04210164873447675
focal,0.597525541827016,-0.04140464634762697
focal,0.597879181422428,-0.040708135910769716
focal,0.598233749314228,-0.0400121323297471
focal,0.5985892369223194,-0.039316650546372345
focal,0.5989456355794667,-0.0386217055382696
focal,0.599302936531056,-0.03792731231870672
focal,0.5996611309348551,-0.03723348593642711
focal,0.600020209860775,-0.036540241475475244
focal,0.6003801642906325,-0.035847594055022525
focal,0.6007409851179144,-0.03515555882918514
focal,0.6011026631475429,-0.03446415098684158
focal,0.6014651890956421,-0.03377338575144362
focal,0.6018285535893055,-0.03308327838082592
focal,0.6021927471663664,-0.03239384416701069
focal,0.6025577602751669,-0.031705098436007495
focal,0.6029235832743323,-0.03101705654761172
focal,0.6032902064325425,-0.030329733895196498
focal,0.6036576199283091,-0.02964314590550232
focal,0.6040258138497507,-0.028957308038422114
focal,0.6043947781943722,-0.02827223578678162
focal,0.6047645028688442,-0.027587944676117693
focal,0.6051349776887851,-0.026904450264450097
focal,0.6055061923785444,-0.02622176814205035
focal,0.6058781365709873,-0.025539913931207248
focal,0.6062507998072824,-0.02485890328598639
focal,0.6066241715366898,-0.024178751891986483
focal,0.6069982411163526,-0.02349947546609077
focal,0.6073729978110884,-0.022821089756216106
focal,0.6077484307931842,-0.022143610541054848
focal,0.6081245291421935,-0.02146705362981427
focal,0.608501281844734,-0.020791434861950564
focal,0.6088786777942885,-0.020116770106899717
focal,0.609256705791008,-0.019443075263801624
focal,0.6096353545415162,-0.01877036626122275
focal,0.6100146126587166,-0.01809865905687147
focal,0.6103944686616024,-0.01742796963731008
focal,0.6107749109750673,-0.016758314017662923
focal,0.6111559279297205,-0.016089708241316836
focal,0.611537507761702,-0.015422168379621959
focal,0.6119196386125032,-0.014755710531582422
focal,0.6123023085287855,-0.014090350823546038
focal,0.6126855054622071,-0.013426105408887334
focal,0.6130692172692475,-0.012762990467686475
focal,0.6134534317110365,-0.01210102220640319
focal,0.6138381364531871,-0.011440216857546037
focal,0.614223319065629,-0.010780590679335345
focal,0.6146089670224458,-0.010122159955363363
focal,0.6149950677017155,-0.009464940994247772
focal,0.6153816083853525,-0.008808950129280624
focal,0.6157685762589539,-0.008154203718071962
focal,0.6161559584116476,-0.007500718142189999
focal,0.6165437418359454,-0.006848509806792302
focal,0.6169319134275955,-0.006197595140255974
focal,0.617320459985442,-0.005547990593800511
focal,0.6177093682112857,-0.004899712641104892
focal,0.6180986247097473,-0.004252777777921213
focal,0.6184882159881362,-0.0036072025216806747
focal,0.6188781284563196,-0.0029630034110972314
focal,0.6192683484265982,-0.002320197005761915
focal,0.6196588621135832,-0.0016787998857350495
focal,0.6200496556340764,-0.0010388286511316958
focal,0.6204407150069562,-0.0004002999217016523
focal,0.620832026153064,0.00023676966359653662
focal,0.6212235748950972,0.0008723634470263475
focal,0.6216153469575041,0.0015064647525104835
focal,0.6220073279663831,0.0021390568860731873
focal,0.6223995034493852,0.002770123136287439
focal,0.6227918588356212,0.0033996467747308134
focal,0.6231843794555723,0.0040276110564432255
focal,0.6235770505410045,0.0046539992203936675
focal,0.6239698572248871,0.005278794489950722
focal,0.6243627845413156,0.005901980073359958
focal,0.6247558174254383,0.00652353916422721
focal,0.6251489407133877,0.007143454942007521
focal,0.6255421391422155,0.007761710572500413
focal,0.6259353973498315,0.008378289208349265
focal,0.6263286998749489,0.008993173989551462
focal,0.6267220311570308,0.009606348043968316
focal,0.6271153755362449,0.010217794487846099
focal,0.6275087172534188,0.010827496426341732
focal,0.627902040450004,0.011435436954052691
focal,0.6282953291680409,0.012041599155556582
focal,0.6286885673501302,0.012645966105953699
focal,0.6290817388394103,0.013248520871419034
focal,0.6294748273795365,0.013849246509756719
focal,0.6298678166146678,0.01444812607096524
focal,0.6302606900894576,0.015045142597805539
focal,0.6306534312490488,0.015640279126376222
focal,0.631046023439076,0.0162335186866982
focal,0.6314384499056698,0.0168248443033
focal,0.6318306937954694,0.01741423899581629
focal,0.6322227381556385,0.01800168577958705
focal,0.6326145659338871,0.0185871676662675
focal,0.6330061599784996,0.01917066766444242
focal,0.6333975030383658,0.019752168780247492
focal,0.6337885777630211,0.02033165401799819
focal,0.6341793667026887,0.020909106380823772
focal,0.6345698523083302,0.021484508871310315
focal,0.6349600169317005,0.022057844492147316
focal,0.6353498428254081,0.022629096246784497
focal,0.6357393121429832,0.023198247140092665
focal,0.6361284069389501,0.02376528017903351
focal,0.6365171091689052,0.024330178373334177
focal,0.6369054006896028,0.024892924736171662
focal,0.6372932632590456,0.025453502284859708
focal,0.6376806785365821,0.026011894041548467
focal,0.6380676280830093,0.026568083033924605
focal,0.6384540933606841,0.027122052295925347
focal,0.638840055733637,0.027673784868452456
focal,0.6392254964676974,0.028223263800100318
focal,0.63961039673062,0.028770472147884474
focal,0.6399947375922229,0.029315392977982524
focal,0.640378500024528,0.029858009366478866
focal,0.6407616649019119,0.030398304400119314
focal,0.6411442130012602,0.03093626117706938
focal,0.6415261250021317,0.03147186280768316
focal,0.6419073814869267,0.032005092415277714
focal,0.6422879629410652,0.03253593313691555
focal,0.6426678497531695,0.0330643681241925
focal,0.6430470222152556,0.03359038054403618
focal,0.6434254605229319,0.034113953579508804
focal,0.6438031447756039,0.03463507043061831
focal,0.6441800549766873,0.035153714315137974
focal,0.6445561710338285,0.03566986846943154
focal,0.6449314727591318,0.036183516149287
focal,0.6453059398693954,0.03669464063075778
focal,0.6456795519863543,0.037203225211010604
focal,0.64605228863693,0.03770925320918134
focal,0.6464241292534905,0.03821270796723908
focal,0.6467950531741151,0.03871357285085558
focal,0.6471650396428701,0.039211831250285045
focal,0.64753406781009,0.03970746658124874
focal,0.6479021167326683,0.04020046228582952
focal,0.6482691653743555,0.04069080183337148
focal,0.6486351926060663,0.04117846872139047
focal,0.6490001772061944,0.04166344647648801
focal,0.6493640978609355,0.04214571865527711
focal,0.6497269331646194,0.042625268845312037
focal,0.6500886616200499,0.043102080666028886
focal,0.6504492616388539,0.04357613776969116
focal,0.6508087115418386,0.044047423842344446
focal,0.6511669895593573,0.044515922604778546
focal,0.6515240738316854,0.04498161781349791
focal,0.6518799424094031,0.045444493261697416
focal,0.6522345732537882,0.04590453278024953
focal,0.6525879442372187,0.04636172023869517
focal,0.6529400331435821,0.04681603954624597
focal,0.6532908176686969,0.04726747465279135
focal,0.6536402754207402,0.04771600954991534
focal,0.6539883839206873,0.04816162827191989
focal,0.6543351206027587,0.048604314896857015
focal,0.654680462814877,0.04904405354756658
focal,0.6550243878191351,0.049480828392725607
focal,0.6553668727922705,0.049914623647900946
focal,0.6557078948261519,0.05034542357661287
focal,0.6560474309282751,0.050773212491404984
focal,0.6563854580222686,0.051197974754922826
focal,0.656721952948407,0.05161969478099887
focal,0.6570568924641382,0.05203835703574666
focal,0.6573902532446175,0.05245394603866205
focal,0.6577220118832525,0.05286644636373228
focal,0.6580521448922592,0.05327584264055241
focal,0.658380628703226,0.05368211955545055
focal,0.6587074396676911,0.05408526185261969
focal,0.6590325540577275,0.05448525433525825
focal,0.6593559480665396,0.05488208186671689
focal,0.6596775978090708,0.055275729371656035
focal,0.6599974793226193,0.05566618183720651
focal,0.660315568567468,0.05605342431414251
focal,0.6606318414275222,0.05643744191805966
focal,0.660946273710959,0.0568182198305604
focal,0.6612588411508884,0.057195743300450075
focal,0.6615695194060238,0.05756999764493714
focal,0.6618782840613637,0.05794096825084227
focal,0.6621851106288853,0.058308640575816195
focal,0.6624899745482493,0.058673000149564336
focal,0.6627928511875136,0.05903403257507839
focal,0.6630937158438615,0.05939172352987704
focal,0.6633925437443382,0.05974605876725253
focal,0.6636893100466004,0.06009702411752588
focal,0.6639839898396769,0.060444605489309966
focal,0.6642765581447403,0.06078878887077882
focal,0.6645669899158909,0.061129560330945854
focal,0.664855260040951,0.061466906020948286
focal,0.665141343342272,0.06180081217534006
focal,0.6654252145775534,0.06213126511339162
focal,0.6657068484406721,0.062458251240397555
focal,0.6659862195625245,0.0627817570489908
focal,0.6662633025118812,0.06310176912046539
focal,0.6665380717962524,0.06341827412610579
focal,0.666810501862765,0.06373125882852293
focal,0.6670805670990542,0.06404071008299927
focal,0.6673482418341639,0.06434661483883958
focal,0.6676135003394624,0.06464896014072996
focal,0.667876316829568,0.06494773313010244
focal,0.6681366654632879,0.06524292104650936
focal,0.6683945203445704,0.06553451122900256
focal,0.6686498555234665,0.06582249111751987
focal,0.6689026449971082,0.06610684825428126
focal,0.669152862710696,0.06638757028518816
focal,0.6694004825585,0.06666464496123259
focal,0.6696454783848741,0.06693806013991205
focal,0.6698878239852823,0.06720780378665159
focal,0.6701274931073384,0.06747386397623273
focal,0.6703644594518574,0.06773622889422976
focal,0.6705986966739216,0.06799488683845162
focal,0.6708301783839568,0.06824982622039166
focal,0.6710588781488243,0.06850103556668352
focal,0.6712847694929246,0.06874850352056422
focal,0.671507825899314,0.06899221884334328
focal,0.6717280208108342,0.06923217041587826
focal,0.6719453276312563,0.06946834724005807
focal,0.6721597197264361,0.06970073844029134
focal,0.6723711704254847,0.06992933326500211
focal,0.6725796530219503,0.07015412108813157
focal,0.6727851407750152,0.07037509141064613
focal,0.6729876069107055,0.07059223386205243
focal,0.6731870246231128,0.07080553820191732
focal,0.6733833670756324,0.07101499432139502
focal,0.673576607402212,0.07122059224476018
focal,0.6737667187086162,0.07142232213094768
focal,0.6739536740737029,0.07162017427509654
focal,0.6741374465507151,0.07181413911010226
focal,0.6743180091685839,0.07200420720817297
focal,0.674495334933249,0.07219036928239397
focal,0.6746693968289883,0.07237261618829438
focal,0.6748401678197655,0.07255093892542336
focal,0.6750076208505889,0.07272532863892983
focal,0.6751717288488858,0.07289577662114843
focal,0.6753324647258887,0.07306227431319057
focal,0.6754898013780384,0.07322481330654257
focal,0.6756437116883985,0.0733833853446676
focal,0.675794168528085,0.07353798232461267
focal,0.6759411447577103,0.07368859629862373
focal,0.676084613228841,0.07383521947576294
focal,0.6762245467854687,0.07397784422353282
focal,0.676360918265498,0.0741164630695052
focal,0.6764937005022453,0.07425106870295545
focal,0.6766228663259536,0.0743816539765011
focal,0.6767483885653222,0.07450821190774704
focal,0.6768702400490485,0.07463073568093287
focal,0.6769883936073873,0.07474921864858858
focal,0.6771028220737209,0.0748636543331912
focal,0.677213498286147,0.07497403642883027
focal,0.6773203950890786,0.07508035880287417
focal,0.6774234853348593,0.07518261549764338
focal,0.6775227418853943,0.07528080073208793
focal,0.6776181376137927,0.07537490890346837
focal,0.6777096454060292,0.07546493458904274
focal,0.6777972381626152,0.07555087254775544
focal,0.677880888800288,0.07563271772193308
focal,0.6779605702537144,0.07571046523898284
focal,0.6780362554772075,0.07578411041309518
focal,0.6781079174464593,0.07585364874695172
focal,0.6781755291602881,0.07591907593343505
focal,0.6782390636424003,0.07598038785734462
focal,0.6782984939431675,0.07603758059711563
focal,0.6783537931414174,0.07609065042654056
focal,0.6784049343462417,0.07613959381649738
focal,0.6784518906988167,0.07618440743667798
focal,0.6784946353742403,0.0762250881573232
focal,0.6785331415833831,0.07626163305095945
focal,0.6785673825747557,0.07629403939413965
focal,0.6785973316363897,0.07632230466918766
focal,0.6786229620977353,0.07634642656594604
focal,0.6786442473315725,0.07636640298352654
focal,0.6786611607559382,0.07638223203206479
focal,0.6786736758360699,0.07639391203447815
focal,0.6786817660863619,0.0764014415282252
focal,0.6786854050723387,0.07640481926707066
focal,0.6786845664126441,0.0764040442228518
focal,0.6786792237810437,0.07639911558724766
focal,0.6786693509084454,0.07639003277355261
focal,0.678654921584933,0.07637679541845155
focal,0.6786359096618172,0.07635940338379837
focal,0.678612289053701,0.07633785675839744
focal,0.6785840337405616,0.07631215585978779
focal,0.6785511177698469,0.07628230123602903
focal,0.6785135152585889,0.07624829366749164
focal,0.6784712003955329,0.07621013416864908
focal,0.6784241474432808,0.07616782398987132
focal,0.6783723307404532,0.07612136461922347
focal,0.6783157247038646,0.07607075778426475
focal,0.6782543038307172,0.07601600545385051
focal,0.6781880427008082,0.07595710983993748
focal,0.6781169159787568,0.07589407339939075
focal,0.6780408984162436,0.07582689883579302
focal,0.677959964854269,0.07575558910125674
focal,0.677874090225428,0.07568014739823897
focal,0.6777832495561994,0.07560057718135693
focal,0.6776874179692541,0.07551688215920799
focal,0.6775865706857793,0.07542906629619106
focal,0.6774806830278185,0.07533713381432977
focal,0.6773697304206303,0.0752410891950992
focal,0.6772536883950631,0.0751409371812537
focal,0.6771325325899461,0.07503668277865816
focal,0.6770062387545001,0.07492833125812082
focal,0.6768747827507637,0.07481588815722956
focal,0.6767381405560378,0.07469935928218846
focal,0.6765962882653478,0.07457875070966036
focal,0.6764492020939225,0.074454068788607
focal,0.6762968583796939,0.074325320142137
focal,0.6761392335858112,0.07419251166935104
focal,0.6759763043031778,0.07405565054719543
focal,0.675808047253001,0.0739147442323122
focal,0.6756344392893667,0.07376980046289688
focal,0.6754554574018284,0.07362082726055613
focal,0.6752710787180165,0.07346783293216919
focal,0.6750812805062687,0.07331082607175221
focal,0.674886040178277,0.07314981556232558
focal,0.6746853352917568,0.07298481057778378
focal,0.674479143553135,0.07281582058476899
focal,0.6742674428202583,0.07264285534454851
focal,0.6740502111051225,0.07246592491489329
focal,0.673827426576623,0.07228503965196337
focal,0.6735990675633236,0.07210021021219326
focal,0.673365112556252,0.07191144755418422
focal,0.6731255402117108,0.07171876294059848
focal,0.6728803293541165,0.0715221679400585
focal,0.6726294589788564,0.07132167442904974
focal,0.6723729082551703,0.07111729459382887
focal,0.6721106565290556,0.07090904093233519
focal,0.671842683326195,0.07069692625610813
focal,0.6715689683549089,0.0704809636922088
focal,0.6712894915091316,0.07026116668514709
focal,0.6710042328714138,0.07003754899881492
focal,0.6707131727159482,0.06981012471842368
focal,0.6704162915116235,0.06957890825244878
focal,0.6701135699251026,0.06934391433457987
focal,0.6698049888239292,0.06910515802567835
focal,0.6694905292796617,0.0688626547157401
focal,0.6691701725710342,0.06861642012586683
focal,0.668843900187148,0.06836647031024423
focal,0.6685116938306909,0.06811282165812726
focal,0.668173535421188,0.06785549089583576
focal,0.6678294070982818,0.06759449508875498
focal,0.6674792912250443,0.06732985164334826
focal,0.6671231703913246,0.0670615783091782
focal,0.6667610274171228,0.06678969318093553
focal,0.6663928453560048,0.06651421470048069
focal,0.6660186074985495,0.06623516165889587
focal,0.665638297375829,0.06595255319854587
focal,0.6652518987629312,0.06566640881515273
focal,0.6648593956825156,0.06537674835988261
focal,0.66446077240841,0.06508359204144404
focal,0.6640560134692468,0.0647869604282002
focal,0.663645103652142,0.06448687445029555
focal,0.6632280280064129,0.06418335540179604
focal,0.6628047718473441,0.06387642494284546
focal,0.6623753207599951,0.06356610510183724
focal,0.6619396606030551,0.06325241827760236
focal,0.6614977775127482,0.06293538724161679
focal,0.6610496579067824,0.06261503514022282
focal,0.6605952884883566,0.062291385496874796
focal,0.6601346562502148,0.06196446221439994
focal,0.6596677484787564,0.06163428957728234
focal,0.6591945527582034,0.061300892253967953
focal,0.6587150569748257,0.06096429529919223
focal,0.6582292493212244,0.06062452415633096
focal,0.6577371183006804,0.06028160465977561
focal,0.657238652731565,0.059935563037335216
focal,0.6567338417518171,0.059586425912663554
focal,0.6562226748234925,0.059234220307716245
focal,0.6557051417373798,0.05887897364523437
focal,0.6551812326176943,0.058520713751261166
focal,0.6546509379268479,0.05815946885768836
focal,0.6541142484702963,0.057795267604836886
focal,0.6535711554014729,0.0574281390440714
focal,0.6530216502268053,0.057058112640451186
focal,0.6524657248108223,0.056685218275418114
focal,0.6519033713813533,0.05630948624952464
focal,0.651334582534824,0.05593094728520159
focal,0.650759351241651,0.055549632529568904
focal,0.6501776708517418,0.0551655735572909
focal,0.6495895351001022,0.05477880237347793
focal,0.6489949381125559,0.054389351416635645
focal,0.6483938744115813,0.053997253561664904
focal,0.6477863389222697,0.0536025421229146
focal,0.6471723269784113,0.053205250857287945
focal,0.6465518343287123,0.05280541396740668
focal,0.6459248571431497,0.05240306610483442
focal,0.6452913920194701,0.051998242373361925
focal,0.6446514359898373,0.05159097833235621
focal,0.6440049865276364,0.05118131000017806
focal,0.6433520415544403,0.050769273857668495
focal,0.6426925994471464,0.05035490685170918
focal,0.6420266590452897,0.04993824639885858
focal,0.6413542196585419,0.04951933038906742
focal,0.6406752810744026,0.049098197189477444
focal,0.6399898435660942,0.04867488564830552
focal,0.6392979079006657,0.048249435098818905
focal,0.6385994753473191,0.047821885363403316
focal,0.6378945476859662,0.047392276757729834
focal,0.6371831272160245,0.046960650095022205
focal,0.6364652167654711,0.046527046690433116
focal,0.6357408197001548,0.04609150836552833
focal,0.6350099399333898,0.045654077452889685
focal,0.6342725819358377,0.04521479680083573
focal,0.6335287507456945,0.044773709778271886
focal,0.6327784519791954,0.04433086027966854
focal,0.6320216918414545,0.04388629273017852
focal,0.631258477137656,0.043440052090897796
focal,0.630488815284611,0.04299218386427406
focal,0.629712714322704,0.04254273409967296
focal,0.6289301829282429,0.0420917493991072
focal,0.6281412304262348,0.04163927692313418
focal,0.6273458668036122,0.04118536439693321
focal,0.6265441027229277,0.040730060116568434
focal,0.6257359495365458,0.040273412955443566
focal,0.6249214193013543,0.03981547237096261
focal,0.6241005247940267,0.03935628841140032
focal,0.6232732795268601,0.038895911722995447
focal,0.6224396977642217,0.03843439355727474
focal,0.62159979453964,0.037971785778621425
focal,0.6207535856735685,0.03750814087209514
focal,0.619901087791865,0.037043511951519725
focal,0.619042318345024,0.036577952767846755
focal,0.6181772956282039,0.03611151771781279
focal,0.6173060388020938,0.03564426185289954
focal,0.6164285679146682,0.03517624088861443
focal,0.6155449039238822,0.03470751121410687
focal,0.6146550687213561,0.03423812990213443
focal,0.6137590851571144,0.03376815471939798
focal,0.6128569770654368,0.03329764413726405
focal,0.6119487692918886,0.03282665734289131
focal,0.6110344877216023,0.03235525425078403
focal,0.6101141593088857,0.03188349551479322
focal,0.6091878121082364,0.0314114425405862
focal,0.6082554753068552,0.030939157498611924
focal,0.6073171792587452,0.030466703337585027
focal,0.6063729555205027,0.029994143798516643
focal,0.6054228368889062,0.029521543429321256
focal,0.6044668574404172,0.029048967600028203
focal,0.6035050525727249,0.028576482518632762
focal,0.6025374590484606,0.028104155247619445
focal,0.6015641150412357,0.02763205372119515
focal,0.600585060184155,0.027160246763270834
focal,0.5996003356209747,0.026688804106233838
focal,0.5986099840600932,0.026217796410554967
focal,0.5976140498315674,0.025747295285278415
focal,0.5966125789473714,0.02527737330944463
focal,0.5956056191651319,0.024808104054500957
focal,0.5945932200555903,0.02433956210775781
focal,0.5935754330740668,0.02387182309695321
focal,0.5925523116362263,0.023404963715991933
focal,0.5915239111984675,0.02293906175193039
focal,0.5904902893432942,0.022474196113286465
focal,0.5894515058700506,0.022010446859754618
focal,0.5884076228914425,0.021547895233415548
focal,0.5873587049363117,0.021086623691539158
focal,0.5863048190591582,0.020626715941080342
focal,0.5852460349569766,0.020168256974982757
focal,0.5841824250940036,0.019711333110409207
focal,0.5831140648350525,0.019256032029030867
focal,0.5820410325881661,0.01880244281951579
focal,0.5809634099574027,0.01835065602237121
focal,0.5798812819066476,0.01790076367730642
focal,0.5787947369354409,0.01745285937329663
focal,0.5777038672679217,0.017007038301547567
focal,0.5766087690560983,0.016563397311573497
focal,0.5755095425988023,0.016122034970626475
focal,0.5744062925778269,0.015683051626732197
focal,0.5732991283129264,0.015246549475615323
focal,0.5721881640375526,0.01481263263182267
focal,0.5710735191974213,0.01438140720438394
focal,0.5699553187742612,0.013952981377383517
focal,0.5688336936373861,0.013527465495854929
focal,0.5677087809260666,0.01310497215745357
focal,0.566580724466052,0.012685616310409181
focal,0.5654496752240454,0.012269515358317634
focal,0.5643157918044333,0.011856789272390561
focal,0.5631792409931585,0.011447560711851545
focal,0.5620401983543168,0.011041955153250321
focal,0.5608988488858392,0.01064010102955218
focal,0.5597553877415596,0.010242129879967421
focal,0.5586100210280517,0.009848176511603773
focal,0.5574629666858931,0.009458379174159093
focal,0.556314455466531,0.009072879749032509
focal,0.555164732017704,0.008691823954411426
focal,0.5540140560925003,0.008315361568104779
focal,0.552862703899674,0.007943646670140386
focal,0.5517109696158788,0.007576837907428774
focal,0.5505591670841393,0.007215098783137558
focal,0.5494076317273223,0.006858597973816938
focal,0.5482567227107624,0.006507509677789458
focal,0.5471068253947813,0.00616201399887617
focal,0.5459583541259633,0.005822297370203733
focal,0.5448117554260662,0.005488553023639653
focal,0.5436675116499314,0.005160981511375173
focal,0.54252614519939,0.00483979128735354
focal,0.5413882233998767,0.004525199357683418
focal,0.5402543641715337,0.004217432010947653
focal,0.5391252426586873,0.003916725641509772
focal,0.5380015990230611,0.0036233276816559357
focal,0.536884247660178,0.0033374976618470997
focal,0.5357740881696021,0.0030595084227109104
focal,0.5346721185044225,0.0027896475079783045
focal,0.5335794508528895,0.002528218774767166
focal,0.5324973309788494,0.0022755442670167325
focal,0.5314271619875387,0.002031966410291186
focal,0.5303705338195215,0.0017978506027832852
focal,0.5293292602543236,0.0015735882998756806
focal,0.5283054258993285,0.0013596007206518046
focal,0.5273014466653634,0.0011563433482089935
focal,0.5263201487803459,0.0009643114576744355
focal,0.5253648737920713,0.0007840469962622221
focal,0.5244396208307158,0.0006161472747266139
focal,0.5235492436751742,0.00046127613663986267
focal,0.5226997308510556,0.00032017859952733485
focal,0.5218986159634151,0.0001937004991946073
focal,0.5211556008806353,8.281558794585864e-05
focal,0.5204835445183694,-1.133580780462995e-05
focal,0.5199001193160507,-8.738929692585218e-05
focal,0.5194307858540391,-0.0001436662749181028
focal,0.519114650897321,-0.0001780223248794635
focal,0.5190176003041193,-0.0001875662393672206
focal,0.5192682155296444,-0.00016805710975168614
focal,0.5201987752168243,-0.0001122343847532771
focal,0.5253125,0.0
